[2026-04-17T13:54:28.997Z] {"timestamp":1776434066885,"level":"DEBUG","args":["[Manus] Debug collector initialized (no rrweb, UI events only)"],"stack":null}
[2026-04-17T13:54:28.997Z] {"timestamp":1776434067609,"level":"DEBUG","args":["[vite] connected."],"stack":null}
[2026-04-17T13:54:35.911Z] {"timestamp":1776434073823,"level":"DEBUG","args":["[Manus] Debug collector initialized (no rrweb, UI events only)"],"stack":null}
[2026-04-17T13:54:35.911Z] {"timestamp":1776434074542,"level":"DEBUG","args":["[vite] connected."],"stack":null}
[2026-04-17T14:01:26.823Z] {"timestamp":1776434484737,"level":"DEBUG","args":["[Manus] Debug collector initialized (no rrweb, UI events only)"],"stack":null}
[2026-04-17T14:01:32.842Z] {"timestamp":1776434490722,"level":"DEBUG","args":["[Manus] Debug collector initialized (no rrweb, UI events only)"],"stack":null}
[2026-04-17T14:01:32.842Z] {"timestamp":1776434491417,"level":"DEBUG","args":["[vite] connected."],"stack":null}
[2026-04-19T01:18:52.259Z] {"timestamp":1776561529929,"level":"DEBUG","args":["[Manus] Debug collector initialized (no rrweb, UI events only)"],"stack":null}
[2026-04-19T01:18:52.259Z] {"timestamp":1776561530795,"level":"DEBUG","args":["[vite] connected."],"stack":null}
[2026-04-19T01:19:04.075Z] {"timestamp":1776561541656,"level":"DEBUG","args":["[Manus] Debug collector initialized (no rrweb, UI events only)"],"stack":null}
[2026-04-19T01:19:04.075Z] {"timestamp":1776561542431,"level":"DEBUG","args":["[vite] connected."],"stack":null}
[2026-04-19T01:19:24.580Z] {"timestamp":1776561561884,"level":"DEBUG","args":["[Manus] Debug collector initialized (no rrweb, UI events only)"],"stack":null}
[2026-04-19T01:19:24.580Z] {"timestamp":1776561562642,"level":"DEBUG","args":["[vite] connected."],"stack":null}
[2026-04-19T01:19:27.595Z] {"timestamp":1776561565119,"level":"DEBUG","args":["[Manus] Debug collector initialized (no rrweb, UI events only)"],"stack":null}
[2026-04-19T01:19:27.595Z] {"timestamp":1776561565859,"level":"DEBUG","args":["[vite] connected."],"stack":null}
[2026-04-19T01:20:01.584Z] {"timestamp":1776561598722,"level":"DEBUG","args":["[Manus] Debug collector initialized (no rrweb, UI events only)"],"stack":null}
[2026-04-19T01:20:01.584Z] {"timestamp":1776561599443,"level":"DEBUG","args":["[vite] connected."],"stack":null}
[2026-04-19T01:20:21.479Z] {"timestamp":1776561617792,"level":"DEBUG","args":["[Manus] Debug collector initialized (no rrweb, UI events only)"],"stack":null}
[2026-04-19T01:20:21.479Z] {"timestamp":1776561618845,"level":"DEBUG","args":["[vite] connected."],"stack":null}
[2026-04-19T01:20:28.574Z] {"timestamp":1776561625481,"level":"DEBUG","args":["[Manus] Debug collector initialized (no rrweb, UI events only)"],"stack":null}
[2026-04-19T01:20:28.574Z] {"timestamp":1776561626270,"level":"DEBUG","args":["[vite] connected."],"stack":null}
[2026-04-19T01:20:56.599Z] {"timestamp":1776561654041,"level":"DEBUG","args":["[Manus] Debug collector initialized (no rrweb, UI events only)"],"stack":null}
[2026-04-19T01:20:56.599Z] {"timestamp":1776561654818,"level":"DEBUG","args":["[vite] connected."],"stack":null}
[2026-04-19T01:21:00.656Z] {"timestamp":1776561657243,"level":"DEBUG","args":["[Manus] Debug collector initialized (no rrweb, UI events only)"],"stack":null}
[2026-04-19T01:21:00.656Z] {"timestamp":1776561657974,"level":"DEBUG","args":["[vite] connected."],"stack":null}
[2026-04-19T01:21:27.674Z] {"timestamp":1776561684269,"level":"DEBUG","args":["[Manus] Debug collector initialized (no rrweb, UI events only)"],"stack":null}
[2026-04-19T01:21:27.674Z] {"timestamp":1776561685325,"level":"DEBUG","args":["[vite] connected."],"stack":null}
[2026-04-19T01:21:32.620Z] {"timestamp":1776561689419,"level":"DEBUG","args":["[Manus] Debug collector initialized (no rrweb, UI events only)"],"stack":null}
[2026-04-19T01:21:32.620Z] {"timestamp":1776561690185,"level":"DEBUG","args":["[vite] connected."],"stack":null}
[2026-04-19T01:21:38.389Z] {"timestamp":1776561696174,"level":"DEBUG","args":["[Manus] Debug collector initialized (no rrweb, UI events only)"],"stack":null}
[2026-04-19T01:21:38.389Z] {"timestamp":1776561696197,"level":"DEBUG","args":["[vite] connected."],"stack":null}
[2026-04-19T01:21:38.389Z] {"timestamp":1776561696443,"level":"INFO","args":["%cDownload the React DevTools for a better development experience: https://react.dev/link/react-devtools","font-weight:bold"],"stack":null}
[2026-04-19T01:22:56.867Z] {"timestamp":1776561774572,"level":"DEBUG","args":["[Manus] Debug collector initialized (no rrweb, UI events only)"],"stack":null}
[2026-04-19T01:22:56.867Z] {"timestamp":1776561775300,"level":"DEBUG","args":["[vite] connected."],"stack":null}
[2026-04-19T01:23:00.806Z] {"timestamp":1776561778059,"level":"DEBUG","args":["[Manus] Debug collector initialized (no rrweb, UI events only)"],"stack":null}
[2026-04-19T01:23:00.806Z] {"timestamp":1776561778782,"level":"DEBUG","args":["[vite] connected."],"stack":null}
[2026-04-19T01:23:21.553Z] {"timestamp":1776561798728,"level":"DEBUG","args":["[Manus] Debug collector initialized (no rrweb, UI events only)"],"stack":null}
[2026-04-19T01:23:21.553Z] {"timestamp":1776561799565,"level":"DEBUG","args":["[vite] connected."],"stack":null}
[2026-04-19T01:23:34.547Z] {"timestamp":1776561811835,"level":"DEBUG","args":["[Manus] Debug collector initialized (no rrweb, UI events only)"],"stack":null}
[2026-04-19T01:23:34.547Z] {"timestamp":1776561812928,"level":"DEBUG","args":["[vite] connected."],"stack":null}
[2026-04-19T01:23:58.650Z] {"timestamp":1776561835794,"level":"DEBUG","args":["[Manus] Debug collector initialized (no rrweb, UI events only)"],"stack":null}
[2026-04-19T01:23:58.650Z] {"timestamp":1776561836576,"level":"DEBUG","args":["[vite] connected."],"stack":null}
[2026-04-19T01:24:15.554Z] {"timestamp":1776561852517,"level":"DEBUG","args":["[Manus] Debug collector initialized (no rrweb, UI events only)"],"stack":null}
[2026-04-19T01:24:15.554Z] {"timestamp":1776561853290,"level":"DEBUG","args":["[vite] connected."],"stack":null}
[2026-04-19T01:24:29.545Z] {"timestamp":1776561866884,"level":"DEBUG","args":["[Manus] Debug collector initialized (no rrweb, UI events only)"],"stack":null}
[2026-04-19T01:24:29.545Z] {"timestamp":1776561867884,"level":"DEBUG","args":["[vite] connected."],"stack":null}
[2026-04-19T01:24:42.558Z] {"timestamp":1776561879771,"level":"DEBUG","args":["[Manus] Debug collector initialized (no rrweb, UI events only)"],"stack":null}
[2026-04-19T01:24:42.558Z] {"timestamp":1776561880519,"level":"DEBUG","args":["[vite] connected."],"stack":null}
[2026-04-19T01:24:52.564Z] {"timestamp":1776561889562,"level":"DEBUG","args":["[Manus] Debug collector initialized (no rrweb, UI events only)"],"stack":null}
[2026-04-19T01:24:52.564Z] {"timestamp":1776561890343,"level":"DEBUG","args":["[vite] connected."],"stack":null}
[2026-04-19T01:25:08.548Z] {"timestamp":1776561905773,"level":"DEBUG","args":["[Manus] Debug collector initialized (no rrweb, UI events only)"],"stack":null}
[2026-04-19T01:25:08.548Z] {"timestamp":1776561906508,"level":"DEBUG","args":["[vite] connected."],"stack":null}
[2026-04-19T01:25:36.558Z] {"timestamp":1776561933379,"level":"DEBUG","args":["[Manus] Debug collector initialized (no rrweb, UI events only)"],"stack":null}
[2026-04-19T01:25:36.558Z] {"timestamp":1776561934228,"level":"DEBUG","args":["[vite] connected."],"stack":null}
[2026-04-19T01:26:41.539Z] {"timestamp":1776561998629,"level":"DEBUG","args":["[Manus] Debug collector initialized (no rrweb, UI events only)"],"stack":null}
[2026-04-19T01:26:41.539Z] {"timestamp":1776561999366,"level":"DEBUG","args":["[vite] connected."],"stack":null}
[2026-04-19T01:27:05.541Z] {"timestamp":1776562022965,"level":"DEBUG","args":["[Manus] Debug collector initialized (no rrweb, UI events only)"],"stack":null}
[2026-04-19T01:27:05.541Z] {"timestamp":1776562023730,"level":"DEBUG","args":["[vite] connected."],"stack":null}
[2026-04-19T01:27:14.556Z] {"timestamp":1776562032547,"level":"DEBUG","args":["[Manus] Debug collector initialized (no rrweb, UI events only)"],"stack":null}
[2026-04-19T01:27:14.556Z] {"timestamp":1776562032553,"level":"DEBUG","args":["[vite] connected."],"stack":null}
[2026-04-19T01:27:14.556Z] {"timestamp":1776562032773,"level":"INFO","args":["%cDownload the React DevTools for a better development experience: https://react.dev/link/react-devtools","font-weight:bold"],"stack":null}
[2026-04-19T01:27:15.551Z] {"timestamp":1776562032296,"level":"DEBUG","args":["[Manus] Debug collector initialized (no rrweb, UI events only)"],"stack":null}
[2026-04-19T01:27:15.551Z] {"timestamp":1776562033009,"level":"DEBUG","args":["[vite] connected."],"stack":null}
[2026-04-19T01:54:03.265Z] {"timestamp":1776563640929,"level":"DEBUG","args":["[Manus] Debug collector initialized (no rrweb, UI events only)"],"stack":null}
[2026-04-19T01:54:03.265Z] {"timestamp":1776563641692,"level":"DEBUG","args":["[vite] connected."],"stack":null}
[2026-04-19T01:54:10.444Z] {"timestamp":1776563648065,"level":"DEBUG","args":["[Manus] Debug collector initialized (no rrweb, UI events only)"],"stack":null}
[2026-04-19T01:54:10.444Z] {"timestamp":1776563648791,"level":"DEBUG","args":["[vite] connected."],"stack":null}
[2026-04-19T12:51:30.248Z] {"timestamp":1776603088099,"level":"DEBUG","args":["[Manus] Debug collector initialized (no rrweb, UI events only)"],"stack":null}
[2026-04-19T12:51:30.248Z] {"timestamp":1776603088116,"level":"DEBUG","args":["[vite] connected."],"stack":null}
[2026-04-19T12:51:30.248Z] {"timestamp":1776603089863,"level":"INFO","args":["%cDownload the React DevTools for a better development experience: https://react.dev/link/react-devtools","font-weight:bold"],"stack":null}
[2026-04-19T12:55:28.665Z] {"timestamp":1776603326655,"level":"DEBUG","args":["[Manus] Debug collector initialized (no rrweb, UI events only)"],"stack":null}
[2026-04-19T12:55:28.665Z] {"timestamp":1776603326665,"level":"DEBUG","args":["[vite] connected."],"stack":null}
[2026-04-19T12:55:28.665Z] {"timestamp":1776603326940,"level":"INFO","args":["%cDownload the React DevTools for a better development experience: https://react.dev/link/react-devtools","font-weight:bold"],"stack":null}
[2026-04-19T13:31:18.640Z] {"timestamp":1776605476433,"level":"DEBUG","args":["[Manus] Debug collector initialized (no rrweb, UI events only)"],"stack":null}
[2026-04-19T13:31:18.640Z] {"timestamp":1776605477177,"level":"DEBUG","args":["[vite] connected."],"stack":null}
[2026-04-19T13:31:24.444Z] {"timestamp":1776605482199,"level":"DEBUG","args":["[Manus] Debug collector initialized (no rrweb, UI events only)"],"stack":null}
[2026-04-19T13:31:24.444Z] {"timestamp":1776605482953,"level":"DEBUG","args":["[vite] connected."],"stack":null}
[2026-04-19T13:33:23.224Z] {"timestamp":1776605600493,"level":"DEBUG","args":["[Manus] Debug collector initialized (no rrweb, UI events only)"],"stack":null}
[2026-04-19T13:33:23.224Z] {"timestamp":1776605601213,"level":"DEBUG","args":["[vite] connected."],"stack":null}
[2026-04-19T13:34:11.212Z] {"timestamp":1776605648155,"level":"DEBUG","args":["[Manus] Debug collector initialized (no rrweb, UI events only)"],"stack":null}
[2026-04-19T13:34:11.212Z] {"timestamp":1776605648396,"level":"DEBUG","args":["[vite] connected."],"stack":null}
[2026-04-19T13:35:11.197Z] {"timestamp":1776605708586,"level":"DEBUG","args":["[Manus] Debug collector initialized (no rrweb, UI events only)"],"stack":null}
[2026-04-19T13:35:11.197Z] {"timestamp":1776605709459,"level":"DEBUG","args":["[vite] connected."],"stack":null}
[2026-04-19T13:35:18.866Z] {"timestamp":1776605716856,"level":"DEBUG","args":["[Manus] Debug collector initialized (no rrweb, UI events only)"],"stack":null}
[2026-04-19T13:35:18.866Z] {"timestamp":1776605716880,"level":"DEBUG","args":["[vite] connected."],"stack":null}
[2026-04-19T13:35:18.866Z] {"timestamp":1776605717102,"level":"INFO","args":["%cDownload the React DevTools for a better development experience: https://react.dev/link/react-devtools","font-weight:bold"],"stack":null}
[2026-04-19T13:39:17.170Z] {"timestamp":1776605954114,"level":"DEBUG","args":["[Manus] Debug collector initialized (no rrweb, UI events only)"],"stack":null}
[2026-04-19T13:39:17.170Z] {"timestamp":1776605954802,"level":"DEBUG","args":["[vite] connected."],"stack":null}
[2026-04-19T13:43:21.179Z] {"timestamp":1776606198129,"level":"DEBUG","args":["[Manus] Debug collector initialized (no rrweb, UI events only)"],"stack":null}
[2026-04-19T13:43:21.179Z] {"timestamp":1776606198879,"level":"DEBUG","args":["[vite] connected."],"stack":null}
[2026-04-19T13:47:26.174Z] {"timestamp":1776606443226,"level":"DEBUG","args":["[Manus] Debug collector initialized (no rrweb, UI events only)"],"stack":null}
[2026-04-19T13:47:26.174Z] {"timestamp":1776606443932,"level":"DEBUG","args":["[vite] connected."],"stack":null}
[2026-04-19T13:47:49.595Z] {"timestamp":1776606467423,"level":"DEBUG","args":["[Manus] Debug collector initialized (no rrweb, UI events only)"],"stack":null}
[2026-04-19T13:47:49.595Z] {"timestamp":1776606468167,"level":"DEBUG","args":["[vite] connected."],"stack":null}
[2026-04-19T13:47:55.853Z] {"timestamp":1776606473600,"level":"DEBUG","args":["[Manus] Debug collector initialized (no rrweb, UI events only)"],"stack":null}
[2026-04-19T13:47:55.853Z] {"timestamp":1776606474354,"level":"DEBUG","args":["[vite] connected."],"stack":null}
[2026-04-20T03:55:02.296Z] {"timestamp":1776657299054,"level":"DEBUG","args":["[Manus] Debug collector initialized (no rrweb, UI events only)"],"stack":null}
[2026-04-20T03:55:02.296Z] {"timestamp":1776657299701,"level":"DEBUG","args":["[vite] connected."],"stack":null}
[2026-04-20T03:55:21.316Z] {"timestamp":1776657318211,"level":"DEBUG","args":["[Manus] Debug collector initialized (no rrweb, UI events only)"],"stack":null}
[2026-05-16T15:25:16.924Z] {"timestamp":1778945114715,"level":"DEBUG","args":["[Manus] Debug collector initialized (no rrweb, UI events only)"],"stack":null}
[2026-05-16T15:25:16.924Z] {"timestamp":1778945115384,"level":"DEBUG","args":["[vite] connected."],"stack":null}
[2026-05-16T15:25:31.914Z] {"timestamp":1778945129585,"level":"DEBUG","args":["[Manus] Debug collector initialized (no rrweb, UI events only)"],"stack":null}
[2026-05-16T15:25:31.914Z] {"timestamp":1778945130216,"level":"DEBUG","args":["[vite] connected."],"stack":null}
[2026-05-16T15:25:40.938Z] {"timestamp":1778945138757,"level":"DEBUG","args":["[Manus] Debug collector initialized (no rrweb, UI events only)"],"stack":null}
[2026-05-16T15:25:40.938Z] {"timestamp":1778945139379,"level":"DEBUG","args":["[vite] connected."],"stack":null}
[2026-05-16T15:30:33.002Z] {"timestamp":1778945430821,"level":"DEBUG","args":["[Manus] Debug collector initialized (no rrweb, UI events only)"],"stack":null}
[2026-05-16T15:30:33.002Z] {"timestamp":1778945431587,"level":"DEBUG","args":["[vite] connected."],"stack":null}
[2026-05-31T01:48:52.598Z] {"timestamp":1780192131065,"level":"DEBUG","args":["[Manus] Debug collector initialized (no rrweb, UI events only)"],"stack":null}
[2026-05-31T01:48:52.598Z] {"timestamp":1780192131754,"level":"DEBUG","args":["[vite] connected."],"stack":null}
[2026-05-31T01:48:57.683Z] {"timestamp":1780192135756,"level":"DEBUG","args":["[Manus] Debug collector initialized (no rrweb, UI events only)"],"stack":null}
[2026-05-31T01:48:57.683Z] {"timestamp":1780192136415,"level":"DEBUG","args":["[vite] connected."],"stack":null}
[2026-05-31T01:55:01.186Z] {"timestamp":1780192498201,"level":"DEBUG","args":["[Manus] Debug collector initialized (no rrweb, UI events only)"],"stack":null}
[2026-05-31T01:55:01.186Z] {"timestamp":1780192498858,"level":"DEBUG","args":["[vite] connected."],"stack":null}
[2026-05-31T01:55:26.196Z] {"timestamp":1780192523003,"level":"DEBUG","args":["[Manus] Debug collector initialized (no rrweb, UI events only)"],"stack":null}
[2026-05-31T01:55:26.196Z] {"timestamp":1780192523706,"level":"DEBUG","args":["[vite] connected."],"stack":null}
[2026-05-31T01:59:06.824Z] {"timestamp":1780192744625,"level":"DEBUG","args":["[Manus] Debug collector initialized (no rrweb, UI events only)"],"stack":null}
[2026-05-31T01:59:06.824Z] {"timestamp":1780192745294,"level":"DEBUG","args":["[vite] connected."],"stack":null}
[2026-05-31T01:59:12.092Z] {"timestamp":1780192749899,"level":"DEBUG","args":["[Manus] Debug collector initialized (no rrweb, UI events only)"],"stack":null}
[2026-05-31T01:59:12.092Z] {"timestamp":1780192750568,"level":"DEBUG","args":["[vite] connected."],"stack":null}
[2026-05-31T01:59:58.178Z] {"timestamp":1780192795243,"level":"DEBUG","args":["[Manus] Debug collector initialized (no rrweb, UI events only)"],"stack":null}
[2026-05-31T01:59:58.178Z] {"timestamp":1780192795923,"level":"DEBUG","args":["[vite] connected."],"stack":null}
[2026-05-31T02:00:04.231Z] {"timestamp":1780192802316,"level":"DEBUG","args":["[vite]","hot updated: /src/pages/HostRecruitment.tsx"],"stack":null}
[2026-05-31T02:00:04.231Z] {"timestamp":1780192802317,"level":"DEBUG","args":["[vite]","hot updated: /src/index.css"],"stack":null}
[2026-05-31T02:00:11.178Z] {"timestamp":1780192808305,"level":"DEBUG","args":["[Manus] Debug collector initialized (no rrweb, UI events only)"],"stack":null}
[2026-05-31T02:00:11.178Z] {"timestamp":1780192808986,"level":"DEBUG","args":["[vite] connected."],"stack":null}
[2026-05-31T02:00:24.182Z] {"timestamp":1780192821474,"level":"DEBUG","args":["[Manus] Debug collector initialized (no rrweb, UI events only)"],"stack":null}
[2026-05-31T02:00:24.182Z] {"timestamp":1780192822156,"level":"DEBUG","args":["[vite] connected."],"stack":null}
[2026-05-31T02:01:03.198Z] {"timestamp":1780192861187,"level":"DEBUG","args":["[Manus] Debug collector initialized (no rrweb, UI events only)"],"stack":null}
[2026-05-31T02:01:03.198Z] {"timestamp":1780192861210,"level":"DEBUG","args":["[vite] connected."],"stack":null}
[2026-05-31T02:01:03.198Z] {"timestamp":1780192861366,"level":"INFO","args":["%cDownload the React DevTools for a better development experience: https://react.dev/link/react-devtools","font-weight:bold"],"stack":null}
[2026-05-31T02:01:32.122Z] {"timestamp":1780192889928,"level":"DEBUG","args":["[Manus] Debug collector initialized (no rrweb, UI events only)"],"stack":null}
[2026-05-31T02:01:32.122Z] {"timestamp":1780192891924,"level":"DEBUG","args":["[vite] connected."],"stack":null}
[2026-05-31T02:01:37.268Z] {"timestamp":1780192895077,"level":"DEBUG","args":["[Manus] Debug collector initialized (no rrweb, UI events only)"],"stack":null}
[2026-05-31T02:01:37.268Z] {"timestamp":1780192895759,"level":"DEBUG","args":["[vite] connected."],"stack":null}
[2026-05-31T02:15:23.174Z] {"timestamp":1780193720590,"level":"DEBUG","args":["[Manus] Debug collector initialized (no rrweb, UI events only)"],"stack":null}
[2026-05-31T02:15:23.174Z] {"timestamp":1780193721336,"level":"DEBUG","args":["[vite] connected."],"stack":null}
[2026-05-31T02:15:26.183Z] {"timestamp":1780193723974,"level":"DEBUG","args":["[Manus] Debug collector initialized (no rrweb, UI events only)"],"stack":null}
[2026-05-31T02:15:26.183Z] {"timestamp":1780193724776,"level":"DEBUG","args":["[vite] connected."],"stack":null}
[2026-05-31T02:15:41.229Z] {"timestamp":1780193738497,"level":"DEBUG","args":["[Manus] Debug collector initialized (no rrweb, UI events only)"],"stack":null}
[2026-05-31T02:15:41.229Z] {"timestamp":1780193739167,"level":"DEBUG","args":["[vite] connected."],"stack":null}
[2026-05-31T02:17:36.097Z] {"timestamp":1780193854085,"level":"DEBUG","args":["[Manus] Debug collector initialized (no rrweb, UI events only)"],"stack":null}
[2026-05-31T02:17:36.097Z] {"timestamp":1780193854353,"level":"DEBUG","args":["[vite] connected."],"stack":null}
[2026-05-31T02:17:36.097Z] {"timestamp":1780193855499,"level":"INFO","args":["%cDownload the React DevTools for a better development experience: https://react.dev/link/react-devtools","font-weight:bold"],"stack":null}
[2026-05-31T02:23:34.120Z] {"timestamp":1780194212107,"level":"DEBUG","args":["[Manus] Debug collector initialized (no rrweb, UI events only)"],"stack":null}
[2026-05-31T02:23:34.120Z] {"timestamp":1780194212129,"level":"DEBUG","args":["[vite] connected."],"stack":null}
[2026-05-31T02:23:34.120Z] {"timestamp":1780194213653,"level":"INFO","args":["%cDownload the React DevTools for a better development experience: https://react.dev/link/react-devtools","font-weight:bold"],"stack":null}
[2026-05-31T02:39:36.921Z] {"timestamp":1780195174775,"level":"DEBUG","args":["[Manus] Debug collector initialized (no rrweb, UI events only)"],"stack":null}
[2026-05-31T02:39:36.921Z] {"timestamp":1780195175456,"level":"DEBUG","args":["[vite] connected."],"stack":null}
[2026-05-31T02:39:42.811Z] {"timestamp":1780195180658,"level":"DEBUG","args":["[Manus] Debug collector initialized (no rrweb, UI events only)"],"stack":null}
[2026-05-31T02:39:42.811Z] {"timestamp":1780195181331,"level":"DEBUG","args":["[vite] connected."],"stack":null}
[2026-05-31T02:40:57.639Z] {"timestamp":1780195255922,"level":"DEBUG","args":["[vite]","hot updated: /src/pages/Home.tsx"],"stack":null}
[2026-05-31T02:40:57.639Z] {"timestamp":1780195255922,"level":"DEBUG","args":["[vite]","hot updated: /src/index.css"],"stack":null}
[2026-05-31T02:41:03.637Z] {"timestamp":1780195261248,"level":"DEBUG","args":["[Manus] Debug collector initialized (no rrweb, UI events only)"],"stack":null}
[2026-05-31T02:41:03.637Z] {"timestamp":1780195261918,"level":"DEBUG","args":["[vite] connected."],"stack":null}
[2026-05-31T02:41:19.747Z] {"timestamp":1780195277736,"level":"DEBUG","args":["[Manus] Debug collector initialized (no rrweb, UI events only)"],"stack":null}
[2026-05-31T02:41:19.748Z] {"timestamp":1780195277743,"level":"DEBUG","args":["[vite] connected."],"stack":null}
[2026-05-31T02:41:19.748Z] {"timestamp":1780195277886,"level":"INFO","args":["%cDownload the React DevTools for a better development experience: https://react.dev/link/react-devtools","font-weight:bold"],"stack":null}
[2026-05-31T02:45:15.241Z] {"timestamp":1780195513045,"level":"DEBUG","args":["[Manus] Debug collector initialized (no rrweb, UI events only)"],"stack":null}
[2026-05-31T02:45:15.241Z] {"timestamp":1780195513756,"level":"DEBUG","args":["[vite] connected."],"stack":null}
[2026-05-31T02:47:41.634Z] {"timestamp":1780195658803,"level":"DEBUG","args":["[Manus] Debug collector initialized (no rrweb, UI events only)"],"stack":null}
[2026-05-31T02:47:41.634Z] {"timestamp":1780195659460,"level":"DEBUG","args":["[vite] connected."],"stack":null}
[2026-05-31T02:47:49.635Z] {"timestamp":1780195668306,"level":"ERROR","args":["[vite]","Failed to reload /src/pages/Admin.tsx. This could be due to syntax errors or importing non-existent modules. (see errors above)"],"stack":"Error\n    at console.<computed> [as error] (https://3000-i7fre0uhovs44d3ru3bh9-43e284af.us2.manus.computer/__manus__/debug-collector.js:391:37)\n    at Object.error (https://3000-i7fre0uhovs44d3ru3bh9-43e284af.us2.manus.computer/@vite/client:809:26)\n    at HMRClient.warnFailedUpdate (https://3000-i7fre0uhovs44d3ru3bh9-43e284af.us2.manus.computer/@vite/client:181:15)\n    at HMRClient.fetchUpdate (https://3000-i7fre0uhovs44d3ru3bh9-43e284af.us2.manus.computer/@vite/client:212:10)\n    at async Promise.all (index 0)\n    at async HMRClient.queueUpdate (https://3000-i7fre0uhovs44d3ru3bh9-43e284af.us2.manus.computer/@vite/client:196:5)\n    at async Promise.all (index 0)\n    at async handleMessage (https://3000-i7fre0uhovs44d3ru3bh9-43e284af.us2.manus.computer/@vite/client:838:4)"}
[2026-05-31T02:47:49.635Z] {"timestamp":1780195668317,"level":"DEBUG","args":["[vite]","hot updated: /src/pages/Admin.tsx"],"stack":null}
[2026-05-31T02:47:49.635Z] {"timestamp":1780195668317,"level":"DEBUG","args":["[vite]","hot updated: /src/index.css"],"stack":null}
[2026-05-31T02:47:55.643Z] {"timestamp":1780195673313,"level":"DEBUG","args":["[Manus] Debug collector initialized (no rrweb, UI events only)"],"stack":null}
[2026-05-31T02:47:55.643Z] {"timestamp":1780195673996,"level":"DEBUG","args":["[vite] connected."],"stack":null}
[2026-05-31T02:48:26.980Z] {"timestamp":1780195704970,"level":"DEBUG","args":["[Manus] Debug collector initialized (no rrweb, UI events only)"],"stack":null}
[2026-05-31T02:48:26.980Z] {"timestamp":1780195704979,"level":"DEBUG","args":["[vite] connected."],"stack":null}
[2026-05-31T02:48:26.980Z] {"timestamp":1780195705146,"level":"INFO","args":["%cDownload the React DevTools for a better development experience: https://react.dev/link/react-devtools","font-weight:bold"],"stack":null}
[2026-06-07T13:33:49.132Z] {"timestamp":1780839226756,"level":"DEBUG","args":["[Manus] Debug collector initialized (no rrweb, UI events only)"],"stack":null}
[2026-06-07T13:33:49.132Z] {"timestamp":1780839227415,"level":"DEBUG","args":["[vite] connected."],"stack":null}
[2026-06-07T13:33:54.991Z] {"timestamp":1780839232877,"level":"DEBUG","args":["[Manus] Debug collector initialized (no rrweb, UI events only)"],"stack":null}
[2026-06-07T13:33:54.991Z] {"timestamp":1780839233580,"level":"DEBUG","args":["[vite] connected."],"stack":null}
[2026-06-15T00:23:53.738Z] {"timestamp":1781483031724,"level":"DEBUG","args":["[Manus] Debug collector initialized (no rrweb, UI events only)"],"stack":null}
[2026-06-15T00:23:53.738Z] {"timestamp":1781483031730,"level":"DEBUG","args":["[vite] connected."],"stack":null}
[2026-06-15T00:23:53.738Z] {"timestamp":1781483031949,"level":"INFO","args":["%cDownload the React DevTools for a better development experience: https://react.dev/link/react-devtools","font-weight:bold"],"stack":null}
[2026-06-15T00:31:34.089Z] {"timestamp":1781483492083,"level":"DEBUG","args":["[Manus] Debug collector initialized (no rrweb, UI events only)"],"stack":null}
[2026-06-15T00:31:34.089Z] {"timestamp":1781483492190,"level":"DEBUG","args":["[vite] connected."],"stack":null}
[2026-06-15T00:31:34.089Z] {"timestamp":1781483492361,"level":"INFO","args":["%cDownload the React DevTools for a better development experience: https://react.dev/link/react-devtools","font-weight:bold"],"stack":null}
[2026-06-15T00:55:22.348Z] {"timestamp":1781484920276,"level":"DEBUG","args":["[Manus] Debug collector initialized (no rrweb, UI events only)"],"stack":null}
[2026-06-15T00:55:22.348Z] {"timestamp":1781484920446,"level":"DEBUG","args":["[vite] connected."],"stack":null}
[2026-06-15T00:55:28.747Z] {"timestamp":1781484926741,"level":"DEBUG","args":["[Manus] Debug collector initialized (no rrweb, UI events only)"],"stack":null}
[2026-06-15T00:55:28.747Z] {"timestamp":1781484926873,"level":"DEBUG","args":["[vite] connected."],"stack":null}
[2026-06-15T00:55:28.747Z] {"timestamp":1781484927516,"level":"INFO","args":["%cDownload the React DevTools for a better development experience: https://react.dev/link/react-devtools","font-weight:bold"],"stack":null}
[2026-06-15T00:59:44.123Z] {"timestamp":1781485182117,"level":"DEBUG","args":["[Manus] Debug collector initialized (no rrweb, UI events only)"],"stack":null}
[2026-06-15T00:59:44.123Z] {"timestamp":1781485182127,"level":"DEBUG","args":["[vite] connected."],"stack":null}
[2026-06-15T00:59:44.123Z] {"timestamp":1781485182396,"level":"INFO","args":["%cDownload the React DevTools for a better development experience: https://react.dev/link/react-devtools","font-weight:bold"],"stack":null}
[2026-06-15T00:59:59.883Z] {"timestamp":1781485196893,"level":"DEBUG","args":["[Manus] Debug collector initialized (no rrweb, UI events only)"],"stack":null}
[2026-06-15T00:59:59.883Z] {"timestamp":1781485197653,"level":"DEBUG","args":["[vite] connected."],"stack":null}
[2026-06-15T01:00:35.006Z] {"timestamp":1781485232783,"level":"DEBUG","args":["[Manus] Debug collector initialized (no rrweb, UI events only)"],"stack":null}
[2026-06-15T01:00:35.006Z] {"timestamp":1781485233549,"level":"DEBUG","args":["[vite] connected."],"stack":null}
[2026-06-15T01:00:37.877Z] {"timestamp":1781485235660,"level":"DEBUG","args":["[Manus] Debug collector initialized (no rrweb, UI events only)"],"stack":null}
[2026-06-15T01:00:37.877Z] {"timestamp":1781485236436,"level":"DEBUG","args":["[vite] connected."],"stack":null}
[2026-06-15T01:20:04.886Z] {"timestamp":1781486402299,"level":"DEBUG","args":["[Manus] Debug collector initialized (no rrweb, UI events only)"],"stack":null}
[2026-06-15T01:20:04.886Z] {"timestamp":1781486403071,"level":"DEBUG","args":["[vite] connected."],"stack":null}
[2026-06-15T01:22:38.976Z] {"timestamp":1781486556697,"level":"DEBUG","args":["[Manus] Debug collector initialized (no rrweb, UI events only)"],"stack":null}
[2026-06-15T01:22:38.976Z] {"timestamp":1781486557502,"level":"DEBUG","args":["[vite] connected."],"stack":null}
[2026-06-15T01:22:57.898Z] {"timestamp":1781486575421,"level":"DEBUG","args":["[Manus] Debug collector initialized (no rrweb, UI events only)"],"stack":null}
[2026-06-15T01:22:57.898Z] {"timestamp":1781486576222,"level":"DEBUG","args":["[vite] connected."],"stack":null}
[2026-06-15T01:23:48.912Z] {"timestamp":1781486625778,"level":"DEBUG","args":["[Manus] Debug collector initialized (no rrweb, UI events only)"],"stack":null}
[2026-06-15T01:23:48.912Z] {"timestamp":1781486626574,"level":"DEBUG","args":["[vite] connected."],"stack":null}
[2026-06-15T01:24:46.902Z] {"timestamp":1781486684728,"level":"LOG","args":["[vite] server connection lost. Polling for restart..."],"stack":null}
[2026-06-15T01:24:54.897Z] {"timestamp":1781486692450,"level":"DEBUG","args":["[Manus] Debug collector initialized (no rrweb, UI events only)"],"stack":null}
[2026-06-15T01:24:54.898Z] {"timestamp":1781486693221,"level":"DEBUG","args":["[vite] connected."],"stack":null}
[2026-06-15T01:28:16.945Z] {"timestamp":1781486894136,"level":"DEBUG","args":["[Manus] Debug collector initialized (no rrweb, UI events only)"],"stack":null}
[2026-06-15T01:28:16.945Z] {"timestamp":1781486894390,"level":"DEBUG","args":["[vite] connected."],"stack":null}
[2026-06-15T01:29:58.882Z] {"timestamp":1781486998533,"level":"DEBUG","args":["[vite]","hot updated: /src/pages/mystic/MysticBazi.tsx"],"stack":null}
[2026-06-15T01:29:58.882Z] {"timestamp":1781486998533,"level":"DEBUG","args":["[vite]","hot updated: /src/index.css"],"stack":null}
[2026-06-15T01:30:05.899Z] {"timestamp":1781487003243,"level":"DEBUG","args":["[Manus] Debug collector initialized (no rrweb, UI events only)"],"stack":null}
[2026-06-15T01:30:05.899Z] {"timestamp":1781487004007,"level":"DEBUG","args":["[vite] connected."],"stack":null}
[2026-06-15T01:30:35.816Z] {"timestamp":1781487033810,"level":"DEBUG","args":["[Manus] Debug collector initialized (no rrweb, UI events only)"],"stack":null}
[2026-06-15T01:30:35.816Z] {"timestamp":1781487033821,"level":"DEBUG","args":["[vite] connected."],"stack":null}
[2026-06-15T01:30:35.816Z] {"timestamp":1781487034125,"level":"INFO","args":["%cDownload the React DevTools for a better development experience: https://react.dev/link/react-devtools","font-weight:bold"],"stack":null}
[2026-06-15T01:30:58.007Z] {"timestamp":1781487055753,"level":"DEBUG","args":["[Manus] Debug collector initialized (no rrweb, UI events only)"],"stack":null}
[2026-06-15T01:30:58.007Z] {"timestamp":1781487056564,"level":"DEBUG","args":["[vite] connected."],"stack":null}
[2026-06-15T01:37:46.892Z] {"timestamp":1781487466236,"level":"DEBUG","args":["[vite]","hot updated: /src/pages/mystic/MysticBazi.tsx"],"stack":null}
[2026-06-15T01:37:46.892Z] {"timestamp":1781487466236,"level":"DEBUG","args":["[vite]","hot updated: /src/index.css"],"stack":null}
[2026-06-15T01:37:50.893Z] {"timestamp":1781487468385,"level":"DEBUG","args":["[Manus] Debug collector initialized (no rrweb, UI events only)"],"stack":null}
[2026-06-15T01:37:50.893Z] {"timestamp":1781487469173,"level":"DEBUG","args":["[vite] connected."],"stack":null}
[2026-06-15T01:37:59.825Z] {"timestamp":1781487477820,"level":"DEBUG","args":["[Manus] Debug collector initialized (no rrweb, UI events only)"],"stack":null}
[2026-06-15T01:37:59.825Z] {"timestamp":1781487477826,"level":"DEBUG","args":["[vite] connected."],"stack":null}
[2026-06-15T01:37:59.825Z] {"timestamp":1781487478118,"level":"INFO","args":["%cDownload the React DevTools for a better development experience: https://react.dev/link/react-devtools","font-weight:bold"],"stack":null}
[2026-06-15T01:38:02.894Z] {"timestamp":1781487479825,"level":"DEBUG","args":["[Manus] Debug collector initialized (no rrweb, UI events only)"],"stack":null}
[2026-06-15T01:38:02.894Z] {"timestamp":1781487480609,"level":"DEBUG","args":["[vite] connected."],"stack":null}
[2026-06-15T01:45:56.700Z] {"timestamp":1781487954695,"level":"DEBUG","args":["[Manus] Debug collector initialized (no rrweb, UI events only)"],"stack":null}
[2026-06-15T01:45:56.700Z] {"timestamp":1781487954717,"level":"DEBUG","args":["[vite] connected."],"stack":null}
[2026-06-15T01:45:56.700Z] {"timestamp":1781487954995,"level":"INFO","args":["%cDownload the React DevTools for a better development experience: https://react.dev/link/react-devtools","font-weight:bold"],"stack":null}
[2026-06-15T04:22:09.918Z] {"timestamp":1781497327327,"level":"DEBUG","args":["[Manus] Debug collector initialized (no rrweb, UI events only)"],"stack":null}
[2026-06-15T04:22:09.918Z] {"timestamp":1781497328086,"level":"DEBUG","args":["[vite] connected."],"stack":null}
[2026-06-15T04:22:19.871Z] {"timestamp":1781497337510,"level":"DEBUG","args":["[Manus] Debug collector initialized (no rrweb, UI events only)"],"stack":null}
[2026-06-15T04:22:19.871Z] {"timestamp":1781497338747,"level":"DEBUG","args":["[vite] connected."],"stack":null}
[2026-06-15T04:22:24.892Z] {"timestamp":1781497341823,"level":"DEBUG","args":["[Manus] Debug collector initialized (no rrweb, UI events only)"],"stack":null}
[2026-06-15T04:22:24.892Z] {"timestamp":1781497342792,"level":"DEBUG","args":["[vite] connected."],"stack":null}
[2026-06-15T04:22:59.698Z] {"timestamp":1781497378514,"level":"LOG","args":["[vite] server connection lost. Polling for restart..."],"stack":null}
[2026-06-15T04:23:02.958Z] {"timestamp":1781497380748,"level":"DEBUG","args":["[Manus] Debug collector initialized (no rrweb, UI events only)"],"stack":null}
[2026-06-15T04:23:02.958Z] {"timestamp":1781497381491,"level":"DEBUG","args":["[vite] connected."],"stack":null}
[2026-06-15T04:23:08.964Z] {"timestamp":1781497386772,"level":"LOG","args":["[vite] server connection lost. Polling for restart..."],"stack":null}
[2026-06-15T04:23:13.229Z] {"timestamp":1781497391012,"level":"DEBUG","args":["[Manus] Debug collector initialized (no rrweb, UI events only)"],"stack":null}
[2026-06-15T04:23:13.229Z] {"timestamp":1781497391829,"level":"DEBUG","args":["[vite] connected."],"stack":null}
[2026-06-15T04:23:35.432Z] {"timestamp":1781497413427,"level":"DEBUG","args":["[Manus] Debug collector initialized (no rrweb, UI events only)"],"stack":null}
[2026-06-15T04:23:35.432Z] {"timestamp":1781497413436,"level":"DEBUG","args":["[vite] connected."],"stack":null}
[2026-06-15T04:23:35.432Z] {"timestamp":1781497413757,"level":"INFO","args":["%cDownload the React DevTools for a better development experience: https://react.dev/link/react-devtools","font-weight:bold"],"stack":null}
[2026-06-15T04:30:55.870Z] {"timestamp":1781497853597,"level":"DEBUG","args":["[Manus] Debug collector initialized (no rrweb, UI events only)"],"stack":null}
[2026-06-15T04:30:55.870Z] {"timestamp":1781497854314,"level":"DEBUG","args":["[vite] connected."],"stack":null}
[2026-06-15T04:39:56.904Z] {"timestamp":1781498394637,"level":"DEBUG","args":["[Manus] Debug collector initialized (no rrweb, UI events only)"],"stack":null}
[2026-06-15T04:39:56.904Z] {"timestamp":1781498395352,"level":"DEBUG","args":["[vite] connected."],"stack":null}
[2026-06-15T04:40:00.905Z] {"timestamp":1781498398406,"level":"DEBUG","args":["[Manus] Debug collector initialized (no rrweb, UI events only)"],"stack":null}
[2026-06-15T04:40:00.905Z] {"timestamp":1781498399152,"level":"DEBUG","args":["[vite] connected."],"stack":null}
[2026-06-15T04:41:25.680Z] {"timestamp":1781498482848,"level":"LOG","args":["[vite] server connection lost. Polling for restart..."],"stack":null}
[2026-06-15T04:41:36.908Z] {"timestamp":1781498493997,"level":"DEBUG","args":["[Manus] Debug collector initialized (no rrweb, UI events only)"],"stack":null}
[2026-06-15T04:41:36.908Z] {"timestamp":1781498494767,"level":"DEBUG","args":["[vite] connected."],"stack":null}
[2026-06-15T04:41:54.871Z] {"timestamp":1781498513396,"level":"DEBUG","args":["[vite]","hot updated: /src/pages/mystic/MysticMasters.tsx"],"stack":null}
[2026-06-15T04:41:54.871Z] {"timestamp":1781498513396,"level":"DEBUG","args":["[vite]","hot updated: /src/pages/mystic/MysticHome.tsx"],"stack":null}
[2026-06-15T04:41:54.871Z] {"timestamp":1781498513396,"level":"DEBUG","args":["[vite]","hot updated: /src/pages/mystic/MysticArticles.tsx"],"stack":null}
[2026-06-15T04:41:54.871Z] {"timestamp":1781498513396,"level":"DEBUG","args":["[vite]","hot updated: /src/pages/mystic/MysticMasterDetail.tsx"],"stack":null}
[2026-06-15T04:41:54.871Z] {"timestamp":1781498513396,"level":"DEBUG","args":["[vite]","hot updated: /src/pages/mystic/MysticAnalysis.tsx"],"stack":null}
[2026-06-15T04:41:54.871Z] {"timestamp":1781498513396,"level":"DEBUG","args":["[vite]","hot updated: /src/index.css"],"stack":null}
[2026-06-15T04:41:59.897Z] {"timestamp":1781498517126,"level":"DEBUG","args":["[Manus] Debug collector initialized (no rrweb, UI events only)"],"stack":null}
[2026-06-15T04:41:59.897Z] {"timestamp":1781498517886,"level":"DEBUG","args":["[vite] connected."],"stack":null}
[2026-06-15T04:42:06.892Z] {"timestamp":1781498524375,"level":"DEBUG","args":["[Manus] Debug collector initialized (no rrweb, UI events only)"],"stack":null}
[2026-06-15T04:42:06.892Z] {"timestamp":1781498525086,"level":"DEBUG","args":["[vite] connected."],"stack":null}
[2026-06-15T04:44:14.870Z] {"timestamp":1781498654318,"level":"DEBUG","args":["[vite]","hot updated: /src/pages/mystic/MysticAnalysis.tsx"],"stack":null}
[2026-06-15T04:44:14.870Z] {"timestamp":1781498654318,"level":"DEBUG","args":["[vite]","hot updated: /src/index.css"],"stack":null}
[2026-06-15T04:45:18.873Z] {"timestamp":1781498716635,"level":"DEBUG","args":["[Manus] Debug collector initialized (no rrweb, UI events only)"],"stack":null}
[2026-06-15T04:45:18.873Z] {"timestamp":1781498717346,"level":"DEBUG","args":["[vite] connected."],"stack":null}
[2026-06-15T04:45:33.871Z] {"timestamp":1781498731583,"level":"DEBUG","args":["[Manus] Debug collector initialized (no rrweb, UI events only)"],"stack":null}
[2026-06-15T04:45:33.871Z] {"timestamp":1781498732359,"level":"DEBUG","args":["[vite] connected."],"stack":null}
[2026-06-15T04:46:19.254Z] {"timestamp":1781498777248,"level":"DEBUG","args":["[Manus] Debug collector initialized (no rrweb, UI events only)"],"stack":null}
[2026-06-15T04:46:19.254Z] {"timestamp":1781498777256,"level":"DEBUG","args":["[vite] connected."],"stack":null}
[2026-06-15T04:46:19.254Z] {"timestamp":1781498777514,"level":"INFO","args":["%cDownload the React DevTools for a better development experience: https://react.dev/link/react-devtools","font-weight:bold"],"stack":null}
[2026-06-15T04:46:20.339Z] {"timestamp":1781498777430,"level":"DEBUG","args":["[Manus] Debug collector initialized (no rrweb, UI events only)"],"stack":null}
[2026-06-15T04:46:24.872Z] {"timestamp":1781498782527,"level":"DEBUG","args":["[Manus] Debug collector initialized (no rrweb, UI events only)"],"stack":null}
[2026-06-15T04:46:24.872Z] {"timestamp":1781498783116,"level":"DEBUG","args":["[vite] connected."],"stack":null}
[2026-06-15T04:51:08.761Z] {"timestamp":1781499067030,"level":"ERROR","args":["Each child in a list should have a unique \"key\" prop.%s%s See https://react.dev/link/warning-keys for more information.","\n\nCheck the render method of `MysticVideos`.",""],"stack":"Error\n    at console.<computed> [as error] (https://3000-i7fre0uhovs44d3ru3bh9-43e284af.us2.manus.computer/__manus__/debug-collector.js:391:37)\n    at https://3000-i7fre0uhovs44d3ru3bh9-43e284af.us2.manus.computer/@fs/home/ubuntu/6b_podcasts_hub/node_modules/.vite/deps/react-dom_client.js?v=4d1ee48a:18618:23\n    at runWithFiberInDEV (https://3000-i7fre0uhovs44d3ru3bh9-43e284af.us2.manus.computer/@fs/home/ubuntu/6b_podcasts_hub/node_modules/.vite/deps/react-dom_client.js?v=4d1ee48a:997:72)\n    at warnForMissingKey (https://3000-i7fre0uhovs44d3ru3bh9-43e284af.us2.manus.computer/@fs/home/ubuntu/6b_podcasts_hub/node_modules/.vite/deps/react-dom_client.js?v=4d1ee48a:18617:13)\n    at warnOnInvalidKey (https://3000-i7fre0uhovs44d3ru3bh9-43e284af.us2.manus.computer/@fs/home/ubuntu/6b_podcasts_hub/node_modules/.vite/deps/react-dom_client.js?v=4d1ee48a:4912:15)\n    at reconcileChildrenArray (https://3000-i7fre0uhovs44d3ru3bh9-43e284af.us2.manus.computer/@fs/home/ubuntu/6b_podcasts_hub/node_modules/.vite/deps/react-dom_client.js?v=4d1ee48a:4965:114)\n    at reconcileChildFibersImpl (https://3000-i7fre0uhovs44d3ru3bh9-43e284af.us2.manus.computer/@fs/home/ubuntu/6b_podcasts_hub/node_modules/.vite/deps/react-dom_client.js?v=4d1ee48a:5171:88)\n    at https://3000-i7fre0uhovs44d3ru3bh9-43e284af.us2.manus.computer/@fs/home/ubuntu/6b_podcasts_hub/node_modules/.vite/deps/react-dom_client.js?v=4d1ee48a:5237:35\n    at reconcileChildren (https://3000-i7fre0uhovs44d3ru3bh9-43e284af.us2.manus.computer/@fs/home/ubuntu/6b_podcasts_hub/node_modules/.vite/deps/react-dom_client.js?v=4d1ee48a:7182:53)\n    at beginWork (https://3000-i7fre0uhovs44d3ru3bh9-43e284af.us2.manus.computer/@fs/home/ubuntu/6b_podcasts_hub/node_modules/.vite/deps/react-dom_client.js?v=4d1ee48a:8701:104)"}
[2026-06-15T04:54:53.567Z] {"timestamp":1781499291417,"level":"DEBUG","args":["[Manus] Debug collector initialized (no rrweb, UI events only)"],"stack":null}
[2026-06-15T04:54:53.567Z] {"timestamp":1781499291996,"level":"DEBUG","args":["[vite] connected."],"stack":null}
[2026-06-15T04:54:56.870Z] {"timestamp":1781499294646,"level":"DEBUG","args":["[Manus] Debug collector initialized (no rrweb, UI events only)"],"stack":null}
[2026-06-15T04:54:56.870Z] {"timestamp":1781499295225,"level":"DEBUG","args":["[vite] connected."],"stack":null}
[2026-06-15T04:56:52.857Z] {"timestamp":1781499411972,"level":"DEBUG","args":["[vite]","hot updated: /src/pages/mystic/MysticAnalysis.tsx"],"stack":null}
[2026-06-15T04:56:52.857Z] {"timestamp":1781499411973,"level":"DEBUG","args":["[vite]","hot updated: /src/index.css"],"stack":null}
[2026-06-15T04:57:42.873Z] {"timestamp":1781499460051,"level":"DEBUG","args":["[Manus] Debug collector initialized (no rrweb, UI events only)"],"stack":null}
[2026-06-15T04:57:42.873Z] {"timestamp":1781499460633,"level":"DEBUG","args":["[vite] connected."],"stack":null}
[2026-06-15T04:57:58.449Z] {"timestamp":1781499476443,"level":"DEBUG","args":["[Manus] Debug collector initialized (no rrweb, UI events only)"],"stack":null}
[2026-06-15T04:57:58.449Z] {"timestamp":1781499476453,"level":"DEBUG","args":["[vite] connected."],"stack":null}
[2026-06-15T04:57:58.449Z] {"timestamp":1781499476741,"level":"INFO","args":["%cDownload the React DevTools for a better development experience: https://react.dev/link/react-devtools","font-weight:bold"],"stack":null}
[2026-06-15T05:11:49.867Z] {"timestamp":1781500306742,"level":"DEBUG","args":["[Manus] Debug collector initialized (no rrweb, UI events only)"],"stack":null}
[2026-06-15T05:11:49.867Z] {"timestamp":1781500307331,"level":"DEBUG","args":["[vite] connected."],"stack":null}
[2026-06-15T05:11:52.872Z] {"timestamp":1781500310622,"level":"DEBUG","args":["[Manus] Debug collector initialized (no rrweb, UI events only)"],"stack":null}
[2026-06-15T05:11:52.872Z] {"timestamp":1781500311203,"level":"DEBUG","args":["[vite] connected."],"stack":null}
[2026-06-15T05:12:29.868Z] {"timestamp":1781500347514,"level":"DEBUG","args":["[Manus] Debug collector initialized (no rrweb, UI events only)"],"stack":null}
[2026-06-15T05:12:29.868Z] {"timestamp":1781500348090,"level":"DEBUG","args":["[vite] connected."],"stack":null}
[2026-06-15T05:12:52.207Z] {"timestamp":1781500370202,"level":"DEBUG","args":["[Manus] Debug collector initialized (no rrweb, UI events only)"],"stack":null}
[2026-06-15T05:12:52.207Z] {"timestamp":1781500370209,"level":"DEBUG","args":["[vite] connected."],"stack":null}
[2026-06-15T05:12:52.207Z] {"timestamp":1781500370462,"level":"INFO","args":["%cDownload the React DevTools for a better development experience: https://react.dev/link/react-devtools","font-weight:bold"],"stack":null}
[2026-06-15T05:25:38.384Z] {"timestamp":1781501136249,"level":"DEBUG","args":["[Manus] Debug collector initialized (no rrweb, UI events only)"],"stack":null}
[2026-06-15T05:25:38.384Z] {"timestamp":1781501136828,"level":"DEBUG","args":["[vite] connected."],"stack":null}
[2026-06-15T05:25:50.857Z] {"timestamp":1781501148377,"level":"DEBUG","args":["[Manus] Debug collector initialized (no rrweb, UI events only)"],"stack":null}
[2026-06-15T05:25:50.857Z] {"timestamp":1781501148958,"level":"DEBUG","args":["[vite] connected."],"stack":null}
[2026-06-15T05:25:58.851Z] {"timestamp":1781501156558,"level":"DEBUG","args":["[Manus] Debug collector initialized (no rrweb, UI events only)"],"stack":null}
[2026-06-15T05:25:58.851Z] {"timestamp":1781501157140,"level":"DEBUG","args":["[vite] connected."],"stack":null}
[2026-06-15T05:26:06.855Z] {"timestamp":1781501164567,"level":"DEBUG","args":["[Manus] Debug collector initialized (no rrweb, UI events only)"],"stack":null}
[2026-06-15T05:26:06.856Z] {"timestamp":1781501165151,"level":"DEBUG","args":["[vite] connected."],"stack":null}
[2026-06-15T05:32:04.853Z] {"timestamp":1781501521961,"level":"DEBUG","args":["[Manus] Debug collector initialized (no rrweb, UI events only)"],"stack":null}
[2026-06-15T05:32:04.853Z] {"timestamp":1781501522544,"level":"DEBUG","args":["[vite] connected."],"stack":null}
[2026-06-15T05:37:03.852Z] {"timestamp":1781501821680,"level":"DEBUG","args":["[Manus] Debug collector initialized (no rrweb, UI events only)"],"stack":null}
[2026-06-15T05:37:03.852Z] {"timestamp":1781501822270,"level":"DEBUG","args":["[vite] connected."],"stack":null}
[2026-06-15T05:43:04.855Z] {"timestamp":1781502181834,"level":"DEBUG","args":["[Manus] Debug collector initialized (no rrweb, UI events only)"],"stack":null}
[2026-06-15T05:43:04.855Z] {"timestamp":1781502182419,"level":"DEBUG","args":["[vite] connected."],"stack":null}
[2026-06-15T05:48:03.852Z] {"timestamp":1781502481734,"level":"DEBUG","args":["[Manus] Debug collector initialized (no rrweb, UI events only)"],"stack":null}
[2026-06-15T05:48:03.852Z] {"timestamp":1781502482326,"level":"DEBUG","args":["[vite] connected."],"stack":null}
[2026-06-15T05:55:37.852Z] {"timestamp":1781502934994,"level":"DEBUG","args":["[Manus] Debug collector initialized (no rrweb, UI events only)"],"stack":null}
[2026-06-15T05:55:37.853Z] {"timestamp":1781502935582,"level":"DEBUG","args":["[vite] connected."],"stack":null}
[2026-06-15T05:58:22.873Z] {"timestamp":1781503099786,"level":"DEBUG","args":["[Manus] Debug collector initialized (no rrweb, UI events only)"],"stack":null}
[2026-06-15T05:58:22.873Z] {"timestamp":1781503100367,"level":"DEBUG","args":["[vite] connected."],"stack":null}
[2026-06-15T05:59:31.878Z] {"timestamp":1781503169168,"level":"DEBUG","args":["[Manus] Debug collector initialized (no rrweb, UI events only)"],"stack":null}
[2026-06-15T05:59:31.879Z] {"timestamp":1781503169749,"level":"DEBUG","args":["[vite] connected."],"stack":null}
[2026-06-15T06:00:00.869Z] {"timestamp":1781503198209,"level":"DEBUG","args":["[Manus] Debug collector initialized (no rrweb, UI events only)"],"stack":null}
[2026-06-15T06:00:00.869Z] {"timestamp":1781503198791,"level":"DEBUG","args":["[vite] connected."],"stack":null}
[2026-06-15T06:01:52.871Z] {"timestamp":1781503310658,"level":"DEBUG","args":["[Manus] Debug collector initialized (no rrweb, UI events only)"],"stack":null}
[2026-06-15T06:01:52.871Z] {"timestamp":1781503311241,"level":"DEBUG","args":["[vite] connected."],"stack":null}
[2026-06-15T06:01:56.868Z] {"timestamp":1781503313788,"level":"DEBUG","args":["[Manus] Debug collector initialized (no rrweb, UI events only)"],"stack":null}
[2026-06-15T06:01:56.868Z] {"timestamp":1781503314369,"level":"DEBUG","args":["[vite] connected."],"stack":null}
[2026-06-15T06:02:16.873Z] {"timestamp":1781503333813,"level":"DEBUG","args":["[Manus] Debug collector initialized (no rrweb, UI events only)"],"stack":null}
[2026-06-15T06:02:16.873Z] {"timestamp":1781503334395,"level":"DEBUG","args":["[vite] connected."],"stack":null}
[2026-06-15T06:04:57.870Z] {"timestamp":1781503495548,"level":"DEBUG","args":["[Manus] Debug collector initialized (no rrweb, UI events only)"],"stack":null}
[2026-06-15T06:04:57.870Z] {"timestamp":1781503496136,"level":"DEBUG","args":["[vite] connected."],"stack":null}
[2026-06-15T06:05:07.848Z] {"timestamp":1781503505794,"level":"DEBUG","args":["[vite]","hot updated: /src/pages/mystic/MysticAnalysis.tsx"],"stack":null}
[2026-06-15T06:05:07.848Z] {"timestamp":1781503505794,"level":"DEBUG","args":["[vite]","hot updated: /src/index.css"],"stack":null}
[2026-06-15T06:05:14.863Z] {"timestamp":1781503511862,"level":"DEBUG","args":["[Manus] Debug collector initialized (no rrweb, UI events only)"],"stack":null}
[2026-06-15T06:05:14.863Z] {"timestamp":1781503512446,"level":"DEBUG","args":["[vite] connected."],"stack":null}
[2026-06-15T06:05:50.855Z] {"timestamp":1781503548949,"level":"DEBUG","args":["[vite]","hot updated: /src/pages/mystic/MysticAnalysis.tsx"],"stack":null}
[2026-06-15T06:05:50.855Z] {"timestamp":1781503548949,"level":"DEBUG","args":["[vite]","hot updated: /src/index.css"],"stack":null}
[2026-06-15T06:05:54.848Z] {"timestamp":1781503552020,"level":"DEBUG","args":["[Manus] Debug collector initialized (no rrweb, UI events only)"],"stack":null}
[2026-06-15T06:05:54.848Z] {"timestamp":1781503552614,"level":"DEBUG","args":["[vite] connected."],"stack":null}
[2026-06-15T06:06:02.854Z] {"timestamp":1781503560580,"level":"DEBUG","args":["[Manus] Debug collector initialized (no rrweb, UI events only)"],"stack":null}
[2026-06-15T06:06:02.854Z] {"timestamp":1781503561169,"level":"DEBUG","args":["[vite] connected."],"stack":null}
[2026-06-15T06:06:32.847Z] {"timestamp":1781503589949,"level":"DEBUG","args":["[Manus] Debug collector initialized (no rrweb, UI events only)"],"stack":null}
[2026-06-15T06:06:32.847Z] {"timestamp":1781503590524,"level":"DEBUG","args":["[vite] connected."],"stack":null}
[2026-06-15T06:06:41.847Z] {"timestamp":1781503598829,"level":"DEBUG","args":["[Manus] Debug collector initialized (no rrweb, UI events only)"],"stack":null}
[2026-06-15T06:06:41.847Z] {"timestamp":1781503599414,"level":"DEBUG","args":["[vite] connected."],"stack":null}
[2026-06-15T06:06:49.854Z] {"timestamp":1781503607599,"level":"DEBUG","args":["[Manus] Debug collector initialized (no rrweb, UI events only)"],"stack":null}
[2026-06-15T06:06:49.854Z] {"timestamp":1781503608187,"level":"DEBUG","args":["[vite] connected."],"stack":null}
[2026-06-15T06:06:56.848Z] {"timestamp":1781503614275,"level":"DEBUG","args":["[Manus] Debug collector initialized (no rrweb, UI events only)"],"stack":null}
[2026-06-15T06:06:56.848Z] {"timestamp":1781503614860,"level":"DEBUG","args":["[vite] connected."],"stack":null}
[2026-06-15T06:07:05.848Z] {"timestamp":1781503623589,"level":"DEBUG","args":["[Manus] Debug collector initialized (no rrweb, UI events only)"],"stack":null}
[2026-06-15T06:07:05.848Z] {"timestamp":1781503624169,"level":"DEBUG","args":["[vite] connected."],"stack":null}
[2026-06-15T06:07:15.858Z] {"timestamp":1781503634145,"level":"DEBUG","args":["[vite]","hot updated: /src/pages/mystic/MysticAnalysis.tsx"],"stack":null}
[2026-06-15T06:07:15.858Z] {"timestamp":1781503634145,"level":"DEBUG","args":["[vite]","hot updated: /src/index.css"],"stack":null}
[2026-06-15T06:07:19.851Z] {"timestamp":1781503637337,"level":"DEBUG","args":["[Manus] Debug collector initialized (no rrweb, UI events only)"],"stack":null}
[2026-06-15T06:07:19.851Z] {"timestamp":1781503637919,"level":"DEBUG","args":["[vite] connected."],"stack":null}
[2026-06-15T06:07:27.851Z] {"timestamp":1781503645605,"level":"DEBUG","args":["[Manus] Debug collector initialized (no rrweb, UI events only)"],"stack":null}
[2026-06-15T06:07:27.851Z] {"timestamp":1781503646177,"level":"DEBUG","args":["[vite] connected."],"stack":null}
[2026-06-15T06:07:32.849Z] {"timestamp":1781503650325,"level":"DEBUG","args":["[Manus] Debug collector initialized (no rrweb, UI events only)"],"stack":null}
[2026-06-15T06:07:32.849Z] {"timestamp":1781503650907,"level":"DEBUG","args":["[vite] connected."],"stack":null}
[2026-06-15T06:07:40.848Z] {"timestamp":1781503658558,"level":"DEBUG","args":["[Manus] Debug collector initialized (no rrweb, UI events only)"],"stack":null}
[2026-06-15T06:07:40.848Z] {"timestamp":1781503658935,"level":"DEBUG","args":["[vite] connected."],"stack":null}
[2026-06-15T06:08:43.853Z] {"timestamp":1781503721524,"level":"DEBUG","args":["[Manus] Debug collector initialized (no rrweb, UI events only)"],"stack":null}
[2026-06-15T06:08:43.853Z] {"timestamp":1781503722109,"level":"DEBUG","args":["[vite] connected."],"stack":null}
[2026-06-15T06:08:52.852Z] {"timestamp":1781503730611,"level":"DEBUG","args":["[Manus] Debug collector initialized (no rrweb, UI events only)"],"stack":null}
[2026-06-15T06:08:52.852Z] {"timestamp":1781503731198,"level":"DEBUG","args":["[vite] connected."],"stack":null}
[2026-06-15T06:09:01.867Z] {"timestamp":1781503738798,"level":"DEBUG","args":["[Manus] Debug collector initialized (no rrweb, UI events only)"],"stack":null}
[2026-06-15T06:09:01.867Z] {"timestamp":1781503739380,"level":"DEBUG","args":["[vite] connected."],"stack":null}
[2026-06-15T06:09:11.855Z] {"timestamp":1781503749225,"level":"DEBUG","args":["[Manus] Debug collector initialized (no rrweb, UI events only)"],"stack":null}
[2026-06-15T06:09:11.855Z] {"timestamp":1781503749814,"level":"DEBUG","args":["[vite] connected."],"stack":null}
[2026-06-15T06:09:15.847Z] {"timestamp":1781503753586,"level":"DEBUG","args":["[Manus] Debug collector initialized (no rrweb, UI events only)"],"stack":null}
[2026-06-15T06:09:15.847Z] {"timestamp":1781503754165,"level":"DEBUG","args":["[vite] connected."],"stack":null}
[2026-06-15T06:09:37.094Z] {"timestamp":1781503775090,"level":"DEBUG","args":["[Manus] Debug collector initialized (no rrweb, UI events only)"],"stack":null}
[2026-06-15T06:09:37.094Z] {"timestamp":1781503775113,"level":"DEBUG","args":["[vite] connected."],"stack":null}
[2026-06-15T06:09:37.094Z] {"timestamp":1781503775344,"level":"INFO","args":["%cDownload the React DevTools for a better development experience: https://react.dev/link/react-devtools","font-weight:bold"],"stack":null}
[2026-06-15T06:16:04.854Z] {"timestamp":1781504161773,"level":"DEBUG","args":["[Manus] Debug collector initialized (no rrweb, UI events only)"],"stack":null}
[2026-06-15T06:16:04.854Z] {"timestamp":1781504162353,"level":"DEBUG","args":["[vite] connected."],"stack":null}
[2026-06-15T06:27:04.852Z] {"timestamp":1781504821962,"level":"DEBUG","args":["[Manus] Debug collector initialized (no rrweb, UI events only)"],"stack":null}
[2026-06-15T06:27:04.852Z] {"timestamp":1781504822549,"level":"DEBUG","args":["[vite] connected."],"stack":null}
[2026-06-15T06:32:16.844Z] {"timestamp":1781505135595,"level":"DEBUG","args":["[vite]","hot updated: /src/pages/mystic/MysticAnalysis.tsx"],"stack":null}
[2026-06-15T06:32:16.844Z] {"timestamp":1781505135595,"level":"DEBUG","args":["[vite]","hot updated: /src/index.css"],"stack":null}
[2026-06-15T06:32:22.865Z] {"timestamp":1781505140451,"level":"DEBUG","args":["[Manus] Debug collector initialized (no rrweb, UI events only)"],"stack":null}
[2026-06-15T06:32:22.865Z] {"timestamp":1781505141032,"level":"DEBUG","args":["[vite] connected."],"stack":null}
[2026-06-15T06:32:41.679Z] {"timestamp":1781505159675,"level":"DEBUG","args":["[Manus] Debug collector initialized (no rrweb, UI events only)"],"stack":null}
[2026-06-15T06:32:41.679Z] {"timestamp":1781505159683,"level":"DEBUG","args":["[vite] connected."],"stack":null}
[2026-06-15T06:32:41.679Z] {"timestamp":1781505159932,"level":"INFO","args":["%cDownload the React DevTools for a better development experience: https://react.dev/link/react-devtools","font-weight:bold"],"stack":null}
[2026-06-15T06:37:04.857Z] {"timestamp":1781505423946,"level":"DEBUG","args":["[vite]","hot updated: /src/pages/mystic/MysticAnalysis.tsx"],"stack":null}
[2026-06-15T06:37:04.857Z] {"timestamp":1781505423947,"level":"DEBUG","args":["[vite]","hot updated: /src/index.css"],"stack":null}
[2026-06-15T06:37:11.867Z] {"timestamp":1781505429030,"level":"DEBUG","args":["[Manus] Debug collector initialized (no rrweb, UI events only)"],"stack":null}
[2026-06-15T06:37:11.867Z] {"timestamp":1781505429611,"level":"DEBUG","args":["[vite] connected."],"stack":null}
[2026-06-15T06:37:18.045Z] {"timestamp":1781505436040,"level":"DEBUG","args":["[Manus] Debug collector initialized (no rrweb, UI events only)"],"stack":null}
[2026-06-15T06:37:18.045Z] {"timestamp":1781505436048,"level":"DEBUG","args":["[vite] connected."],"stack":null}
[2026-06-15T06:37:18.045Z] {"timestamp":1781505436312,"level":"INFO","args":["%cDownload the React DevTools for a better development experience: https://react.dev/link/react-devtools","font-weight:bold"],"stack":null}
[2026-06-15T06:47:04.846Z] {"timestamp":1781506021748,"level":"DEBUG","args":["[Manus] Debug collector initialized (no rrweb, UI events only)"],"stack":null}
[2026-06-15T06:47:04.846Z] {"timestamp":1781506022334,"level":"DEBUG","args":["[vite] connected."],"stack":null}
[2026-06-15T06:48:09.970Z] {"timestamp":1781506087965,"level":"DEBUG","args":["[Manus] Debug collector initialized (no rrweb, UI events only)"],"stack":null}
[2026-06-15T06:48:09.970Z] {"timestamp":1781506087973,"level":"DEBUG","args":["[vite] connected."],"stack":null}
[2026-06-15T06:48:09.970Z] {"timestamp":1781506088236,"level":"INFO","args":["%cDownload the React DevTools for a better development experience: https://react.dev/link/react-devtools","font-weight:bold"],"stack":null}
[2026-06-15T06:52:03.846Z] {"timestamp":1781506321698,"level":"DEBUG","args":["[Manus] Debug collector initialized (no rrweb, UI events only)"],"stack":null}
[2026-06-15T06:52:03.846Z] {"timestamp":1781506322290,"level":"DEBUG","args":["[vite] connected."],"stack":null}
[2026-06-15T06:57:04.849Z] {"timestamp":1781506621785,"level":"DEBUG","args":["[Manus] Debug collector initialized (no rrweb, UI events only)"],"stack":null}
[2026-06-15T06:57:04.849Z] {"timestamp":1781506622369,"level":"DEBUG","args":["[vite] connected."],"stack":null}
[2026-06-15T07:02:04.847Z] {"timestamp":1781506921788,"level":"DEBUG","args":["[Manus] Debug collector initialized (no rrweb, UI events only)"],"stack":null}
[2026-06-15T07:02:04.847Z] {"timestamp":1781506922369,"level":"DEBUG","args":["[vite] connected."],"stack":null}
[2026-06-15T07:08:04.846Z] {"timestamp":1781507281914,"level":"DEBUG","args":["[Manus] Debug collector initialized (no rrweb, UI events only)"],"stack":null}
[2026-06-15T07:08:04.846Z] {"timestamp":1781507282496,"level":"DEBUG","args":["[vite] connected."],"stack":null}
[2026-06-15T07:19:37.847Z] {"timestamp":1781507974844,"level":"DEBUG","args":["[Manus] Debug collector initialized (no rrweb, UI events only)"],"stack":null}
[2026-06-15T07:19:37.847Z] {"timestamp":1781507975429,"level":"DEBUG","args":["[vite] connected."],"stack":null}
[2026-06-15T07:23:39.868Z] {"timestamp":1781508217671,"level":"DEBUG","args":["[Manus] Debug collector initialized (no rrweb, UI events only)"],"stack":null}
[2026-06-15T07:23:39.868Z] {"timestamp":1781508218248,"level":"DEBUG","args":["[vite] connected."],"stack":null}
[2026-06-15T07:27:42.846Z] {"timestamp":1781508460703,"level":"DEBUG","args":["[Manus] Debug collector initialized (no rrweb, UI events only)"],"stack":null}
[2026-06-15T07:27:42.846Z] {"timestamp":1781508461286,"level":"DEBUG","args":["[vite] connected."],"stack":null}
[2026-06-15T07:31:45.856Z] {"timestamp":1781508703705,"level":"DEBUG","args":["[Manus] Debug collector initialized (no rrweb, UI events only)"],"stack":null}
[2026-06-15T07:31:45.856Z] {"timestamp":1781508704295,"level":"DEBUG","args":["[vite] connected."],"stack":null}
[2026-06-15T07:35:49.866Z] {"timestamp":1781508946853,"level":"DEBUG","args":["[Manus] Debug collector initialized (no rrweb, UI events only)"],"stack":null}
[2026-06-15T07:35:49.866Z] {"timestamp":1781508947434,"level":"DEBUG","args":["[vite] connected."],"stack":null}
[2026-06-15T07:39:52.846Z] {"timestamp":1781509189784,"level":"DEBUG","args":["[Manus] Debug collector initialized (no rrweb, UI events only)"],"stack":null}
[2026-06-15T07:39:52.846Z] {"timestamp":1781509190364,"level":"DEBUG","args":["[vite] connected."],"stack":null}
[2026-06-15T07:43:54.847Z] {"timestamp":1781509432690,"level":"DEBUG","args":["[Manus] Debug collector initialized (no rrweb, UI events only)"],"stack":null}
[2026-06-15T07:43:54.847Z] {"timestamp":1781509433272,"level":"DEBUG","args":["[vite] connected."],"stack":null}
[2026-06-15T07:47:57.842Z] {"timestamp":1781509675662,"level":"DEBUG","args":["[Manus] Debug collector initialized (no rrweb, UI events only)"],"stack":null}
[2026-06-15T07:47:57.842Z] {"timestamp":1781509676246,"level":"DEBUG","args":["[vite] connected."],"stack":null}
[2026-06-15T08:29:17.914Z] {"timestamp":1781512155752,"level":"DEBUG","args":["[Manus] Debug collector initialized (no rrweb, UI events only)"],"stack":null}
[2026-06-15T08:29:17.914Z] {"timestamp":1781512156336,"level":"DEBUG","args":["[vite] connected."],"stack":null}
[2026-06-15T08:30:42.841Z] {"timestamp":1781512242060,"level":"DEBUG","args":["[vite]","hot updated: /src/pages/mystic/MysticAnalysis.tsx"],"stack":null}
[2026-06-15T08:30:42.841Z] {"timestamp":1781512242061,"level":"DEBUG","args":["[vite]","hot updated: /src/index.css"],"stack":null}
[2026-06-15T08:30:49.858Z] {"timestamp":1781512246964,"level":"DEBUG","args":["[Manus] Debug collector initialized (no rrweb, UI events only)"],"stack":null}
[2026-06-15T08:30:49.858Z] {"timestamp":1781512247548,"level":"DEBUG","args":["[vite] connected."],"stack":null}
[2026-06-15T08:31:08.782Z] {"timestamp":1781512266777,"level":"DEBUG","args":["[Manus] Debug collector initialized (no rrweb, UI events only)"],"stack":null}
[2026-06-15T08:31:08.782Z] {"timestamp":1781512266786,"level":"DEBUG","args":["[vite] connected."],"stack":null}
[2026-06-15T08:31:08.782Z] {"timestamp":1781512267100,"level":"INFO","args":["%cDownload the React DevTools for a better development experience: https://react.dev/link/react-devtools","font-weight:bold"],"stack":null}
[2026-06-15T08:32:00.143Z] {"timestamp":1781512317981,"level":"DEBUG","args":["[Manus] Debug collector initialized (no rrweb, UI events only)"],"stack":null}
[2026-06-15T08:32:00.143Z] {"timestamp":1781512318566,"level":"DEBUG","args":["[vite] connected."],"stack":null}
[2026-06-15T08:37:08.151Z] {"timestamp":1781512626897,"level":"ERROR","args":["Each child in a list should have a unique \"key\" prop.%s%s See https://react.dev/link/warning-keys for more information.","\n\nCheck the render method of `MysticVideos`.",""],"stack":"Error\n    at console.<computed> [as error] (https://3000-i7fre0uhovs44d3ru3bh9-43e284af.us2.manus.computer/__manus__/debug-collector.js:391:37)\n    at https://3000-i7fre0uhovs44d3ru3bh9-43e284af.us2.manus.computer/@fs/home/ubuntu/6b_podcasts_hub/node_modules/.vite/deps/react-dom_client.js?v=88131483:18618:23\n    at runWithFiberInDEV (https://3000-i7fre0uhovs44d3ru3bh9-43e284af.us2.manus.computer/@fs/home/ubuntu/6b_podcasts_hub/node_modules/.vite/deps/react-dom_client.js?v=88131483:997:72)\n    at warnForMissingKey (https://3000-i7fre0uhovs44d3ru3bh9-43e284af.us2.manus.computer/@fs/home/ubuntu/6b_podcasts_hub/node_modules/.vite/deps/react-dom_client.js?v=88131483:18617:13)\n    at warnOnInvalidKey (https://3000-i7fre0uhovs44d3ru3bh9-43e284af.us2.manus.computer/@fs/home/ubuntu/6b_podcasts_hub/node_modules/.vite/deps/react-dom_client.js?v=88131483:4912:15)\n    at reconcileChildrenArray (https://3000-i7fre0uhovs44d3ru3bh9-43e284af.us2.manus.computer/@fs/home/ubuntu/6b_podcasts_hub/node_modules/.vite/deps/react-dom_client.js?v=88131483:4965:114)\n    at reconcileChildFibersImpl (https://3000-i7fre0uhovs44d3ru3bh9-43e284af.us2.manus.computer/@fs/home/ubuntu/6b_podcasts_hub/node_modules/.vite/deps/react-dom_client.js?v=88131483:5171:88)\n    at https://3000-i7fre0uhovs44d3ru3bh9-43e284af.us2.manus.computer/@fs/home/ubuntu/6b_podcasts_hub/node_modules/.vite/deps/react-dom_client.js?v=88131483:5237:35\n    at reconcileChildren (https://3000-i7fre0uhovs44d3ru3bh9-43e284af.us2.manus.computer/@fs/home/ubuntu/6b_podcasts_hub/node_modules/.vite/deps/react-dom_client.js?v=88131483:7182:53)\n    at beginWork (https://3000-i7fre0uhovs44d3ru3bh9-43e284af.us2.manus.computer/@fs/home/ubuntu/6b_podcasts_hub/node_modules/.vite/deps/react-dom_client.js?v=88131483:8701:104)"}
[2026-06-15T08:37:18.924Z] {"timestamp":1781512636765,"level":"DEBUG","args":["[Manus] Debug collector initialized (no rrweb, UI events only)"],"stack":null}
[2026-06-15T08:37:18.924Z] {"timestamp":1781512637345,"level":"DEBUG","args":["[vite] connected."],"stack":null}
[2026-06-15T08:43:13.863Z] {"timestamp":1781512991457,"level":"DEBUG","args":["[Manus] Debug collector initialized (no rrweb, UI events only)"],"stack":null}
[2026-06-15T08:43:13.863Z] {"timestamp":1781512992032,"level":"DEBUG","args":["[vite] connected."],"stack":null}
[2026-06-15T08:43:16.856Z] {"timestamp":1781512994351,"level":"DEBUG","args":["[Manus] Debug collector initialized (no rrweb, UI events only)"],"stack":null}
[2026-06-15T08:43:16.856Z] {"timestamp":1781512994927,"level":"DEBUG","args":["[vite] connected."],"stack":null}
[2026-06-15T08:43:29.240Z] {"timestamp":1781513007261,"level":"LOG","args":["[vite] server connection lost. Polling for restart..."],"stack":null}
[2026-06-15T08:43:39.862Z] {"timestamp":1781513017434,"level":"DEBUG","args":["[Manus] Debug collector initialized (no rrweb, UI events only)"],"stack":null}
[2026-06-15T08:43:39.862Z] {"timestamp":1781513018020,"level":"DEBUG","args":["[vite] connected."],"stack":null}
[2026-06-15T08:44:36.898Z] {"timestamp":1781513073960,"level":"DEBUG","args":["[Manus] Debug collector initialized (no rrweb, UI events only)"],"stack":null}
[2026-06-15T08:44:36.898Z] {"timestamp":1781513074548,"level":"DEBUG","args":["[vite] connected."],"stack":null}
[2026-06-15T08:44:52.861Z] {"timestamp":1781513089784,"level":"DEBUG","args":["[Manus] Debug collector initialized (no rrweb, UI events only)"],"stack":null}
[2026-06-15T08:44:52.861Z] {"timestamp":1781513090367,"level":"DEBUG","args":["[vite] connected."],"stack":null}
[2026-06-15T08:57:26.380Z] {"timestamp":1781513844178,"level":"DEBUG","args":["[Manus] Debug collector initialized (no rrweb, UI events only)"],"stack":null}
[2026-06-15T08:57:26.380Z] {"timestamp":1781513844192,"level":"DEBUG","args":["[vite] connected."],"stack":null}
[2026-06-15T08:57:28.183Z] {"timestamp":1781513846535,"level":"INFO","args":["%cDownload the React DevTools for a better development experience: https://react.dev/link/react-devtools","font-weight:bold"],"stack":null}
[2026-06-15T08:57:44.496Z] {"timestamp":1781513862304,"level":"DEBUG","args":["[Manus] Debug collector initialized (no rrweb, UI events only)"],"stack":null}
[2026-06-15T08:57:44.496Z] {"timestamp":1781513862890,"level":"DEBUG","args":["[vite] connected."],"stack":null}
[2026-06-15T08:57:49.949Z] {"timestamp":1781513867758,"level":"DEBUG","args":["[Manus] Debug collector initialized (no rrweb, UI events only)"],"stack":null}
[2026-06-15T08:57:49.949Z] {"timestamp":1781513868778,"level":"DEBUG","args":["[vite] connected."],"stack":null}
[2026-06-15T09:05:04.837Z] {"timestamp":1781514301721,"level":"DEBUG","args":["[Manus] Debug collector initialized (no rrweb, UI events only)"],"stack":null}
[2026-06-15T09:05:04.837Z] {"timestamp":1781514302295,"level":"DEBUG","args":["[vite] connected."],"stack":null}
[2026-06-15T10:42:18.305Z] {"timestamp":1781520136362,"level":"DEBUG","args":["[Manus] Debug collector initialized (no rrweb, UI events only)"],"stack":null}
[2026-06-15T10:42:18.305Z] {"timestamp":1781520136978,"level":"DEBUG","args":["[vite] connected."],"stack":null}
[2026-06-15T10:49:07.198Z] {"timestamp":1781520544539,"level":"DEBUG","args":["[Manus] Debug collector initialized (no rrweb, UI events only)"],"stack":null}
[2026-06-15T10:49:07.198Z] {"timestamp":1781520545163,"level":"DEBUG","args":["[vite] connected."],"stack":null}
[2026-06-15T10:55:07.185Z] {"timestamp":1781520904264,"level":"DEBUG","args":["[Manus] Debug collector initialized (no rrweb, UI events only)"],"stack":null}
[2026-06-15T10:55:07.185Z] {"timestamp":1781520904871,"level":"DEBUG","args":["[vite] connected."],"stack":null}
[2026-06-15T11:01:07.184Z] {"timestamp":1781521264230,"level":"DEBUG","args":["[Manus] Debug collector initialized (no rrweb, UI events only)"],"stack":null}
[2026-06-15T11:01:07.184Z] {"timestamp":1781521264851,"level":"DEBUG","args":["[vite] connected."],"stack":null}
[2026-06-15T11:06:07.176Z] {"timestamp":1781521564213,"level":"DEBUG","args":["[Manus] Debug collector initialized (no rrweb, UI events only)"],"stack":null}
[2026-06-15T11:06:07.176Z] {"timestamp":1781521564840,"level":"DEBUG","args":["[vite] connected."],"stack":null}
[2026-06-15T11:12:08.169Z] {"timestamp":1781521925180,"level":"DEBUG","args":["[Manus] Debug collector initialized (no rrweb, UI events only)"],"stack":null}
[2026-06-15T11:12:08.169Z] {"timestamp":1781521925802,"level":"DEBUG","args":["[vite] connected."],"stack":null}
[2026-06-15T11:14:51.164Z] {"timestamp":1781522088499,"level":"DEBUG","args":["[Manus] Debug collector initialized (no rrweb, UI events only)"],"stack":null}
[2026-06-15T11:14:51.164Z] {"timestamp":1781522089129,"level":"DEBUG","args":["[vite] connected."],"stack":null}
[2026-06-15T11:49:26.169Z] {"timestamp":1781524163591,"level":"DEBUG","args":["[Manus] Debug collector initialized (no rrweb, UI events only)"],"stack":null}
[2026-06-15T11:49:26.169Z] {"timestamp":1781524164215,"level":"DEBUG","args":["[vite] connected."],"stack":null}
[2026-06-15T12:38:59.356Z] {"timestamp":1781527137401,"level":"DEBUG","args":["[Manus] Debug collector initialized (no rrweb, UI events only)"],"stack":null}
[2026-06-15T12:38:59.356Z] {"timestamp":1781527138033,"level":"DEBUG","args":["[vite] connected."],"stack":null}
[2026-06-15T22:34:42.033Z] {"timestamp":1781562880028,"level":"DEBUG","args":["[Manus] Debug collector initialized (no rrweb, UI events only)"],"stack":null}
[2026-06-15T22:34:42.033Z] {"timestamp":1781562880080,"level":"DEBUG","args":["[vite] connected."],"stack":null}
[2026-06-15T22:34:42.033Z] {"timestamp":1781562880390,"level":"INFO","args":["%cDownload the React DevTools for a better development experience: https://react.dev/link/react-devtools","font-weight:bold"],"stack":null}
[2026-06-15T22:36:44.872Z] {"timestamp":1781563002867,"level":"DEBUG","args":["[Manus] Debug collector initialized (no rrweb, UI events only)"],"stack":null}
[2026-06-15T22:36:44.872Z] {"timestamp":1781563002884,"level":"DEBUG","args":["[vite] connected."],"stack":null}
[2026-06-15T22:36:44.872Z] {"timestamp":1781563003177,"level":"INFO","args":["%cDownload the React DevTools for a better development experience: https://react.dev/link/react-devtools","font-weight:bold"],"stack":null}
[2026-06-15T22:48:21.666Z] {"timestamp":1781563699461,"level":"DEBUG","args":["[Manus] Debug collector initialized (no rrweb, UI events only)"],"stack":null}
[2026-06-15T22:48:21.666Z] {"timestamp":1781563700255,"level":"DEBUG","args":["[vite] connected."],"stack":null}
[2026-06-15T22:48:26.979Z] {"timestamp":1781563704044,"level":"DEBUG","args":["[Manus] Debug collector initialized (no rrweb, UI events only)"],"stack":null}
[2026-06-15T22:48:26.979Z] {"timestamp":1781563704740,"level":"DEBUG","args":["[vite] connected."],"stack":null}
[2026-06-15T22:48:37.980Z] {"timestamp":1781563714821,"level":"DEBUG","args":["[Manus] Debug collector initialized (no rrweb, UI events only)"],"stack":null}
[2026-06-15T22:48:37.980Z] {"timestamp":1781563715473,"level":"DEBUG","args":["[vite] connected."],"stack":null}
[2026-06-15T22:50:14.446Z] {"timestamp":1781563812253,"level":"DEBUG","args":["[Manus] Debug collector initialized (no rrweb, UI events only)"],"stack":null}
[2026-06-15T22:50:14.446Z] {"timestamp":1781563812956,"level":"DEBUG","args":["[vite] connected."],"stack":null}
[2026-06-15T22:50:20.772Z] {"timestamp":1781563818578,"level":"DEBUG","args":["[Manus] Debug collector initialized (no rrweb, UI events only)"],"stack":null}
[2026-06-15T22:50:20.772Z] {"timestamp":1781563819229,"level":"DEBUG","args":["[vite] connected."],"stack":null}
[2026-06-15T22:53:44.864Z] {"timestamp":1781564022645,"level":"DEBUG","args":["[Manus] Debug collector initialized (no rrweb, UI events only)"],"stack":null}
[2026-06-15T22:53:44.864Z] {"timestamp":1781564023378,"level":"DEBUG","args":["[vite] connected."],"stack":null}
[2026-06-15T22:54:07.282Z] {"timestamp":1781564045058,"level":"DEBUG","args":["[Manus] Debug collector initialized (no rrweb, UI events only)"],"stack":null}
[2026-06-15T22:54:07.282Z] {"timestamp":1781564045828,"level":"DEBUG","args":["[vite] connected."],"stack":null}
[2026-06-15T22:54:10.584Z] {"timestamp":1781564048362,"level":"DEBUG","args":["[Manus] Debug collector initialized (no rrweb, UI events only)"],"stack":null}
[2026-06-15T22:54:10.584Z] {"timestamp":1781564049111,"level":"DEBUG","args":["[vite] connected."],"stack":null}
[2026-06-15T22:56:12.006Z] {"timestamp":1781564169327,"level":"DEBUG","args":["[Manus] Debug collector initialized (no rrweb, UI events only)"],"stack":null}
[2026-06-15T22:56:12.006Z] {"timestamp":1781564170115,"level":"DEBUG","args":["[vite] connected."],"stack":null}
[2026-06-15T22:56:18.310Z] {"timestamp":1781564176077,"level":"DEBUG","args":["[Manus] Debug collector initialized (no rrweb, UI events only)"],"stack":null}
[2026-06-15T22:56:18.310Z] {"timestamp":1781564176837,"level":"DEBUG","args":["[vite] connected."],"stack":null}
[2026-06-15T22:56:35.008Z] {"timestamp":1781564192840,"level":"DEBUG","args":["[vite]","hot updated: /src/index.css"],"stack":null}
[2026-06-15T22:56:48.363Z] {"timestamp":1781564206126,"level":"DEBUG","args":["[Manus] Debug collector initialized (no rrweb, UI events only)"],"stack":null}
[2026-06-15T22:56:48.363Z] {"timestamp":1781564206875,"level":"DEBUG","args":["[vite] connected."],"stack":null}
[2026-06-15T22:56:52.982Z] {"timestamp":1781564210437,"level":"DEBUG","args":["[Manus] Debug collector initialized (no rrweb, UI events only)"],"stack":null}
[2026-06-15T22:56:52.982Z] {"timestamp":1781564211175,"level":"DEBUG","args":["[vite] connected."],"stack":null}
[2026-06-15T22:57:37.010Z] {"timestamp":1781564254297,"level":"DEBUG","args":["[Manus] Debug collector initialized (no rrweb, UI events only)"],"stack":null}
[2026-06-15T22:57:37.010Z] {"timestamp":1781564255070,"level":"DEBUG","args":["[vite] connected."],"stack":null}
[2026-06-15T22:57:49.540Z] {"timestamp":1781564267321,"level":"DEBUG","args":["[Manus] Debug collector initialized (no rrweb, UI events only)"],"stack":null}
[2026-06-15T22:57:49.540Z] {"timestamp":1781564268084,"level":"DEBUG","args":["[vite] connected."],"stack":null}
[2026-06-15T22:57:54.852Z] {"timestamp":1781564272631,"level":"DEBUG","args":["[Manus] Debug collector initialized (no rrweb, UI events only)"],"stack":null}
[2026-06-15T22:57:54.852Z] {"timestamp":1781564273413,"level":"DEBUG","args":["[vite] connected."],"stack":null}
[2026-06-15T23:04:59.392Z] {"timestamp":1781564697384,"level":"DEBUG","args":["[Manus] Debug collector initialized (no rrweb, UI events only)"],"stack":null}
[2026-06-15T23:04:59.392Z] {"timestamp":1781564697398,"level":"DEBUG","args":["[vite] connected."],"stack":null}
[2026-06-15T23:05:27.361Z] {"timestamp":1781564723008,"level":"DEBUG","args":["[Manus] Debug collector initialized (no rrweb, UI events only)"],"stack":null}
[2026-06-15T23:05:27.366Z] {"timestamp":1781564723169,"level":"DEBUG","args":["[vite] connected."],"stack":null}
[2026-06-15T23:05:27.366Z] {"timestamp":1781564723563,"level":"INFO","args":["%cDownload the React DevTools for a better development experience: https://react.dev/link/react-devtools","font-weight:bold"],"stack":null}
[2026-06-15T23:05:46.708Z] {"timestamp":1781564742999,"level":"DEBUG","args":["[Manus] Debug collector initialized (no rrweb, UI events only)"],"stack":null}
[2026-06-15T23:05:46.708Z] {"timestamp":1781564743853,"level":"DEBUG","args":["[vite] connected."],"stack":null}
[2026-06-15T23:06:12.063Z] {"timestamp":1781564769242,"level":"DEBUG","args":["[Manus] Debug collector initialized (no rrweb, UI events only)"],"stack":null}
[2026-06-15T23:06:12.063Z] {"timestamp":1781564770023,"level":"DEBUG","args":["[vite] connected."],"stack":null}
[2026-06-15T23:06:28.985Z] {"timestamp":1781564785922,"level":"DEBUG","args":["[Manus] Debug collector initialized (no rrweb, UI events only)"],"stack":null}
[2026-06-15T23:06:28.985Z] {"timestamp":1781564786693,"level":"DEBUG","args":["[vite] connected."],"stack":null}
[2026-06-15T23:14:13.978Z] {"timestamp":1781565251049,"level":"DEBUG","args":["[Manus] Debug collector initialized (no rrweb, UI events only)"],"stack":null}
[2026-06-15T23:14:13.978Z] {"timestamp":1781565251775,"level":"DEBUG","args":["[vite] connected."],"stack":null}
[2026-06-15T23:32:08.085Z] {"timestamp":1781566325837,"level":"DEBUG","args":["[Manus] Debug collector initialized (no rrweb, UI events only)"],"stack":null}
[2026-06-15T23:32:08.085Z] {"timestamp":1781566325998,"level":"DEBUG","args":["[vite] connected."],"stack":null}
[2026-06-15T23:32:09.841Z] {"timestamp":1781566328503,"level":"INFO","args":["%cDownload the React DevTools for a better development experience: https://react.dev/link/react-devtools","font-weight:bold"],"stack":null}
[2026-06-15T23:37:53.842Z] {"timestamp":1781566671837,"level":"DEBUG","args":["[Manus] Debug collector initialized (no rrweb, UI events only)"],"stack":null}
[2026-06-15T23:37:53.842Z] {"timestamp":1781566671952,"level":"DEBUG","args":["[vite] connected."],"stack":null}
[2026-06-15T23:37:53.842Z] {"timestamp":1781566672389,"level":"INFO","args":["%cDownload the React DevTools for a better development experience: https://react.dev/link/react-devtools","font-weight:bold"],"stack":null}
[2026-06-15T23:38:15.503Z] {"timestamp":1781566693180,"level":"DEBUG","args":["[Manus] Debug collector initialized (no rrweb, UI events only)"],"stack":null}
[2026-06-15T23:38:15.503Z] {"timestamp":1781566693945,"level":"DEBUG","args":["[vite] connected."],"stack":null}
[2026-06-15T23:38:47.668Z] {"timestamp":1781566725344,"level":"DEBUG","args":["[Manus] Debug collector initialized (no rrweb, UI events only)"],"stack":null}
[2026-06-15T23:38:47.668Z] {"timestamp":1781566726367,"level":"DEBUG","args":["[vite] connected."],"stack":null}
[2026-06-15T23:38:59.529Z] {"timestamp":1781566737206,"level":"DEBUG","args":["[Manus] Debug collector initialized (no rrweb, UI events only)"],"stack":null}
[2026-06-15T23:38:59.529Z] {"timestamp":1781566737978,"level":"DEBUG","args":["[vite] connected."],"stack":null}
[2026-06-15T23:41:00.048Z] {"timestamp":1781566856931,"level":"DEBUG","args":["[Manus] Debug collector initialized (no rrweb, UI events only)"],"stack":null}
[2026-06-15T23:41:00.048Z] {"timestamp":1781566857726,"level":"DEBUG","args":["[vite] connected."],"stack":null}
[2026-06-15T23:41:12.989Z] {"timestamp":1781566870207,"level":"DEBUG","args":["[Manus] Debug collector initialized (no rrweb, UI events only)"],"stack":null}
[2026-06-15T23:41:12.989Z] {"timestamp":1781566870970,"level":"DEBUG","args":["[vite] connected."],"stack":null}
[2026-06-15T23:43:22.995Z] {"timestamp":1781567002569,"level":"ERROR","args":["[vite]","Failed to reload /src/pages/mystic/MysticHome.tsx. This could be due to syntax errors or importing non-existent modules. (see errors above)"],"stack":"Error\n    at console.<computed> [as error] (https://3000-i7fre0uhovs44d3ru3bh9-43e284af.us2.manus.computer/__manus__/debug-collector.js:391:37)\n    at Object.error (https://3000-i7fre0uhovs44d3ru3bh9-43e284af.us2.manus.computer/@vite/client:809:26)\n    at HMRClient.warnFailedUpdate (https://3000-i7fre0uhovs44d3ru3bh9-43e284af.us2.manus.computer/@vite/client:181:15)\n    at HMRClient.fetchUpdate (https://3000-i7fre0uhovs44d3ru3bh9-43e284af.us2.manus.computer/@vite/client:212:10)\n    at async Promise.all (index 0)\n    at async HMRClient.queueUpdate (https://3000-i7fre0uhovs44d3ru3bh9-43e284af.us2.manus.computer/@vite/client:196:5)\n    at async Promise.all (index 0)\n    at async handleMessage (https://3000-i7fre0uhovs44d3ru3bh9-43e284af.us2.manus.computer/@vite/client:838:4)"}
[2026-06-15T23:43:22.995Z] {"timestamp":1781567002574,"level":"DEBUG","args":["[vite]","hot updated: /src/pages/mystic/MysticHome.tsx"],"stack":null}
[2026-06-15T23:43:22.995Z] {"timestamp":1781567002575,"level":"DEBUG","args":["[vite]","hot updated: /src/index.css"],"stack":null}
[2026-06-15T23:45:44.039Z] {"timestamp":1781567140896,"level":"DEBUG","args":["[Manus] Debug collector initialized (no rrweb, UI events only)"],"stack":null}
[2026-06-15T23:45:44.039Z] {"timestamp":1781567141677,"level":"DEBUG","args":["[vite] connected."],"stack":null}
[2026-06-15T23:45:49.030Z] {"timestamp":1781567145683,"level":"DEBUG","args":["[Manus] Debug collector initialized (no rrweb, UI events only)"],"stack":null}
[2026-06-15T23:45:49.030Z] {"timestamp":1781567146446,"level":"DEBUG","args":["[vite] connected."],"stack":null}
[2026-06-15T23:46:10.991Z] {"timestamp":1781567169026,"level":"DEBUG","args":["[vite]","hot updated: /src/pages/mystic/MysticHome.tsx"],"stack":null}
[2026-06-15T23:46:10.991Z] {"timestamp":1781567169026,"level":"DEBUG","args":["[vite]","hot updated: /src/index.css"],"stack":null}
[2026-06-15T23:46:18.021Z] {"timestamp":1781567175149,"level":"DEBUG","args":["[Manus] Debug collector initialized (no rrweb, UI events only)"],"stack":null}
[2026-06-15T23:46:18.021Z] {"timestamp":1781567175960,"level":"DEBUG","args":["[vite] connected."],"stack":null}
[2026-06-15T23:46:31.995Z] {"timestamp":1781567189826,"level":"DEBUG","args":["[vite]","hot updated: /src/pages/mystic/MysticHome.tsx"],"stack":null}
[2026-06-15T23:46:31.995Z] {"timestamp":1781567189826,"level":"DEBUG","args":["[vite]","hot updated: /src/index.css"],"stack":null}
[2026-06-15T23:48:09.047Z] {"timestamp":1781567285927,"level":"DEBUG","args":["[Manus] Debug collector initialized (no rrweb, UI events only)"],"stack":null}
[2026-06-15T23:48:09.047Z] {"timestamp":1781567286670,"level":"DEBUG","args":["[vite] connected."],"stack":null}
[2026-06-15T23:48:14.032Z] {"timestamp":1781567291214,"level":"DEBUG","args":["[Manus] Debug collector initialized (no rrweb, UI events only)"],"stack":null}
[2026-06-15T23:48:14.032Z] {"timestamp":1781567291984,"level":"DEBUG","args":["[vite] connected."],"stack":null}
[2026-06-15T23:56:12.028Z] {"timestamp":1781567768813,"level":"DEBUG","args":["[Manus] Debug collector initialized (no rrweb, UI events only)"],"stack":null}
[2026-06-15T23:56:12.028Z] {"timestamp":1781567769615,"level":"DEBUG","args":["[vite] connected."],"stack":null}
[2026-06-15T23:56:14.361Z] {"timestamp":1781567772356,"level":"DEBUG","args":["[Manus] Debug collector initialized (no rrweb, UI events only)"],"stack":null}
[2026-06-15T23:56:14.361Z] {"timestamp":1781567772366,"level":"DEBUG","args":["[vite] connected."],"stack":null}
[2026-06-15T23:56:14.361Z] {"timestamp":1781567772792,"level":"INFO","args":["%cDownload the React DevTools for a better development experience: https://react.dev/link/react-devtools","font-weight:bold"],"stack":null}
[2026-06-16T00:05:25.185Z] {"timestamp":1781568322812,"level":"DEBUG","args":["[Manus] Debug collector initialized (no rrweb, UI events only)"],"stack":null}
[2026-06-16T00:05:25.185Z] {"timestamp":1781568323546,"level":"DEBUG","args":["[vite] connected."],"stack":null}
[2026-06-16T00:05:30.183Z] {"timestamp":1781568327314,"level":"DEBUG","args":["[Manus] Debug collector initialized (no rrweb, UI events only)"],"stack":null}
[2026-06-16T00:05:30.184Z] {"timestamp":1781568328095,"level":"DEBUG","args":["[vite] connected."],"stack":null}
[2026-06-16T00:07:25.997Z] {"timestamp":1781568443992,"level":"DEBUG","args":["[vite]","hot updated: /src/App.tsx"],"stack":null}
[2026-06-16T00:07:25.997Z] {"timestamp":1781568443992,"level":"DEBUG","args":["[vite]","hot updated: /src/index.css"],"stack":null}
[2026-06-16T00:08:31.000Z] {"timestamp":1781568507760,"level":"DEBUG","args":["[Manus] Debug collector initialized (no rrweb, UI events only)"],"stack":null}
[2026-06-16T00:08:31.000Z] {"timestamp":1781568508526,"level":"DEBUG","args":["[vite] connected."],"stack":null}
[2026-06-16T00:08:57.132Z] {"timestamp":1781568534175,"level":"DEBUG","args":["[Manus] Debug collector initialized (no rrweb, UI events only)"],"stack":null}
[2026-06-16T00:08:57.132Z] {"timestamp":1781568534911,"level":"DEBUG","args":["[vite] connected."],"stack":null}
[2026-06-16T00:09:20.999Z] {"timestamp":1781568558541,"level":"DEBUG","args":["[Manus] Debug collector initialized (no rrweb, UI events only)"],"stack":null}
[2026-06-16T00:09:20.999Z] {"timestamp":1781568559290,"level":"DEBUG","args":["[vite] connected."],"stack":null}
[2026-06-16T00:09:40.998Z] {"timestamp":1781568578673,"level":"DEBUG","args":["[Manus] Debug collector initialized (no rrweb, UI events only)"],"stack":null}
[2026-06-16T00:09:40.998Z] {"timestamp":1781568579433,"level":"DEBUG","args":["[vite] connected."],"stack":null}
[2026-06-16T00:10:39.000Z] {"timestamp":1781568635905,"level":"DEBUG","args":["[Manus] Debug collector initialized (no rrweb, UI events only)"],"stack":null}
[2026-06-16T00:10:39.000Z] {"timestamp":1781568636668,"level":"DEBUG","args":["[vite] connected."],"stack":null}
[2026-06-16T00:10:59.997Z] {"timestamp":1781568657428,"level":"DEBUG","args":["[Manus] Debug collector initialized (no rrweb, UI events only)"],"stack":null}
[2026-06-16T00:10:59.997Z] {"timestamp":1781568658161,"level":"DEBUG","args":["[vite] connected."],"stack":null}
[2026-06-16T00:12:11.083Z] {"timestamp":1781568728045,"level":"DEBUG","args":["[Manus] Debug collector initialized (no rrweb, UI events only)"],"stack":null}
[2026-06-16T00:12:11.083Z] {"timestamp":1781568728809,"level":"DEBUG","args":["[vite] connected."],"stack":null}
[2026-06-16T00:12:34.996Z] {"timestamp":1781568752991,"level":"DEBUG","args":["[Manus] Debug collector initialized (no rrweb, UI events only)"],"stack":null}
[2026-06-16T00:12:34.996Z] {"timestamp":1781568753001,"level":"DEBUG","args":["[vite] connected."],"stack":null}
[2026-06-16T00:12:34.996Z] {"timestamp":1781568753453,"level":"INFO","args":["%cDownload the React DevTools for a better development experience: https://react.dev/link/react-devtools","font-weight:bold"],"stack":null}
[2026-06-16T00:12:43.997Z] {"timestamp":1781568761529,"level":"DEBUG","args":["[Manus] Debug collector initialized (no rrweb, UI events only)"],"stack":null}
[2026-06-16T00:12:43.997Z] {"timestamp":1781568762277,"level":"DEBUG","args":["[vite] connected."],"stack":null}
[2026-06-16T00:12:56.410Z] {"timestamp":1781568774109,"level":"DEBUG","args":["[Manus] Debug collector initialized (no rrweb, UI events only)"],"stack":null}
[2026-06-16T00:12:56.410Z] {"timestamp":1781568774867,"level":"DEBUG","args":["[vite] connected."],"stack":null}
[2026-06-16T00:20:29.006Z] {"timestamp":1781569228194,"level":"DEBUG","args":["[vite]","hot updated: /src/pages/Episodes.tsx"],"stack":null}
[2026-06-16T00:20:29.006Z] {"timestamp":1781569228194,"level":"DEBUG","args":["[vite]","hot updated: /src/index.css"],"stack":null}
[2026-06-16T00:20:41.006Z] {"timestamp":1781569239972,"level":"DEBUG","args":["[vite]","hot updated: /src/pages/Episodes.tsx"],"stack":null}
[2026-06-16T00:20:41.006Z] {"timestamp":1781569239972,"level":"DEBUG","args":["[vite]","hot updated: /src/index.css"],"stack":null}
[2026-06-16T00:22:21.007Z] {"timestamp":1781569339279,"level":"DEBUG","args":["[vite]","hot updated: /src/pages/mystic/MysticVideos.tsx"],"stack":null}
[2026-06-16T00:22:21.007Z] {"timestamp":1781569339279,"level":"DEBUG","args":["[vite]","hot updated: /src/index.css"],"stack":null}
[2026-06-16T00:24:07.001Z] {"timestamp":1781569443753,"level":"DEBUG","args":["[Manus] Debug collector initialized (no rrweb, UI events only)"],"stack":null}
[2026-06-16T00:24:07.001Z] {"timestamp":1781569444497,"level":"DEBUG","args":["[vite] connected."],"stack":null}
[2026-06-16T00:24:34.997Z] {"timestamp":1781569472466,"level":"DEBUG","args":["[Manus] Debug collector initialized (no rrweb, UI events only)"],"stack":null}
[2026-06-16T00:24:34.998Z] {"timestamp":1781569473229,"level":"DEBUG","args":["[vite] connected."],"stack":null}
[2026-06-16T00:26:40.020Z] {"timestamp":1781569597040,"level":"DEBUG","args":["[Manus] Debug collector initialized (no rrweb, UI events only)"],"stack":null}
[2026-06-16T00:26:40.020Z] {"timestamp":1781569597818,"level":"DEBUG","args":["[vite] connected."],"stack":null}
[2026-06-16T00:26:45.025Z] {"timestamp":1781569601716,"level":"DEBUG","args":["[Manus] Debug collector initialized (no rrweb, UI events only)"],"stack":null}
[2026-06-16T00:26:45.025Z] {"timestamp":1781569602469,"level":"DEBUG","args":["[vite] connected."],"stack":null}
[2026-06-16T00:27:05.005Z] {"timestamp":1781569623888,"level":"ERROR","args":["[vite]",{"type":"Error","message":"MessageCircle is not defined","stack":"ReferenceError: MessageCircle is not defined\n    at https://3000-i7fre0uhovs44d3ru3bh9-43e284af.us2.manus.computer/src/pages/Home.tsx?t=1781569622793:27:148"}],"stack":"Error\n    at console.<computed> [as error] (https://3000-i7fre0uhovs44d3ru3bh9-43e284af.us2.manus.computer/__manus__/debug-collector.js:391:37)\n    at Object.error (https://3000-i7fre0uhovs44d3ru3bh9-43e284af.us2.manus.computer/@vite/client:809:26)\n    at HMRClient.warnFailedUpdate (https://3000-i7fre0uhovs44d3ru3bh9-43e284af.us2.manus.computer/@vite/client:180:78)\n    at HMRClient.fetchUpdate (https://3000-i7fre0uhovs44d3ru3bh9-43e284af.us2.manus.computer/@vite/client:212:10)\n    at async Promise.all (index 0)\n    at async HMRClient.queueUpdate (https://3000-i7fre0uhovs44d3ru3bh9-43e284af.us2.manus.computer/@vite/client:196:5)\n    at async Promise.all (index 0)\n    at async handleMessage (https://3000-i7fre0uhovs44d3ru3bh9-43e284af.us2.manus.computer/@vite/client:838:4)"}
[2026-06-16T00:27:05.005Z] {"timestamp":1781569623889,"level":"ERROR","args":["[vite]","Failed to reload /src/pages/Home.tsx. This could be due to syntax errors or importing non-existent modules. (see errors above)"],"stack":"Error\n    at console.<computed> [as error] (https://3000-i7fre0uhovs44d3ru3bh9-43e284af.us2.manus.computer/__manus__/debug-collector.js:391:37)\n    at Object.error (https://3000-i7fre0uhovs44d3ru3bh9-43e284af.us2.manus.computer/@vite/client:809:26)\n    at HMRClient.warnFailedUpdate (https://3000-i7fre0uhovs44d3ru3bh9-43e284af.us2.manus.computer/@vite/client:181:15)\n    at HMRClient.fetchUpdate (https://3000-i7fre0uhovs44d3ru3bh9-43e284af.us2.manus.computer/@vite/client:212:10)\n    at async Promise.all (index 0)\n    at async HMRClient.queueUpdate (https://3000-i7fre0uhovs44d3ru3bh9-43e284af.us2.manus.computer/@vite/client:196:5)\n    at async Promise.all (index 0)\n    at async handleMessage (https://3000-i7fre0uhovs44d3ru3bh9-43e284af.us2.manus.computer/@vite/client:838:4)"}
[2026-06-16T00:27:05.005Z] {"timestamp":1781569623916,"level":"DEBUG","args":["[vite]","hot updated: /src/pages/Home.tsx"],"stack":null}
[2026-06-16T00:27:05.005Z] {"timestamp":1781569623916,"level":"DEBUG","args":["[vite]","hot updated: /src/index.css"],"stack":null}
[2026-06-16T00:27:16.024Z] {"timestamp":1781569632882,"level":"DEBUG","args":["[Manus] Debug collector initialized (no rrweb, UI events only)"],"stack":null}
[2026-06-16T00:27:16.024Z] {"timestamp":1781569633629,"level":"DEBUG","args":["[vite] connected."],"stack":null}
[2026-06-16T00:27:21.035Z] {"timestamp":1781569638097,"level":"DEBUG","args":["[Manus] Debug collector initialized (no rrweb, UI events only)"],"stack":null}
[2026-06-16T00:27:21.035Z] {"timestamp":1781569638895,"level":"DEBUG","args":["[vite] connected."],"stack":null}
[2026-06-16T00:27:26.028Z] {"timestamp":1781569642962,"level":"DEBUG","args":["[Manus] Debug collector initialized (no rrweb, UI events only)"],"stack":null}
[2026-06-16T00:27:26.028Z] {"timestamp":1781569643723,"level":"DEBUG","args":["[vite] connected."],"stack":null}
[2026-06-16T00:28:02.030Z] {"timestamp":1781569679402,"level":"DEBUG","args":["[Manus] Debug collector initialized (no rrweb, UI events only)"],"stack":null}
[2026-06-16T00:28:02.030Z] {"timestamp":1781569680188,"level":"DEBUG","args":["[vite] connected."],"stack":null}
[2026-06-16T00:28:06.690Z] {"timestamp":1781569684685,"level":"DEBUG","args":["[Manus] Debug collector initialized (no rrweb, UI events only)"],"stack":null}
[2026-06-16T00:28:06.690Z] {"timestamp":1781569684693,"level":"DEBUG","args":["[vite] connected."],"stack":null}
[2026-06-16T00:28:06.690Z] {"timestamp":1781569685153,"level":"INFO","args":["%cDownload the React DevTools for a better development experience: https://react.dev/link/react-devtools","font-weight:bold"],"stack":null}
[2026-06-16T00:39:14.031Z] {"timestamp":1781570351069,"level":"DEBUG","args":["[Manus] Debug collector initialized (no rrweb, UI events only)"],"stack":null}
[2026-06-16T00:39:14.031Z] {"timestamp":1781570351834,"level":"DEBUG","args":["[vite] connected."],"stack":null}
[2026-06-16T00:39:18.032Z] {"timestamp":1781570355104,"level":"DEBUG","args":["[Manus] Debug collector initialized (no rrweb, UI events only)"],"stack":null}
[2026-06-16T00:39:18.032Z] {"timestamp":1781570355916,"level":"DEBUG","args":["[vite] connected."],"stack":null}
[2026-06-16T00:39:23.032Z] {"timestamp":1781570360603,"level":"DEBUG","args":["[Manus] Debug collector initialized (no rrweb, UI events only)"],"stack":null}
[2026-06-16T00:39:23.032Z] {"timestamp":1781570361340,"level":"DEBUG","args":["[vite] connected."],"stack":null}
[2026-06-16T00:39:28.028Z] {"timestamp":1781570365092,"level":"DEBUG","args":["[Manus] Debug collector initialized (no rrweb, UI events only)"],"stack":null}
[2026-06-16T00:39:28.028Z] {"timestamp":1781570365857,"level":"DEBUG","args":["[vite] connected."],"stack":null}
[2026-06-16T00:39:46.008Z] {"timestamp":1781570385451,"level":"DEBUG","args":["[vite]","hot updated: /src/pages/Home.tsx"],"stack":null}
[2026-06-16T00:39:46.008Z] {"timestamp":1781570385451,"level":"DEBUG","args":["[vite]","hot updated: /src/index.css"],"stack":null}
[2026-06-16T00:39:53.028Z] {"timestamp":1781570389841,"level":"DEBUG","args":["[Manus] Debug collector initialized (no rrweb, UI events only)"],"stack":null}
[2026-06-16T00:39:53.028Z] {"timestamp":1781570390576,"level":"DEBUG","args":["[vite] connected."],"stack":null}
[2026-06-16T00:39:57.029Z] {"timestamp":1781570394222,"level":"DEBUG","args":["[Manus] Debug collector initialized (no rrweb, UI events only)"],"stack":null}
[2026-06-16T00:39:57.029Z] {"timestamp":1781570394966,"level":"DEBUG","args":["[vite] connected."],"stack":null}
[2026-06-16T00:40:19.005Z] {"timestamp":1781570418552,"level":"DEBUG","args":["[vite]","hot updated: /src/pages/Episodes.tsx"],"stack":null}
[2026-06-16T00:40:19.005Z] {"timestamp":1781570418552,"level":"DEBUG","args":["[vite]","hot updated: /src/index.css"],"stack":null}
[2026-06-16T00:40:27.026Z] {"timestamp":1781570423859,"level":"DEBUG","args":["[Manus] Debug collector initialized (no rrweb, UI events only)"],"stack":null}
[2026-06-16T00:40:27.026Z] {"timestamp":1781570424612,"level":"DEBUG","args":["[vite] connected."],"stack":null}
[2026-06-16T00:40:31.026Z] {"timestamp":1781570427719,"level":"DEBUG","args":["[Manus] Debug collector initialized (no rrweb, UI events only)"],"stack":null}
[2026-06-16T00:40:31.026Z] {"timestamp":1781570428461,"level":"DEBUG","args":["[vite] connected."],"stack":null}
[2026-06-16T00:40:59.006Z] {"timestamp":1781570457018,"level":"DEBUG","args":["[vite]","hot updated: /src/pages/PodcastsPage.tsx"],"stack":null}
[2026-06-16T00:40:59.006Z] {"timestamp":1781570457018,"level":"DEBUG","args":["[vite]","hot updated: /src/index.css"],"stack":null}
[2026-06-16T00:41:07.028Z] {"timestamp":1781570464249,"level":"DEBUG","args":["[Manus] Debug collector initialized (no rrweb, UI events only)"],"stack":null}
[2026-06-16T00:41:07.028Z] {"timestamp":1781570464993,"level":"DEBUG","args":["[vite] connected."],"stack":null}
[2026-06-16T00:41:57.011Z] {"timestamp":1781570515749,"level":"DEBUG","args":["[vite]","hot updated: /src/pages/mystic/MysticHome.tsx"],"stack":null}
[2026-06-16T00:41:57.012Z] {"timestamp":1781570515749,"level":"DEBUG","args":["[vite]","hot updated: /src/index.css"],"stack":null}
[2026-06-16T00:42:03.032Z] {"timestamp":1781570520093,"level":"DEBUG","args":["[Manus] Debug collector initialized (no rrweb, UI events only)"],"stack":null}
[2026-06-16T00:42:03.032Z] {"timestamp":1781570520841,"level":"DEBUG","args":["[vite] connected."],"stack":null}
[2026-06-16T00:42:08.035Z] {"timestamp":1781570525141,"level":"DEBUG","args":["[Manus] Debug collector initialized (no rrweb, UI events only)"],"stack":null}
[2026-06-16T00:42:08.035Z] {"timestamp":1781570525936,"level":"DEBUG","args":["[vite] connected."],"stack":null}
[2026-06-16T00:42:40.006Z] {"timestamp":1781570558656,"level":"DEBUG","args":["[vite]","hot updated: /src/pages/mystic/MysticServices.tsx"],"stack":null}
[2026-06-16T00:42:40.006Z] {"timestamp":1781570558656,"level":"DEBUG","args":["[vite]","hot updated: /src/index.css"],"stack":null}
[2026-06-16T00:42:43.032Z] {"timestamp":1781570560647,"level":"DEBUG","args":["[Manus] Debug collector initialized (no rrweb, UI events only)"],"stack":null}
[2026-06-16T00:42:43.032Z] {"timestamp":1781570561570,"level":"DEBUG","args":["[vite] connected."],"stack":null}
[2026-06-16T00:42:47.028Z] {"timestamp":1781570564134,"level":"DEBUG","args":["[Manus] Debug collector initialized (no rrweb, UI events only)"],"stack":null}
[2026-06-16T00:42:47.028Z] {"timestamp":1781570564984,"level":"DEBUG","args":["[vite] connected."],"stack":null}
[2026-06-16T00:43:35.008Z] {"timestamp":1781570613004,"level":"DEBUG","args":["[vite]","hot updated: /src/pages/Blog.tsx"],"stack":null}
[2026-06-16T00:43:35.008Z] {"timestamp":1781570613004,"level":"DEBUG","args":["[vite]","hot updated: /src/index.css"],"stack":null}
[2026-06-16T00:43:43.030Z] {"timestamp":1781570620131,"level":"DEBUG","args":["[Manus] Debug collector initialized (no rrweb, UI events only)"],"stack":null}
[2026-06-16T00:43:43.030Z] {"timestamp":1781570620885,"level":"DEBUG","args":["[vite] connected."],"stack":null}
[2026-06-16T00:44:53.007Z] {"timestamp":1781570691401,"level":"DEBUG","args":["[vite]","hot updated: /src/pages/Partnership.tsx"],"stack":null}
[2026-06-16T00:44:53.007Z] {"timestamp":1781570691402,"level":"DEBUG","args":["[vite]","hot updated: /src/index.css"],"stack":null}
[2026-06-16T00:45:08.027Z] {"timestamp":1781570705299,"level":"DEBUG","args":["[Manus] Debug collector initialized (no rrweb, UI events only)"],"stack":null}
[2026-06-16T00:45:08.028Z] {"timestamp":1781570706053,"level":"DEBUG","args":["[vite] connected."],"stack":null}
[2026-06-16T00:45:12.040Z] {"timestamp":1781570709658,"level":"DEBUG","args":["[Manus] Debug collector initialized (no rrweb, UI events only)"],"stack":null}
[2026-06-16T00:45:12.040Z] {"timestamp":1781570710427,"level":"DEBUG","args":["[vite] connected."],"stack":null}
[2026-06-16T00:45:48.006Z] {"timestamp":1781570747536,"level":"DEBUG","args":["[vite]","hot updated: /src/pages/About.tsx"],"stack":null}
[2026-06-16T00:45:48.006Z] {"timestamp":1781570747536,"level":"DEBUG","args":["[vite]","hot updated: /src/index.css"],"stack":null}
[2026-06-16T00:45:55.033Z] {"timestamp":1781570752372,"level":"DEBUG","args":["[Manus] Debug collector initialized (no rrweb, UI events only)"],"stack":null}
[2026-06-16T00:45:55.033Z] {"timestamp":1781570753131,"level":"DEBUG","args":["[vite] connected."],"stack":null}
[2026-06-16T00:45:59.033Z] {"timestamp":1781570756133,"level":"DEBUG","args":["[Manus] Debug collector initialized (no rrweb, UI events only)"],"stack":null}
[2026-06-16T00:45:59.033Z] {"timestamp":1781570756904,"level":"DEBUG","args":["[vite] connected."],"stack":null}
[2026-06-16T00:46:51.010Z] {"timestamp":1781570809989,"level":"DEBUG","args":["[vite]","hot updated: /src/pages/Contact.tsx"],"stack":null}
[2026-06-16T00:46:51.010Z] {"timestamp":1781570809989,"level":"DEBUG","args":["[vite]","hot updated: /src/index.css"],"stack":null}
[2026-06-16T00:46:57.031Z] {"timestamp":1781570814626,"level":"DEBUG","args":["[Manus] Debug collector initialized (no rrweb, UI events only)"],"stack":null}
[2026-06-16T00:46:57.031Z] {"timestamp":1781570815370,"level":"DEBUG","args":["[vite] connected."],"stack":null}
[2026-06-16T00:47:05.031Z] {"timestamp":1781570822363,"level":"DEBUG","args":["[Manus] Debug collector initialized (no rrweb, UI events only)"],"stack":null}
[2026-06-16T00:47:05.031Z] {"timestamp":1781570823130,"level":"DEBUG","args":["[vite] connected."],"stack":null}
[2026-06-16T00:48:21.039Z] {"timestamp":1781570898467,"level":"DEBUG","args":["[Manus] Debug collector initialized (no rrweb, UI events only)"],"stack":null}
[2026-06-16T00:48:21.039Z] {"timestamp":1781570899206,"level":"DEBUG","args":["[vite] connected."],"stack":null}
[2026-06-16T00:48:26.039Z] {"timestamp":1781570903049,"level":"DEBUG","args":["[Manus] Debug collector initialized (no rrweb, UI events only)"],"stack":null}
[2026-06-16T00:48:26.039Z] {"timestamp":1781570903811,"level":"DEBUG","args":["[vite] connected."],"stack":null}
[2026-06-16T00:50:22.037Z] {"timestamp":1781571018733,"level":"DEBUG","args":["[Manus] Debug collector initialized (no rrweb, UI events only)"],"stack":null}
[2026-06-16T00:50:22.037Z] {"timestamp":1781571019479,"level":"DEBUG","args":["[vite] connected."],"stack":null}
[2026-06-16T00:50:26.034Z] {"timestamp":1781571023243,"level":"DEBUG","args":["[Manus] Debug collector initialized (no rrweb, UI events only)"],"stack":null}
[2026-06-16T00:50:26.034Z] {"timestamp":1781571023983,"level":"DEBUG","args":["[vite] connected."],"stack":null}
[2026-06-16T00:50:36.360Z] {"timestamp":1781571034354,"level":"DEBUG","args":["[Manus] Debug collector initialized (no rrweb, UI events only)"],"stack":null}
[2026-06-16T00:50:36.360Z] {"timestamp":1781571034362,"level":"DEBUG","args":["[vite] connected."],"stack":null}
[2026-06-16T00:50:36.360Z] {"timestamp":1781571034819,"level":"INFO","args":["%cDownload the React DevTools for a better development experience: https://react.dev/link/react-devtools","font-weight:bold"],"stack":null}
[2026-06-16T00:51:11.032Z] {"timestamp":1781571068412,"level":"DEBUG","args":["[Manus] Debug collector initialized (no rrweb, UI events only)"],"stack":null}
[2026-06-16T00:51:11.032Z] {"timestamp":1781571069165,"level":"DEBUG","args":["[vite] connected."],"stack":null}
[2026-06-16T00:51:18.032Z] {"timestamp":1781571074861,"level":"DEBUG","args":["[Manus] Debug collector initialized (no rrweb, UI events only)"],"stack":null}
[2026-06-16T00:51:18.032Z] {"timestamp":1781571075621,"level":"DEBUG","args":["[vite] connected."],"stack":null}
[2026-06-16T01:06:01.276Z] {"timestamp":1781571959047,"level":"DEBUG","args":["[Manus] Debug collector initialized (no rrweb, UI events only)"],"stack":null}
[2026-06-16T01:06:01.276Z] {"timestamp":1781571959642,"level":"DEBUG","args":["[vite] connected."],"stack":null}
[2026-06-16T01:06:07.913Z] {"timestamp":1781571965628,"level":"DEBUG","args":["[Manus] Debug collector initialized (no rrweb, UI events only)"],"stack":null}
[2026-06-16T01:06:07.913Z] {"timestamp":1781571966200,"level":"DEBUG","args":["[vite] connected."],"stack":null}
[2026-06-16T01:08:21.781Z] {"timestamp":1781572099302,"level":"DEBUG","args":["[Manus] Debug collector initialized (no rrweb, UI events only)"],"stack":null}
[2026-06-16T01:08:21.781Z] {"timestamp":1781572099875,"level":"DEBUG","args":["[vite] connected."],"stack":null}
[2026-06-16T01:08:29.390Z] {"timestamp":1781572107127,"level":"DEBUG","args":["[Manus] Debug collector initialized (no rrweb, UI events only)"],"stack":null}
[2026-06-16T01:08:29.390Z] {"timestamp":1781572107701,"level":"DEBUG","args":["[vite] connected."],"stack":null}
[2026-06-16T01:14:03.784Z] {"timestamp":1781572441559,"level":"DEBUG","args":["[Manus] Debug collector initialized (no rrweb, UI events only)"],"stack":null}
[2026-06-16T01:14:03.784Z] {"timestamp":1781572442134,"level":"DEBUG","args":["[vite] connected."],"stack":null}
[2026-06-16T01:16:51.783Z] {"timestamp":1781572608980,"level":"DEBUG","args":["[Manus] Debug collector initialized (no rrweb, UI events only)"],"stack":null}
[2026-06-16T01:16:51.783Z] {"timestamp":1781572609549,"level":"DEBUG","args":["[vite] connected."],"stack":null}
[2026-06-16T01:17:00.784Z] {"timestamp":1781572618418,"level":"DEBUG","args":["[Manus] Debug collector initialized (no rrweb, UI events only)"],"stack":null}
[2026-06-16T01:17:00.784Z] {"timestamp":1781572618991,"level":"DEBUG","args":["[vite] connected."],"stack":null}
[2026-06-16T01:21:45.782Z] {"timestamp":1781572903242,"level":"DEBUG","args":["[Manus] Debug collector initialized (no rrweb, UI events only)"],"stack":null}
[2026-06-16T01:21:45.782Z] {"timestamp":1781572903820,"level":"DEBUG","args":["[vite] connected."],"stack":null}
[2026-06-16T01:21:51.782Z] {"timestamp":1781572909178,"level":"DEBUG","args":["[Manus] Debug collector initialized (no rrweb, UI events only)"],"stack":null}
[2026-06-16T01:21:51.782Z] {"timestamp":1781572909750,"level":"DEBUG","args":["[vite] connected."],"stack":null}
[2026-06-16T01:22:00.781Z] {"timestamp":1781572918434,"level":"DEBUG","args":["[Manus] Debug collector initialized (no rrweb, UI events only)"],"stack":null}
[2026-06-16T01:22:00.781Z] {"timestamp":1781572919003,"level":"DEBUG","args":["[vite] connected."],"stack":null}
[2026-06-16T01:22:05.004Z] {"timestamp":1781572922381,"level":"DEBUG","args":["[Manus] Debug collector initialized (no rrweb, UI events only)"],"stack":null}
[2026-06-16T01:22:05.004Z] {"timestamp":1781572923146,"level":"DEBUG","args":["[vite] connected."],"stack":null}
[2026-06-16T01:22:16.793Z] {"timestamp":1781572934131,"level":"DEBUG","args":["[Manus] Debug collector initialized (no rrweb, UI events only)"],"stack":null}
[2026-06-16T01:22:16.793Z] {"timestamp":1781572934705,"level":"DEBUG","args":["[vite] connected."],"stack":null}
[2026-06-16T01:22:25.782Z] {"timestamp":1781572943443,"level":"DEBUG","args":["[Manus] Debug collector initialized (no rrweb, UI events only)"],"stack":null}
[2026-06-16T01:22:25.782Z] {"timestamp":1781572944012,"level":"DEBUG","args":["[vite] connected."],"stack":null}
[2026-06-16T01:22:30.009Z] {"timestamp":1781572946744,"level":"DEBUG","args":["[Manus] Debug collector initialized (no rrweb, UI events only)"],"stack":null}
[2026-06-16T01:22:30.009Z] {"timestamp":1781572947506,"level":"DEBUG","args":["[vite] connected."],"stack":null}
[2026-06-16T01:22:54.787Z] {"timestamp":1781572972344,"level":"DEBUG","args":["[Manus] Debug collector initialized (no rrweb, UI events only)"],"stack":null}
[2026-06-16T01:22:54.787Z] {"timestamp":1781572972917,"level":"DEBUG","args":["[vite] connected."],"stack":null}
[2026-06-16T01:23:04.784Z] {"timestamp":1781572982381,"level":"DEBUG","args":["[Manus] Debug collector initialized (no rrweb, UI events only)"],"stack":null}
[2026-06-16T01:23:04.784Z] {"timestamp":1781572982950,"level":"DEBUG","args":["[vite] connected."],"stack":null}
[2026-06-16T01:23:11.011Z] {"timestamp":1781572987963,"level":"DEBUG","args":["[Manus] Debug collector initialized (no rrweb, UI events only)"],"stack":null}
[2026-06-16T01:23:11.011Z] {"timestamp":1781572988742,"level":"DEBUG","args":["[vite] connected."],"stack":null}
[2026-06-16T01:23:42.781Z] {"timestamp":1781573019779,"level":"DEBUG","args":["[Manus] Debug collector initialized (no rrweb, UI events only)"],"stack":null}
[2026-06-16T01:23:42.781Z] {"timestamp":1781573020355,"level":"DEBUG","args":["[vite] connected."],"stack":null}
[2026-06-16T01:23:52.009Z] {"timestamp":1781573029614,"level":"DEBUG","args":["[Manus] Debug collector initialized (no rrweb, UI events only)"],"stack":null}
[2026-06-16T01:23:52.009Z] {"timestamp":1781573030356,"level":"DEBUG","args":["[vite] connected."],"stack":null}
[2026-06-16T01:23:58.843Z] {"timestamp":1781573035746,"level":"DEBUG","args":["[Manus] Debug collector initialized (no rrweb, UI events only)"],"stack":null}
[2026-06-16T01:24:19.782Z] {"timestamp":1781573057474,"level":"DEBUG","args":["[Manus] Debug collector initialized (no rrweb, UI events only)"],"stack":null}
[2026-06-16T01:24:19.782Z] {"timestamp":1781573058048,"level":"DEBUG","args":["[vite] connected."],"stack":null}
[2026-06-16T01:24:25.796Z] {"timestamp":1781573063234,"level":"DEBUG","args":["[Manus] Debug collector initialized (no rrweb, UI events only)"],"stack":null}
[2026-06-16T01:24:25.796Z] {"timestamp":1781573063807,"level":"DEBUG","args":["[vite] connected."],"stack":null}
[2026-06-16T01:24:31.010Z] {"timestamp":1781573067735,"level":"DEBUG","args":["[Manus] Debug collector initialized (no rrweb, UI events only)"],"stack":null}
[2026-06-16T01:24:31.010Z] {"timestamp":1781573068515,"level":"DEBUG","args":["[vite] connected."],"stack":null}
[2026-06-16T01:24:37.785Z] {"timestamp":1781573076164,"level":"DEBUG","args":["[vite]","hot updated: /src/pages/mystic/MysticHome.tsx"],"stack":null}
[2026-06-16T01:24:37.785Z] {"timestamp":1781573076164,"level":"DEBUG","args":["[vite]","hot updated: /src/index.css"],"stack":null}
[2026-06-16T01:24:42.781Z] {"timestamp":1781573080377,"level":"DEBUG","args":["[Manus] Debug collector initialized (no rrweb, UI events only)"],"stack":null}
[2026-06-16T01:24:42.781Z] {"timestamp":1781573080760,"level":"DEBUG","args":["[vite] connected."],"stack":null}
[2026-06-16T01:24:53.797Z] {"timestamp":1781573091371,"level":"DEBUG","args":["[Manus] Debug collector initialized (no rrweb, UI events only)"],"stack":null}
[2026-06-16T01:24:53.798Z] {"timestamp":1781573091944,"level":"DEBUG","args":["[vite] connected."],"stack":null}
[2026-06-16T01:24:55.011Z] {"timestamp":1781573091825,"level":"DEBUG","args":["[Manus] Debug collector initialized (no rrweb, UI events only)"],"stack":null}
[2026-06-16T01:24:55.011Z] {"timestamp":1781573092562,"level":"DEBUG","args":["[vite] connected."],"stack":null}
[2026-06-16T01:25:17.783Z] {"timestamp":1781573116112,"level":"DEBUG","args":["[vite]","hot updated: /src/pages/Partnership.tsx"],"stack":null}
[2026-06-16T01:25:17.783Z] {"timestamp":1781573116112,"level":"DEBUG","args":["[vite]","hot updated: /src/index.css"],"stack":null}
[2026-06-16T01:25:22.781Z] {"timestamp":1781573120245,"level":"DEBUG","args":["[Manus] Debug collector initialized (no rrweb, UI events only)"],"stack":null}
[2026-06-16T01:25:22.781Z] {"timestamp":1781573120814,"level":"DEBUG","args":["[vite] connected."],"stack":null}
[2026-06-16T01:25:39.019Z] {"timestamp":1781573135861,"level":"DEBUG","args":["[Manus] Debug collector initialized (no rrweb, UI events only)"],"stack":null}
[2026-06-16T01:25:39.019Z] {"timestamp":1781573136990,"level":"ERROR","args":["[vite] failed to connect to websocket.\nyour current setup:\n  (browser) 3000-i7fre0uhovs44d3ru3bh9-43e284af.us2.manus.computer/ <--[HTTP]--> localhost:5173/ (server)\n  (browser) 3000-i7fre0uhovs44d3ru3bh9-43e284af.us2.manus.computer:/ <--[WebSocket (failing)]--> localhost:5173/ (server)\nCheck out your Vite / network configuration and https://vite.dev/config/server-options.html#server-hmr ."],"stack":"Error\n    at console.<computed> [as error] (https://3000-i7fre0uhovs44d3ru3bh9-43e284af.us2.manus.computer/__manus__/debug-collector.js:391:37)\n    at Object.connect (https://3000-i7fre0uhovs44d3ru3bh9-43e284af.us2.manus.computer/@vite/client:765:16)\n    at async Object.connect (https://3000-i7fre0uhovs44d3ru3bh9-43e284af.us2.manus.computer/@vite/client:381:5)"}
[2026-06-16T01:25:40.785Z] {"timestamp":1781573137809,"level":"DEBUG","args":["[Manus] Debug collector initialized (no rrweb, UI events only)"],"stack":null}
[2026-06-16T01:25:40.785Z] {"timestamp":1781573138381,"level":"DEBUG","args":["[vite] connected."],"stack":null}
[2026-06-16T01:26:46.050Z] {"timestamp":1781573202832,"level":"DEBUG","args":["[Manus] Debug collector initialized (no rrweb, UI events only)"],"stack":null}
[2026-06-16T01:26:46.050Z] {"timestamp":1781573203584,"level":"DEBUG","args":["[vite] connected."],"stack":null}
[2026-06-16T01:27:25.786Z] {"timestamp":1781573243480,"level":"DEBUG","args":["[Manus] Debug collector initialized (no rrweb, UI events only)"],"stack":null}
[2026-06-16T01:27:25.786Z] {"timestamp":1781573244064,"level":"DEBUG","args":["[vite] connected."],"stack":null}
[2026-06-16T01:27:37.782Z] {"timestamp":1781573255395,"level":"DEBUG","args":["[Manus] Debug collector initialized (no rrweb, UI events only)"],"stack":null}
[2026-06-16T01:27:37.783Z] {"timestamp":1781573255978,"level":"DEBUG","args":["[vite] connected."],"stack":null}
[2026-06-16T01:27:51.781Z] {"timestamp":1781573269389,"level":"DEBUG","args":["[Manus] Debug collector initialized (no rrweb, UI events only)"],"stack":null}
[2026-06-16T01:27:51.781Z] {"timestamp":1781573269974,"level":"DEBUG","args":["[vite] connected."],"stack":null}
[2026-06-16T01:27:57.837Z] {"timestamp":1781573276445,"level":"DEBUG","args":["[vite]","hot updated: /src/index.css"],"stack":null}
[2026-06-16T01:28:02.782Z] {"timestamp":1781573280030,"level":"DEBUG","args":["[Manus] Debug collector initialized (no rrweb, UI events only)"],"stack":null}
[2026-06-16T01:28:02.782Z] {"timestamp":1781573280608,"level":"DEBUG","args":["[vite] connected."],"stack":null}
[2026-06-16T01:28:12.784Z] {"timestamp":1781573290380,"level":"DEBUG","args":["[Manus] Debug collector initialized (no rrweb, UI events only)"],"stack":null}
[2026-06-16T01:28:12.784Z] {"timestamp":1781573290764,"level":"DEBUG","args":["[vite] connected."],"stack":null}
[2026-06-16T01:28:21.782Z] {"timestamp":1781573298928,"level":"DEBUG","args":["[Manus] Debug collector initialized (no rrweb, UI events only)"],"stack":null}
[2026-06-16T01:28:21.782Z] {"timestamp":1781573299508,"level":"DEBUG","args":["[vite] connected."],"stack":null}
[2026-06-16T01:28:34.783Z] {"timestamp":1781573312023,"level":"DEBUG","args":["[Manus] Debug collector initialized (no rrweb, UI events only)"],"stack":null}
[2026-06-16T01:28:34.783Z] {"timestamp":1781573312607,"level":"DEBUG","args":["[vite] connected."],"stack":null}
[2026-06-16T01:28:44.014Z] {"timestamp":1781573321462,"level":"DEBUG","args":["[Manus] Debug collector initialized (no rrweb, UI events only)"],"stack":null}
[2026-06-16T01:28:44.014Z] {"timestamp":1781573322252,"level":"DEBUG","args":["[vite] connected."],"stack":null}
[2026-06-16T01:28:45.786Z] {"timestamp":1781573323481,"level":"DEBUG","args":["[Manus] Debug collector initialized (no rrweb, UI events only)"],"stack":null}
[2026-06-16T01:28:45.786Z] {"timestamp":1781573324066,"level":"DEBUG","args":["[vite] connected."],"stack":null}
[2026-06-16T01:28:51.782Z] {"timestamp":1781573329073,"level":"DEBUG","args":["[Manus] Debug collector initialized (no rrweb, UI events only)"],"stack":null}
[2026-06-16T01:28:51.782Z] {"timestamp":1781573329460,"level":"DEBUG","args":["[vite] connected."],"stack":null}
[2026-06-16T01:29:10.260Z] {"timestamp":1781573346945,"level":"DEBUG","args":["[Manus] Debug collector initialized (no rrweb, UI events only)"],"stack":null}
[2026-06-16T01:29:10.260Z] {"timestamp":1781573347733,"level":"ERROR","args":["[vite] failed to connect to websocket.\nyour current setup:\n  (browser) 3000-i7fre0uhovs44d3ru3bh9-43e284af.us2.manus.computer/ <--[HTTP]--> localhost:5173/ (server)\n  (browser) 3000-i7fre0uhovs44d3ru3bh9-43e284af.us2.manus.computer:/ <--[WebSocket (failing)]--> localhost:5173/ (server)\nCheck out your Vite / network configuration and https://vite.dev/config/server-options.html#server-hmr ."],"stack":"Error\n    at console.<computed> [as error] (https://3000-i7fre0uhovs44d3ru3bh9-43e284af.us2.manus.computer/__manus__/debug-collector.js:391:37)\n    at Object.connect (https://3000-i7fre0uhovs44d3ru3bh9-43e284af.us2.manus.computer/@vite/client:765:16)\n    at async Object.connect (https://3000-i7fre0uhovs44d3ru3bh9-43e284af.us2.manus.computer/@vite/client:381:5)"}
[2026-06-16T01:30:53.781Z] {"timestamp":1781573451040,"level":"DEBUG","args":["[Manus] Debug collector initialized (no rrweb, UI events only)"],"stack":null}
[2026-06-16T01:30:53.781Z] {"timestamp":1781573451625,"level":"DEBUG","args":["[vite] connected."],"stack":null}
[2026-06-16T01:31:09.038Z] {"timestamp":1781573466149,"level":"DEBUG","args":["[Manus] Debug collector initialized (no rrweb, UI events only)"],"stack":null}
[2026-06-16T01:31:09.038Z] {"timestamp":1781573466927,"level":"DEBUG","args":["[vite] connected."],"stack":null}
[2026-06-16T01:31:26.618Z] {"timestamp":1781573484381,"level":"DEBUG","args":["[Manus] Debug collector initialized (no rrweb, UI events only)"],"stack":null}
[2026-06-16T01:31:26.618Z] {"timestamp":1781573484958,"level":"DEBUG","args":["[vite] connected."],"stack":null}
[2026-06-16T01:31:32.782Z] {"timestamp":1781573491872,"level":"ERROR","args":["[vite]","Failed to reload /src/pages/mystic/MysticHome.tsx. This could be due to syntax errors or importing non-existent modules. (see errors above)"],"stack":"Error\n    at console.<computed> [as error] (https://3000-i7fre0uhovs44d3ru3bh9-43e284af.us2.manus.computer/__manus__/debug-collector.js:391:37)\n    at Object.error (https://3000-i7fre0uhovs44d3ru3bh9-43e284af.us2.manus.computer/@vite/client:809:26)\n    at HMRClient.warnFailedUpdate (https://3000-i7fre0uhovs44d3ru3bh9-43e284af.us2.manus.computer/@vite/client:181:15)\n    at HMRClient.fetchUpdate (https://3000-i7fre0uhovs44d3ru3bh9-43e284af.us2.manus.computer/@vite/client:212:10)\n    at async Promise.all (index 0)\n    at async HMRClient.queueUpdate (https://3000-i7fre0uhovs44d3ru3bh9-43e284af.us2.manus.computer/@vite/client:196:5)\n    at async Promise.all (index 0)\n    at async handleMessage (https://3000-i7fre0uhovs44d3ru3bh9-43e284af.us2.manus.computer/@vite/client:838:4)"}
[2026-06-16T01:31:32.782Z] {"timestamp":1781573491873,"level":"DEBUG","args":["[vite]","hot updated: /src/pages/mystic/MysticHome.tsx"],"stack":null}
[2026-06-16T01:31:32.782Z] {"timestamp":1781573491873,"level":"DEBUG","args":["[vite]","hot updated: /src/index.css"],"stack":null}
[2026-06-16T01:31:37.796Z] {"timestamp":1781573495151,"level":"DEBUG","args":["[Manus] Debug collector initialized (no rrweb, UI events only)"],"stack":null}
[2026-06-16T01:31:37.796Z] {"timestamp":1781573495735,"level":"DEBUG","args":["[vite] connected."],"stack":null}
[2026-06-16T01:31:49.012Z] {"timestamp":1781573506134,"level":"DEBUG","args":["[Manus] Debug collector initialized (no rrweb, UI events only)"],"stack":null}
[2026-06-16T01:31:49.012Z] {"timestamp":1781573506905,"level":"DEBUG","args":["[vite] connected."],"stack":null}
[2026-06-16T01:31:50.693Z] {"timestamp":1781573508444,"level":"DEBUG","args":["[Manus] Debug collector initialized (no rrweb, UI events only)"],"stack":null}
[2026-06-16T01:31:50.693Z] {"timestamp":1781573509029,"level":"DEBUG","args":["[vite] connected."],"stack":null}
[2026-06-16T01:31:54.796Z] {"timestamp":1781573512028,"level":"DEBUG","args":["[Manus] Debug collector initialized (no rrweb, UI events only)"],"stack":null}
[2026-06-16T01:31:54.796Z] {"timestamp":1781573512612,"level":"DEBUG","args":["[vite] connected."],"stack":null}
[2026-06-16T01:31:58.011Z] {"timestamp":1781573514698,"level":"DEBUG","args":["[Manus] Debug collector initialized (no rrweb, UI events only)"],"stack":null}
[2026-06-16T01:31:58.011Z] {"timestamp":1781573515458,"level":"DEBUG","args":["[vite] connected."],"stack":null}
[2026-06-16T01:32:00.795Z] {"timestamp":1781573518236,"level":"DEBUG","args":["[Manus] Debug collector initialized (no rrweb, UI events only)"],"stack":null}
[2026-06-16T01:32:00.795Z] {"timestamp":1781573518821,"level":"DEBUG","args":["[vite] connected."],"stack":null}
[2026-06-16T01:32:03.067Z] {"timestamp":1781573520255,"level":"DEBUG","args":["[Manus] Debug collector initialized (no rrweb, UI events only)"],"stack":null}
[2026-06-16T01:32:03.067Z] {"timestamp":1781573521112,"level":"DEBUG","args":["[vite] connected."],"stack":null}
[2026-06-16T01:32:30.781Z] {"timestamp":1781573549015,"level":"DEBUG","args":["[vite]","hot updated: /src/pages/mystic/MysticHome.tsx"],"stack":null}
[2026-06-16T01:32:30.781Z] {"timestamp":1781573549015,"level":"DEBUG","args":["[vite]","hot updated: /src/index.css"],"stack":null}
[2026-06-16T01:32:31.012Z] {"timestamp":1781573549224,"level":"DEBUG","args":["[vite]","hot updated: /src/pages/mystic/MysticHome.tsx"],"stack":null}
[2026-06-16T01:32:31.012Z] {"timestamp":1781573549224,"level":"DEBUG","args":["[vite]","hot updated: /src/index.css"],"stack":null}
[2026-06-16T01:32:36.050Z] {"timestamp":1781573553286,"level":"DEBUG","args":["[Manus] Debug collector initialized (no rrweb, UI events only)"],"stack":null}
[2026-06-16T01:32:36.050Z] {"timestamp":1781573554062,"level":"DEBUG","args":["[vite] connected."],"stack":null}
[2026-06-16T01:32:37.796Z] {"timestamp":1781573555369,"level":"DEBUG","args":["[Manus] Debug collector initialized (no rrweb, UI events only)"],"stack":null}
[2026-06-16T01:32:37.796Z] {"timestamp":1781573555955,"level":"DEBUG","args":["[vite] connected."],"stack":null}
[2026-06-16T01:32:39.054Z] {"timestamp":1781573556526,"level":"DEBUG","args":["[Manus] Debug collector initialized (no rrweb, UI events only)"],"stack":null}
[2026-06-16T01:32:39.054Z] {"timestamp":1781573557292,"level":"DEBUG","args":["[vite] connected."],"stack":null}
[2026-06-16T01:32:47.018Z] {"timestamp":1781573565745,"level":"DEBUG","args":["[vite]","hot updated: /src/pages/Partnership.tsx"],"stack":null}
[2026-06-16T01:32:47.018Z] {"timestamp":1781573565746,"level":"DEBUG","args":["[vite]","hot updated: /src/index.css"],"stack":null}
[2026-06-16T01:32:47.781Z] {"timestamp":1781573565800,"level":"DEBUG","args":["[vite]","hot updated: /src/pages/Partnership.tsx"],"stack":null}
[2026-06-16T01:32:47.781Z] {"timestamp":1781573565800,"level":"DEBUG","args":["[vite]","hot updated: /src/index.css"],"stack":null}
[2026-06-16T01:32:52.049Z] {"timestamp":1781573569389,"level":"DEBUG","args":["[Manus] Debug collector initialized (no rrweb, UI events only)"],"stack":null}
[2026-06-16T01:32:52.049Z] {"timestamp":1781573570169,"level":"DEBUG","args":["[vite] connected."],"stack":null}
[2026-06-16T01:32:53.794Z] {"timestamp":1781573571417,"level":"DEBUG","args":["[Manus] Debug collector initialized (no rrweb, UI events only)"],"stack":null}
[2026-06-16T01:32:53.794Z] {"timestamp":1781573572010,"level":"DEBUG","args":["[vite] connected."],"stack":null}
[2026-06-16T01:32:56.040Z] {"timestamp":1781573573605,"level":"DEBUG","args":["[Manus] Debug collector initialized (no rrweb, UI events only)"],"stack":null}
[2026-06-16T01:32:56.040Z] {"timestamp":1781573574394,"level":"DEBUG","args":["[vite] connected."],"stack":null}
[2026-06-16T01:33:20.020Z] {"timestamp":1781573597763,"level":"DEBUG","args":["[Manus] Debug collector initialized (no rrweb, UI events only)"],"stack":null}
[2026-06-16T01:33:20.020Z] {"timestamp":1781573598358,"level":"DEBUG","args":["[vite] connected."],"stack":null}
[2026-06-16T01:33:20.064Z] {"timestamp":1781573597692,"level":"DEBUG","args":["[Manus] Debug collector initialized (no rrweb, UI events only)"],"stack":null}
[2026-06-16T01:33:20.064Z] {"timestamp":1781573598436,"level":"DEBUG","args":["[vite] connected."],"stack":null}
[2026-06-16T01:33:30.794Z] {"timestamp":1781573608316,"level":"DEBUG","args":["[Manus] Debug collector initialized (no rrweb, UI events only)"],"stack":null}
[2026-06-16T01:33:30.794Z] {"timestamp":1781573608901,"level":"DEBUG","args":["[vite] connected."],"stack":null}
[2026-06-16T01:33:32.040Z] {"timestamp":1781573608866,"level":"DEBUG","args":["[Manus] Debug collector initialized (no rrweb, UI events only)"],"stack":null}
[2026-06-16T01:33:32.040Z] {"timestamp":1781573609613,"level":"DEBUG","args":["[vite] connected."],"stack":null}
[2026-06-16T01:33:40.180Z] {"timestamp":1781573618174,"level":"DEBUG","args":["[Manus] Debug collector initialized (no rrweb, UI events only)"],"stack":null}
[2026-06-16T01:33:40.180Z] {"timestamp":1781573618184,"level":"DEBUG","args":["[vite] connected."],"stack":null}
[2026-06-16T01:33:40.180Z] {"timestamp":1781573618636,"level":"INFO","args":["%cDownload the React DevTools for a better development experience: https://react.dev/link/react-devtools","font-weight:bold"],"stack":null}
[2026-06-16T01:34:07.797Z] {"timestamp":1781573645234,"level":"DEBUG","args":["[Manus] Debug collector initialized (no rrweb, UI events only)"],"stack":null}
[2026-06-16T01:34:07.797Z] {"timestamp":1781573645818,"level":"DEBUG","args":["[vite] connected."],"stack":null}
[2026-06-16T01:34:08.039Z] {"timestamp":1781573645306,"level":"DEBUG","args":["[Manus] Debug collector initialized (no rrweb, UI events only)"],"stack":null}
[2026-06-16T01:34:08.040Z] {"timestamp":1781573646060,"level":"DEBUG","args":["[vite] connected."],"stack":null}
[2026-06-16T01:34:19.084Z] {"timestamp":1781573656708,"level":"DEBUG","args":["[Manus] Debug collector initialized (no rrweb, UI events only)"],"stack":null}
[2026-06-16T01:34:19.084Z] {"timestamp":1781573657475,"level":"DEBUG","args":["[vite] connected."],"stack":null}
[2026-06-16T01:34:27.694Z] {"timestamp":1781573665445,"level":"DEBUG","args":["[Manus] Debug collector initialized (no rrweb, UI events only)"],"stack":null}
[2026-06-16T01:34:27.694Z] {"timestamp":1781573666032,"level":"DEBUG","args":["[vite] connected."],"stack":null}
[2026-06-16T01:41:04.780Z] {"timestamp":1781574061631,"level":"DEBUG","args":["[Manus] Debug collector initialized (no rrweb, UI events only)"],"stack":null}
[2026-06-16T01:41:04.780Z] {"timestamp":1781574062219,"level":"DEBUG","args":["[vite] connected."],"stack":null}
[2026-06-16T01:46:03.783Z] {"timestamp":1781574361536,"level":"DEBUG","args":["[Manus] Debug collector initialized (no rrweb, UI events only)"],"stack":null}
[2026-06-16T01:46:03.783Z] {"timestamp":1781574362130,"level":"DEBUG","args":["[vite] connected."],"stack":null}
[2026-06-16T01:48:16.015Z] {"timestamp":1781574493439,"level":"DEBUG","args":["[Manus] Debug collector initialized (no rrweb, UI events only)"],"stack":null}
[2026-06-16T01:48:16.015Z] {"timestamp":1781574494191,"level":"DEBUG","args":["[vite] connected."],"stack":null}
[2026-06-16T01:52:36.828Z] {"timestamp":1781574754585,"level":"DEBUG","args":["[Manus] Debug collector initialized (no rrweb, UI events only)"],"stack":null}
[2026-06-16T01:52:36.828Z] {"timestamp":1781574755172,"level":"DEBUG","args":["[vite] connected."],"stack":null}
[2026-06-16T01:56:20.066Z] {"timestamp":1781574977412,"level":"DEBUG","args":["[Manus] Debug collector initialized (no rrweb, UI events only)"],"stack":null}
[2026-06-16T01:56:20.066Z] {"timestamp":1781574978161,"level":"DEBUG","args":["[vite] connected."],"stack":null}
[2026-06-16T02:01:16.022Z] {"timestamp":1781575273433,"level":"DEBUG","args":["[Manus] Debug collector initialized (no rrweb, UI events only)"],"stack":null}
[2026-06-16T02:01:16.022Z] {"timestamp":1781575274171,"level":"DEBUG","args":["[vite] connected."],"stack":null}
[2026-06-16T02:02:03.779Z] {"timestamp":1781575321897,"level":"DEBUG","args":["[vite]","hot updated: /src/pages/Home.tsx"],"stack":null}
[2026-06-16T02:02:03.779Z] {"timestamp":1781575321897,"level":"DEBUG","args":["[vite]","hot updated: /src/index.css"],"stack":null}
[2026-06-16T02:02:09.793Z] {"timestamp":1781575326882,"level":"DEBUG","args":["[Manus] Debug collector initialized (no rrweb, UI events only)"],"stack":null}
[2026-06-16T02:02:09.793Z] {"timestamp":1781575327466,"level":"DEBUG","args":["[vite] connected."],"stack":null}
[2026-06-16T02:02:23.016Z] {"timestamp":1781575339938,"level":"DEBUG","args":["[Manus] Debug collector initialized (no rrweb, UI events only)"],"stack":null}
[2026-06-16T02:02:23.016Z] {"timestamp":1781575340757,"level":"DEBUG","args":["[vite] connected."],"stack":null}
[2026-06-16T02:03:01.018Z] {"timestamp":1781575378049,"level":"DEBUG","args":["[Manus] Debug collector initialized (no rrweb, UI events only)"],"stack":null}
[2026-06-16T02:03:01.018Z] {"timestamp":1781575378796,"level":"DEBUG","args":["[vite] connected."],"stack":null}
[2026-06-16T02:03:05.780Z] {"timestamp":1781575385061,"level":"DEBUG","args":["[vite]","hot updated: /src/pages/mystic/MysticHome.tsx"],"stack":null}
[2026-06-16T02:03:05.780Z] {"timestamp":1781575385061,"level":"DEBUG","args":["[vite]","hot updated: /src/index.css"],"stack":null}
[2026-06-16T02:03:11.796Z] {"timestamp":1781575388878,"level":"DEBUG","args":["[Manus] Debug collector initialized (no rrweb, UI events only)"],"stack":null}
[2026-06-16T02:03:11.796Z] {"timestamp":1781575389462,"level":"DEBUG","args":["[vite] connected."],"stack":null}
[2026-06-16T02:03:15.794Z] {"timestamp":1781575393140,"level":"DEBUG","args":["[Manus] Debug collector initialized (no rrweb, UI events only)"],"stack":null}
[2026-06-16T02:03:15.794Z] {"timestamp":1781575393723,"level":"DEBUG","args":["[vite] connected."],"stack":null}
[2026-06-16T02:03:20.019Z] {"timestamp":1781575397431,"level":"DEBUG","args":["[Manus] Debug collector initialized (no rrweb, UI events only)"],"stack":null}
[2026-06-16T02:03:20.019Z] {"timestamp":1781575398167,"level":"DEBUG","args":["[vite] connected."],"stack":null}
[2026-06-16T02:03:53.020Z] {"timestamp":1781575430426,"level":"DEBUG","args":["[Manus] Debug collector initialized (no rrweb, UI events only)"],"stack":null}
[2026-06-16T02:03:53.020Z] {"timestamp":1781575431193,"level":"DEBUG","args":["[vite] connected."],"stack":null}
[2026-06-16T02:04:10.795Z] {"timestamp":1781575447833,"level":"DEBUG","args":["[Manus] Debug collector initialized (no rrweb, UI events only)"],"stack":null}
[2026-06-16T02:04:10.795Z] {"timestamp":1781575448414,"level":"DEBUG","args":["[vite] connected."],"stack":null}
[2026-06-16T02:04:15.015Z] {"timestamp":1781575452332,"level":"DEBUG","args":["[Manus] Debug collector initialized (no rrweb, UI events only)"],"stack":null}
[2026-06-16T02:04:15.015Z] {"timestamp":1781575453073,"level":"DEBUG","args":["[vite] connected."],"stack":null}
[2026-06-16T02:04:21.005Z] {"timestamp":1781575459000,"level":"DEBUG","args":["[Manus] Debug collector initialized (no rrweb, UI events only)"],"stack":null}
[2026-06-16T02:04:21.005Z] {"timestamp":1781575459016,"level":"DEBUG","args":["[vite] connected."],"stack":null}
[2026-06-16T02:04:21.005Z] {"timestamp":1781575459444,"level":"INFO","args":["%cDownload the React DevTools for a better development experience: https://react.dev/link/react-devtools","font-weight:bold"],"stack":null}
[2026-06-16T02:04:33.019Z] {"timestamp":1781575469947,"level":"DEBUG","args":["[Manus] Debug collector initialized (no rrweb, UI events only)"],"stack":null}
[2026-06-16T02:04:33.019Z] {"timestamp":1781575470712,"level":"DEBUG","args":["[vite] connected."],"stack":null}
[2026-06-16T02:05:15.803Z] {"timestamp":1781575512827,"level":"DEBUG","args":["[Manus] Debug collector initialized (no rrweb, UI events only)"],"stack":null}
[2026-06-16T02:05:15.803Z] {"timestamp":1781575513415,"level":"DEBUG","args":["[vite] connected."],"stack":null}
[2026-06-16T02:05:20.801Z] {"timestamp":1781575518180,"level":"DEBUG","args":["[Manus] Debug collector initialized (no rrweb, UI events only)"],"stack":null}
[2026-06-16T02:05:20.801Z] {"timestamp":1781575518768,"level":"DEBUG","args":["[vite] connected."],"stack":null}
[2026-06-16T02:05:29.023Z] {"timestamp":1781575526138,"level":"DEBUG","args":["[Manus] Debug collector initialized (no rrweb, UI events only)"],"stack":null}
[2026-06-16T02:05:29.023Z] {"timestamp":1781575526903,"level":"DEBUG","args":["[vite] connected."],"stack":null}
[2026-06-16T02:05:50.781Z] {"timestamp":1781575549617,"level":"LOG","args":["[vite] server connection lost. Polling for restart..."],"stack":null}
[2026-06-16T02:05:53.021Z] {"timestamp":1781575550498,"level":"DEBUG","args":["[Manus] Debug collector initialized (no rrweb, UI events only)"],"stack":null}
[2026-06-16T02:05:53.021Z] {"timestamp":1781575551246,"level":"DEBUG","args":["[vite] connected."],"stack":null}
[2026-06-16T02:05:53.360Z] {"timestamp":1781575551153,"level":"DEBUG","args":["[Manus] Debug collector initialized (no rrweb, UI events only)"],"stack":null}
[2026-06-16T02:05:53.360Z] {"timestamp":1781575551736,"level":"DEBUG","args":["[vite] connected."],"stack":null}
[2026-06-16T02:06:31.339Z] {"timestamp":1781575589248,"level":"DEBUG","args":["[vite]","hot updated: /src/pages/mystic/MysticHome.tsx"],"stack":null}
[2026-06-16T02:06:31.339Z] {"timestamp":1781575589248,"level":"DEBUG","args":["[vite]","hot updated: /src/index.css"],"stack":null}
[2026-06-16T02:06:35.795Z] {"timestamp":1781575592996,"level":"DEBUG","args":["[Manus] Debug collector initialized (no rrweb, UI events only)"],"stack":null}
[2026-06-16T02:06:35.795Z] {"timestamp":1781575593573,"level":"DEBUG","args":["[vite] connected."],"stack":null}
[2026-06-16T02:06:41.795Z] {"timestamp":1781575598597,"level":"DEBUG","args":["[Manus] Debug collector initialized (no rrweb, UI events only)"],"stack":null}
[2026-06-16T02:06:41.796Z] {"timestamp":1781575599181,"level":"DEBUG","args":["[vite] connected."],"stack":null}
[2026-06-16T02:06:48.021Z] {"timestamp":1781575604826,"level":"DEBUG","args":["[Manus] Debug collector initialized (no rrweb, UI events only)"],"stack":null}
[2026-06-16T02:06:48.021Z] {"timestamp":1781575605589,"level":"DEBUG","args":["[vite] connected."],"stack":null}
[2026-06-16T02:06:51.726Z] {"timestamp":1781575609721,"level":"DEBUG","args":["[Manus] Debug collector initialized (no rrweb, UI events only)"],"stack":null}
[2026-06-16T02:06:51.726Z] {"timestamp":1781575609730,"level":"DEBUG","args":["[vite] connected."],"stack":null}
[2026-06-16T02:06:51.726Z] {"timestamp":1781575610145,"level":"INFO","args":["%cDownload the React DevTools for a better development experience: https://react.dev/link/react-devtools","font-weight:bold"],"stack":null}
[2026-06-16T02:07:26.022Z] {"timestamp":1781575643299,"level":"DEBUG","args":["[Manus] Debug collector initialized (no rrweb, UI events only)"],"stack":null}
[2026-06-16T02:07:26.022Z] {"timestamp":1781575644083,"level":"DEBUG","args":["[vite] connected."],"stack":null}
[2026-06-16T02:10:22.781Z] {"timestamp":1781575820303,"level":"DEBUG","args":["[Manus] Debug collector initialized (no rrweb, UI events only)"],"stack":null}
[2026-06-16T02:10:22.781Z] {"timestamp":1781575821047,"level":"DEBUG","args":["[vite] connected."],"stack":null}
[2026-06-16T02:12:26.782Z] {"timestamp":1781575944013,"level":"DEBUG","args":["[Manus] Debug collector initialized (no rrweb, UI events only)"],"stack":null}
[2026-06-16T02:12:26.782Z] {"timestamp":1781575945053,"level":"DEBUG","args":["[vite] connected."],"stack":null}
[2026-06-16T02:13:20.161Z] {"timestamp":1781575997652,"level":"DEBUG","args":["[Manus] Debug collector initialized (no rrweb, UI events only)"],"stack":null}
[2026-06-16T02:13:20.161Z] {"timestamp":1781575998447,"level":"DEBUG","args":["[vite] connected."],"stack":null}
[2026-06-16T02:17:05.785Z] {"timestamp":1781576222869,"level":"DEBUG","args":["[Manus] Debug collector initialized (no rrweb, UI events only)"],"stack":null}
[2026-06-16T02:17:05.785Z] {"timestamp":1781576223475,"level":"DEBUG","args":["[vite] connected."],"stack":null}
[2026-06-16T02:20:16.021Z] {"timestamp":1781576413412,"level":"DEBUG","args":["[Manus] Debug collector initialized (no rrweb, UI events only)"],"stack":null}
[2026-06-16T02:20:16.022Z] {"timestamp":1781576414182,"level":"DEBUG","args":["[vite] connected."],"stack":null}
[2026-06-16T02:22:03.778Z] {"timestamp":1781576521136,"level":"DEBUG","args":["[Manus] Debug collector initialized (no rrweb, UI events only)"],"stack":null}
[2026-06-16T02:22:03.778Z] {"timestamp":1781576521703,"level":"DEBUG","args":["[vite] connected."],"stack":null}
[2026-06-16T02:25:45.566Z] {"timestamp":1781576743378,"level":"DEBUG","args":["[Manus] Debug collector initialized (no rrweb, UI events only)"],"stack":null}
[2026-06-16T02:25:45.566Z] {"timestamp":1781576744171,"level":"DEBUG","args":["[vite] connected."],"stack":null}
[2026-06-16T02:26:16.022Z] {"timestamp":1781576773432,"level":"DEBUG","args":["[Manus] Debug collector initialized (no rrweb, UI events only)"],"stack":null}
[2026-06-16T02:26:16.022Z] {"timestamp":1781576774188,"level":"DEBUG","args":["[vite] connected."],"stack":null}
[2026-06-16T02:26:48.171Z] {"timestamp":1781576805981,"level":"DEBUG","args":["[Manus] Debug collector initialized (no rrweb, UI events only)"],"stack":null}
[2026-06-16T02:26:48.171Z] {"timestamp":1781576807247,"level":"DEBUG","args":["[vite] connected."],"stack":null}
[2026-06-16T02:28:50.776Z] {"timestamp":1781576929843,"level":"DEBUG","args":["[vite]","hot updated: /src/index.css"],"stack":null}
[2026-06-16T02:28:54.773Z] {"timestamp":1781576932255,"level":"DEBUG","args":["[Manus] Debug collector initialized (no rrweb, UI events only)"],"stack":null}
[2026-06-16T02:28:54.773Z] {"timestamp":1781576932827,"level":"DEBUG","args":["[vite] connected."],"stack":null}
[2026-06-16T02:28:57.014Z] {"timestamp":1781576934241,"level":"DEBUG","args":["[Manus] Debug collector initialized (no rrweb, UI events only)"],"stack":null}
[2026-06-16T02:28:57.014Z] {"timestamp":1781576934993,"level":"DEBUG","args":["[vite] connected."],"stack":null}
[2026-06-16T02:29:03.773Z] {"timestamp":1781576941149,"level":"DEBUG","args":["[Manus] Debug collector initialized (no rrweb, UI events only)"],"stack":null}
[2026-06-16T02:29:03.773Z] {"timestamp":1781576941726,"level":"DEBUG","args":["[vite] connected."],"stack":null}
[2026-06-16T02:29:04.014Z] {"timestamp":1781576941452,"level":"DEBUG","args":["[Manus] Debug collector initialized (no rrweb, UI events only)"],"stack":null}
[2026-06-16T02:29:04.014Z] {"timestamp":1781576942191,"level":"DEBUG","args":["[vite] connected."],"stack":null}
[2026-06-16T02:29:17.776Z] {"timestamp":1781576955408,"level":"DEBUG","args":["[Manus] Debug collector initialized (no rrweb, UI events only)"],"stack":null}
[2026-06-16T02:29:17.776Z] {"timestamp":1781576955973,"level":"DEBUG","args":["[vite] connected."],"stack":null}
[2026-06-16T02:29:18.016Z] {"timestamp":1781576954915,"level":"DEBUG","args":["[Manus] Debug collector initialized (no rrweb, UI events only)"],"stack":null}
[2026-06-16T02:29:18.016Z] {"timestamp":1781576955663,"level":"DEBUG","args":["[vite] connected."],"stack":null}
[2026-06-16T02:29:50.115Z] {"timestamp":1781576988108,"level":"DEBUG","args":["[Manus] Debug collector initialized (no rrweb, UI events only)"],"stack":null}
[2026-06-16T02:29:50.115Z] {"timestamp":1781576988114,"level":"DEBUG","args":["[vite] connected."],"stack":null}
[2026-06-16T02:29:50.115Z] {"timestamp":1781576988494,"level":"INFO","args":["%cDownload the React DevTools for a better development experience: https://react.dev/link/react-devtools","font-weight:bold"],"stack":null}
[2026-06-16T02:34:03.778Z] {"timestamp":1781577241515,"level":"DEBUG","args":["[Manus] Debug collector initialized (no rrweb, UI events only)"],"stack":null}
[2026-06-16T02:34:03.778Z] {"timestamp":1781577242089,"level":"DEBUG","args":["[vite] connected."],"stack":null}
[2026-06-16T02:34:16.026Z] {"timestamp":1781577253455,"level":"DEBUG","args":["[Manus] Debug collector initialized (no rrweb, UI events only)"],"stack":null}
[2026-06-16T02:34:16.026Z] {"timestamp":1781577254190,"level":"DEBUG","args":["[vite] connected."],"stack":null}
[2026-06-16T02:35:05.779Z] {"timestamp":1781577304099,"level":"DEBUG","args":["[vite]","hot updated: /src/pages/Home.tsx"],"stack":null}
[2026-06-16T02:35:05.779Z] {"timestamp":1781577304099,"level":"DEBUG","args":["[vite]","hot updated: /src/index.css"],"stack":null}
[2026-06-16T02:35:10.777Z] {"timestamp":1781577308371,"level":"DEBUG","args":["[Manus] Debug collector initialized (no rrweb, UI events only)"],"stack":null}
[2026-06-16T02:35:10.777Z] {"timestamp":1781577308746,"level":"DEBUG","args":["[vite] connected."],"stack":null}
[2026-06-16T02:35:11.023Z] {"timestamp":1781577308762,"level":"DEBUG","args":["[Manus] Debug collector initialized (no rrweb, UI events only)"],"stack":null}
[2026-06-16T02:35:11.023Z] {"timestamp":1781577309506,"level":"DEBUG","args":["[vite] connected."],"stack":null}
[2026-06-16T02:35:19.779Z] {"timestamp":1781577317422,"level":"DEBUG","args":["[Manus] Debug collector initialized (no rrweb, UI events only)"],"stack":null}
[2026-06-16T02:35:19.779Z] {"timestamp":1781577317997,"level":"DEBUG","args":["[vite] connected."],"stack":null}
[2026-06-16T02:35:21.875Z] {"timestamp":1781577319869,"level":"DEBUG","args":["[Manus] Debug collector initialized (no rrweb, UI events only)"],"stack":null}
[2026-06-16T02:35:21.875Z] {"timestamp":1781577319880,"level":"DEBUG","args":["[vite] connected."],"stack":null}
[2026-06-16T02:35:21.875Z] {"timestamp":1781577320419,"level":"INFO","args":["%cDownload the React DevTools for a better development experience: https://react.dev/link/react-devtools","font-weight:bold"],"stack":null}
[2026-06-16T02:35:24.025Z] {"timestamp":1781577320933,"level":"DEBUG","args":["[Manus] Debug collector initialized (no rrweb, UI events only)"],"stack":null}
[2026-06-16T02:35:24.025Z] {"timestamp":1781577321672,"level":"DEBUG","args":["[vite] connected."],"stack":null}
[2026-06-16T02:43:16.019Z] {"timestamp":1781577793580,"level":"DEBUG","args":["[Manus] Debug collector initialized (no rrweb, UI events only)"],"stack":null}
[2026-06-16T02:43:16.019Z] {"timestamp":1781577794313,"level":"DEBUG","args":["[vite] connected."],"stack":null}
[2026-06-16T02:49:16.021Z] {"timestamp":1781578153335,"level":"DEBUG","args":["[Manus] Debug collector initialized (no rrweb, UI events only)"],"stack":null}
[2026-06-16T02:49:16.021Z] {"timestamp":1781578154077,"level":"DEBUG","args":["[vite] connected."],"stack":null}
[2026-06-16T02:54:24.018Z] {"timestamp":1781578461765,"level":"DEBUG","args":["[Manus] Debug collector initialized (no rrweb, UI events only)"],"stack":null}
[2026-06-16T02:54:24.018Z] {"timestamp":1781578462565,"level":"DEBUG","args":["[vite] connected."],"stack":null}
[2026-06-16T02:59:16.024Z] {"timestamp":1781578753553,"level":"DEBUG","args":["[Manus] Debug collector initialized (no rrweb, UI events only)"],"stack":null}
[2026-06-16T02:59:16.024Z] {"timestamp":1781578754313,"level":"DEBUG","args":["[vite] connected."],"stack":null}
[2026-06-16T03:04:16.020Z] {"timestamp":1781579053653,"level":"DEBUG","args":["[Manus] Debug collector initialized (no rrweb, UI events only)"],"stack":null}
[2026-06-16T03:04:16.020Z] {"timestamp":1781579054423,"level":"DEBUG","args":["[vite] connected."],"stack":null}
[2026-06-16T03:09:19.025Z] {"timestamp":1781579356655,"level":"DEBUG","args":["[Manus] Debug collector initialized (no rrweb, UI events only)"],"stack":null}
[2026-06-16T03:09:19.025Z] {"timestamp":1781579357481,"level":"DEBUG","args":["[vite] connected."],"stack":null}
[2026-06-16T03:14:22.028Z] {"timestamp":1781579659656,"level":"DEBUG","args":["[Manus] Debug collector initialized (no rrweb, UI events only)"],"stack":null}
[2026-06-16T03:14:22.028Z] {"timestamp":1781579660455,"level":"DEBUG","args":["[vite] connected."],"stack":null}
[2026-06-16T03:20:16.034Z] {"timestamp":1781580013453,"level":"DEBUG","args":["[Manus] Debug collector initialized (no rrweb, UI events only)"],"stack":null}
[2026-06-16T03:20:16.034Z] {"timestamp":1781580014219,"level":"DEBUG","args":["[vite] connected."],"stack":null}
[2026-06-16T03:27:16.086Z] {"timestamp":1781580433583,"level":"DEBUG","args":["[Manus] Debug collector initialized (no rrweb, UI events only)"],"stack":null}
[2026-06-16T03:27:16.086Z] {"timestamp":1781580434382,"level":"DEBUG","args":["[vite] connected."],"stack":null}
[2026-06-16T03:33:16.086Z] {"timestamp":1781580793412,"level":"DEBUG","args":["[Manus] Debug collector initialized (no rrweb, UI events only)"],"stack":null}
[2026-06-16T03:33:16.086Z] {"timestamp":1781580794156,"level":"DEBUG","args":["[vite] connected."],"stack":null}
[2026-06-16T03:39:25.034Z] {"timestamp":1781581161955,"level":"DEBUG","args":["[Manus] Debug collector initialized (no rrweb, UI events only)"],"stack":null}
[2026-06-16T03:39:25.034Z] {"timestamp":1781581162740,"level":"DEBUG","args":["[vite] connected."],"stack":null}
[2026-06-16T03:44:16.030Z] {"timestamp":1781581453354,"level":"DEBUG","args":["[Manus] Debug collector initialized (no rrweb, UI events only)"],"stack":null}
[2026-06-16T03:44:16.030Z] {"timestamp":1781581454117,"level":"DEBUG","args":["[vite] connected."],"stack":null}
[2026-06-16T03:49:16.030Z] {"timestamp":1781581753818,"level":"DEBUG","args":["[Manus] Debug collector initialized (no rrweb, UI events only)"],"stack":null}
[2026-06-16T03:49:16.030Z] {"timestamp":1781581754585,"level":"DEBUG","args":["[vite] connected."],"stack":null}
[2026-06-16T03:57:19.038Z] {"timestamp":1781582236707,"level":"DEBUG","args":["[Manus] Debug collector initialized (no rrweb, UI events only)"],"stack":null}
[2026-06-16T03:57:19.038Z] {"timestamp":1781582237486,"level":"DEBUG","args":["[vite] connected."],"stack":null}
[2026-06-16T06:29:43.783Z] {"timestamp":1781591381199,"level":"DEBUG","args":["[Manus] Debug collector initialized (no rrweb, UI events only)"],"stack":null}
[2026-06-16T06:29:43.783Z] {"timestamp":1781591381775,"level":"DEBUG","args":["[vite] connected."],"stack":null}
[2026-06-16T06:29:48.763Z] {"timestamp":1781591385789,"level":"DEBUG","args":["[Manus] Debug collector initialized (no rrweb, UI events only)"],"stack":null}
[2026-06-16T06:29:48.763Z] {"timestamp":1781591386365,"level":"DEBUG","args":["[vite] connected."],"stack":null}
[2026-06-16T06:30:12.775Z] {"timestamp":1781591410771,"level":"DEBUG","args":["[Manus] Debug collector initialized (no rrweb, UI events only)"],"stack":null}
[2026-06-16T06:30:12.775Z] {"timestamp":1781591410783,"level":"DEBUG","args":["[vite] connected."],"stack":null}
[2026-06-16T06:30:12.775Z] {"timestamp":1781591411224,"level":"INFO","args":["%cDownload the React DevTools for a better development experience: https://react.dev/link/react-devtools","font-weight:bold"],"stack":null}
[2026-06-16T06:30:21.794Z] {"timestamp":1781591418731,"level":"DEBUG","args":["[Manus] Debug collector initialized (no rrweb, UI events only)"],"stack":null}
[2026-06-16T06:30:31.045Z] {"timestamp":1781591428291,"level":"DEBUG","args":["[Manus] Debug collector initialized (no rrweb, UI events only)"],"stack":null}
[2026-06-16T06:30:31.045Z] {"timestamp":1781591429062,"level":"DEBUG","args":["[vite] connected."],"stack":null}
[2026-06-16T06:31:00.047Z] {"timestamp":1781591457219,"level":"DEBUG","args":["[Manus] Debug collector initialized (no rrweb, UI events only)"],"stack":null}
[2026-06-16T06:31:00.047Z] {"timestamp":1781591457967,"level":"DEBUG","args":["[vite] connected."],"stack":null}
[2026-06-16T06:35:13.122Z] {"timestamp":1781591710557,"level":"DEBUG","args":["[Manus] Debug collector initialized (no rrweb, UI events only)"],"stack":null}
[2026-06-16T06:36:06.763Z] {"timestamp":1781591763924,"level":"DEBUG","args":["[Manus] Debug collector initialized (no rrweb, UI events only)"],"stack":null}
[2026-06-16T06:39:16.047Z] {"timestamp":1781591953447,"level":"DEBUG","args":["[Manus] Debug collector initialized (no rrweb, UI events only)"],"stack":null}
[2026-06-16T06:39:16.047Z] {"timestamp":1781591954239,"level":"DEBUG","args":["[vite] connected."],"stack":null}
[2026-06-16T06:42:21.820Z] {"timestamp":1781592139352,"level":"DEBUG","args":["[Manus] Debug collector initialized (no rrweb, UI events only)"],"stack":null}
[2026-06-16T06:44:17.109Z] {"timestamp":1781592254313,"level":"DEBUG","args":["[Manus] Debug collector initialized (no rrweb, UI events only)"],"stack":null}
[2026-06-16T06:44:17.109Z] {"timestamp":1781592255201,"level":"DEBUG","args":["[vite] connected."],"stack":null}
[2026-06-16T06:48:12.817Z] {"timestamp":1781592489884,"level":"DEBUG","args":["[Manus] Debug collector initialized (no rrweb, UI events only)"],"stack":null}
[2026-06-16T06:49:20.046Z] {"timestamp":1781592557485,"level":"DEBUG","args":["[Manus] Debug collector initialized (no rrweb, UI events only)"],"stack":null}
[2026-06-16T06:49:20.046Z] {"timestamp":1781592558277,"level":"DEBUG","args":["[vite] connected."],"stack":null}
[2026-06-16T06:53:15.828Z] {"timestamp":1781592793017,"level":"DEBUG","args":["[Manus] Debug collector initialized (no rrweb, UI events only)"],"stack":null}
[2026-06-16T06:54:20.050Z] {"timestamp":1781592857230,"level":"DEBUG","args":["[Manus] Debug collector initialized (no rrweb, UI events only)"],"stack":null}
[2026-06-16T06:54:20.050Z] {"timestamp":1781592857976,"level":"DEBUG","args":["[vite] connected."],"stack":null}
[2026-06-16T07:00:22.047Z] {"timestamp":1781593219106,"level":"DEBUG","args":["[Manus] Debug collector initialized (no rrweb, UI events only)"],"stack":null}
[2026-06-16T07:00:22.047Z] {"timestamp":1781593220000,"level":"DEBUG","args":["[vite] connected."],"stack":null}
[2026-06-16T07:05:14.060Z] {"timestamp":1781593511216,"level":"DEBUG","args":["[Manus] Debug collector initialized (no rrweb, UI events only)"],"stack":null}
[2026-06-16T07:05:14.060Z] {"timestamp":1781593511556,"level":"DEBUG","args":["[vite] connected."],"stack":null}
[2026-06-16T07:12:24.052Z] {"timestamp":1781593941452,"level":"DEBUG","args":["[Manus] Debug collector initialized (no rrweb, UI events only)"],"stack":null}
[2026-06-16T07:12:24.052Z] {"timestamp":1781593942196,"level":"DEBUG","args":["[vite] connected."],"stack":null}
[2026-06-16T07:18:14.056Z] {"timestamp":1781594291089,"level":"DEBUG","args":["[Manus] Debug collector initialized (no rrweb, UI events only)"],"stack":null}
[2026-06-16T07:18:14.056Z] {"timestamp":1781594291432,"level":"DEBUG","args":["[vite] connected."],"stack":null}
[2026-06-16T07:24:21.059Z] {"timestamp":1781594658047,"level":"DEBUG","args":["[Manus] Debug collector initialized (no rrweb, UI events only)"],"stack":null}
[2026-06-16T07:24:21.059Z] {"timestamp":1781594658829,"level":"DEBUG","args":["[vite] connected."],"stack":null}
[2026-06-16T07:30:18.050Z] {"timestamp":1781595014900,"level":"DEBUG","args":["[Manus] Debug collector initialized (no rrweb, UI events only)"],"stack":null}
[2026-06-16T07:30:18.050Z] {"timestamp":1781595015654,"level":"DEBUG","args":["[vite] connected."],"stack":null}
[2026-06-16T07:36:20.050Z] {"timestamp":1781595377707,"level":"DEBUG","args":["[Manus] Debug collector initialized (no rrweb, UI events only)"],"stack":null}
[2026-06-16T07:36:20.050Z] {"timestamp":1781595378467,"level":"DEBUG","args":["[vite] connected."],"stack":null}
[2026-06-16T07:42:22.119Z] {"timestamp":1781595739334,"level":"DEBUG","args":["[Manus] Debug collector initialized (no rrweb, UI events only)"],"stack":null}
[2026-06-16T07:47:16.060Z] {"timestamp":1781596033469,"level":"DEBUG","args":["[Manus] Debug collector initialized (no rrweb, UI events only)"],"stack":null}
[2026-06-16T07:47:16.060Z] {"timestamp":1781596034238,"level":"DEBUG","args":["[vite] connected."],"stack":null}
[2026-06-16T07:52:23.130Z] {"timestamp":1781596340496,"level":"DEBUG","args":["[Manus] Debug collector initialized (no rrweb, UI events only)"],"stack":null}
[2026-06-16T08:26:52.047Z] {"timestamp":1781598407379,"level":"DEBUG","args":["[Manus] Debug collector initialized (no rrweb, UI events only)"],"stack":null}
[2026-06-16T08:26:52.047Z] {"timestamp":1781598408146,"level":"DEBUG","args":["[vite] connected."],"stack":null}
[2026-06-16T08:31:58.063Z] {"timestamp":1781598713050,"level":"DEBUG","args":["[Manus] Debug collector initialized (no rrweb, UI events only)"],"stack":null}
[2026-06-16T08:31:58.063Z] {"timestamp":1781598713165,"level":"DEBUG","args":["[vite] connected."],"stack":null}
[2026-06-16T08:38:04.107Z] {"timestamp":1781599079263,"level":"DEBUG","args":["[Manus] Debug collector initialized (no rrweb, UI events only)"],"stack":null}
[2026-06-16T08:59:04.273Z] {"timestamp":1781600339656,"level":"DEBUG","args":["[Manus] Debug collector initialized (no rrweb, UI events only)"],"stack":null}
[2026-06-23T14:04:23.413Z] {"timestamp":1782223461251,"level":"DEBUG","args":["[Manus] Debug collector initialized (no rrweb, UI events only)"],"stack":null}
[2026-06-23T14:04:23.413Z] {"timestamp":1782223461873,"level":"DEBUG","args":["[vite] connected."],"stack":null}
[2026-06-23T14:04:28.823Z] {"timestamp":1782223466538,"level":"DEBUG","args":["[Manus] Debug collector initialized (no rrweb, UI events only)"],"stack":null}
[2026-06-23T14:04:28.823Z] {"timestamp":1782223467163,"level":"DEBUG","args":["[vite] connected."],"stack":null}
[2026-06-23T14:04:32.426Z] {"timestamp":1782223470234,"level":"DEBUG","args":["[Manus] Debug collector initialized (no rrweb, UI events only)"],"stack":null}
[2026-06-23T14:04:32.426Z] {"timestamp":1782223470900,"level":"DEBUG","args":["[vite] connected."],"stack":null}
[2026-06-23T14:09:56.986Z] {"timestamp":1782223794493,"level":"DEBUG","args":["[Manus] Debug collector initialized (no rrweb, UI events only)"],"stack":null}
[2026-06-23T14:15:03.977Z] {"timestamp":1782224101070,"level":"DEBUG","args":["[Manus] Debug collector initialized (no rrweb, UI events only)"],"stack":null}
[2026-06-23T14:19:59.969Z] {"timestamp":1782224396806,"level":"DEBUG","args":["[Manus] Debug collector initialized (no rrweb, UI events only)"],"stack":null}
[2026-06-23T14:25:00.971Z] {"timestamp":1782224698398,"level":"DEBUG","args":["[Manus] Debug collector initialized (no rrweb, UI events only)"],"stack":null}
[2026-07-06T04:09:28.877Z] {"timestamp":1783310967210,"level":"DEBUG","args":["[Manus] Debug collector initialized (no rrweb, UI events only)"],"stack":null}
[2026-07-06T04:09:28.877Z] {"timestamp":1783310968271,"level":"DEBUG","args":["[vite] connected."],"stack":null}
[2026-07-06T04:09:38.320Z] {"timestamp":1783310976152,"level":"DEBUG","args":["[Manus] Debug collector initialized (no rrweb, UI events only)"],"stack":null}
[2026-07-06T04:09:38.320Z] {"timestamp":1783310977658,"level":"DEBUG","args":["[vite] connected."],"stack":null}
[2026-07-06T04:13:52.426Z] {"timestamp":1783311229612,"level":"DEBUG","args":["[Manus] Debug collector initialized (no rrweb, UI events only)"],"stack":null}
[2026-07-06T04:17:55.436Z] {"timestamp":1783311472895,"level":"DEBUG","args":["[Manus] Debug collector initialized (no rrweb, UI events only)"],"stack":null}
[2026-07-06T04:21:52.578Z] {"timestamp":1783311710360,"level":"DEBUG","args":["[Manus] Debug collector initialized (no rrweb, UI events only)"],"stack":null}
[2026-07-09T00:42:58.798Z] {"timestamp":1783557776780,"level":"DEBUG","args":["[Manus] Debug collector initialized (no rrweb, UI events only)"],"stack":null}
[2026-07-09T00:42:58.798Z] {"timestamp":1783557776791,"level":"DEBUG","args":["[vite] connected."],"stack":null}
[2026-07-09T00:42:58.798Z] {"timestamp":1783557778015,"level":"INFO","args":["%cDownload the React DevTools for a better development experience: https://react.dev/link/react-devtools","font-weight:bold"],"stack":null}
[2026-07-09T01:03:09.609Z] {"timestamp":1783558987415,"level":"DEBUG","args":["[Manus] Debug collector initialized (no rrweb, UI events only)"],"stack":null}
[2026-07-09T01:03:09.609Z] {"timestamp":1783558988173,"level":"DEBUG","args":["[vite] connected."],"stack":null}
[2026-07-09T01:08:11.161Z] {"timestamp":1783559288254,"level":"DEBUG","args":["[Manus] Debug collector initialized (no rrweb, UI events only)"],"stack":null}
[2026-07-09T01:08:11.162Z] {"timestamp":1783559288990,"level":"DEBUG","args":["[vite] connected."],"stack":null}
[2026-07-09T01:11:36.153Z] {"timestamp":1783559493559,"level":"DEBUG","args":["[Manus] Debug collector initialized (no rrweb, UI events only)"],"stack":null}
[2026-07-09T01:11:36.153Z] {"timestamp":1783559494315,"level":"DEBUG","args":["[vite] connected."],"stack":null}
[2026-07-09T01:11:53.156Z] {"timestamp":1783559510358,"level":"DEBUG","args":["[Manus] Debug collector initialized (no rrweb, UI events only)"],"stack":null}
[2026-07-09T01:11:53.156Z] {"timestamp":1783559511085,"level":"DEBUG","args":["[vite] connected."],"stack":null}
[2026-07-09T01:17:56.153Z] {"timestamp":1783559873446,"level":"DEBUG","args":["[Manus] Debug collector initialized (no rrweb, UI events only)"],"stack":null}
[2026-07-09T01:17:56.153Z] {"timestamp":1783559874137,"level":"DEBUG","args":["[vite] connected."],"stack":null}
[2026-07-09T01:22:55.151Z] {"timestamp":1783560171993,"level":"DEBUG","args":["[Manus] Debug collector initialized (no rrweb, UI events only)"],"stack":null}
[2026-07-09T01:22:55.151Z] {"timestamp":1783560172218,"level":"DEBUG","args":["[vite] connected."],"stack":null}
[2026-07-09T01:27:57.147Z] {"timestamp":1783560474672,"level":"DEBUG","args":["[Manus] Debug collector initialized (no rrweb, UI events only)"],"stack":null}
[2026-07-09T01:27:57.147Z] {"timestamp":1783560475447,"level":"DEBUG","args":["[vite] connected."],"stack":null}
[2026-07-09T01:32:55.147Z] {"timestamp":1783560772187,"level":"DEBUG","args":["[Manus] Debug collector initialized (no rrweb, UI events only)"],"stack":null}
[2026-07-09T01:38:55.148Z] {"timestamp":1783561132251,"level":"DEBUG","args":["[Manus] Debug collector initialized (no rrweb, UI events only)"],"stack":null}
[2026-07-09T01:38:55.148Z] {"timestamp":1783561132489,"level":"DEBUG","args":["[vite] connected."],"stack":null}
[2026-07-09T01:45:54.150Z] {"timestamp":1783561551541,"level":"DEBUG","args":["[Manus] Debug collector initialized (no rrweb, UI events only)"],"stack":null}
[2026-07-09T01:45:54.150Z] {"timestamp":1783561551777,"level":"DEBUG","args":["[vite] connected."],"stack":null}
[2026-07-09T01:50:59.149Z] {"timestamp":1783561856836,"level":"DEBUG","args":["[Manus] Debug collector initialized (no rrweb, UI events only)"],"stack":null}
[2026-07-09T01:50:59.149Z] {"timestamp":1783561857593,"level":"DEBUG","args":["[vite] connected."],"stack":null}
[2026-07-09T01:57:56.151Z] {"timestamp":1783562273152,"level":"DEBUG","args":["[Manus] Debug collector initialized (no rrweb, UI events only)"],"stack":null}
[2026-07-09T01:57:56.151Z] {"timestamp":1783562273262,"level":"DEBUG","args":["[vite] connected."],"stack":null}
[2026-07-09T02:02:55.151Z] {"timestamp":1783562572471,"level":"DEBUG","args":["[Manus] Debug collector initialized (no rrweb, UI events only)"],"stack":null}
[2026-07-09T02:02:55.151Z] {"timestamp":1783562572745,"level":"DEBUG","args":["[vite] connected."],"stack":null}
[2026-07-09T02:09:55.195Z] {"timestamp":1783562992514,"level":"DEBUG","args":["[Manus] Debug collector initialized (no rrweb, UI events only)"],"stack":null}
[2026-07-09T02:09:55.195Z] {"timestamp":1783562992765,"level":"DEBUG","args":["[vite] connected."],"stack":null}
[2026-07-09T02:14:58.151Z] {"timestamp":1783563295083,"level":"DEBUG","args":["[Manus] Debug collector initialized (no rrweb, UI events only)"],"stack":null}
[2026-07-09T02:14:58.151Z] {"timestamp":1783563295859,"level":"DEBUG","args":["[vite] connected."],"stack":null}
[2026-07-09T02:21:57.148Z] {"timestamp":1783563714642,"level":"DEBUG","args":["[Manus] Debug collector initialized (no rrweb, UI events only)"],"stack":null}
[2026-07-09T02:21:57.148Z] {"timestamp":1783563715540,"level":"DEBUG","args":["[vite] connected."],"stack":null}
[2026-07-09T09:15:18.507Z] {"timestamp":1783588502948,"level":"DEBUG","args":["[Manus] Debug collector initialized (no rrweb, UI events only)"],"stack":null}
[2026-07-09T09:15:18.507Z] {"timestamp":1783588503791,"level":"DEBUG","args":["[vite] connected."],"stack":null}
[2026-07-09T09:15:29.739Z] {"timestamp":1783588514000,"level":"DEBUG","args":["[Manus] Debug collector initialized (no rrweb, UI events only)"],"stack":null}
[2026-07-09T23:37:20.966Z] {"timestamp":1783640239379,"level":"DEBUG","args":["[Manus] Debug collector initialized (no rrweb, UI events only)"],"stack":null}
[2026-07-09T23:37:20.966Z] {"timestamp":1783640240156,"level":"DEBUG","args":["[vite] connected."],"stack":null}
[2026-07-09T23:37:24.461Z] {"timestamp":1783640242587,"level":"DEBUG","args":["[Manus] Debug collector initialized (no rrweb, UI events only)"],"stack":null}
[2026-07-09T23:37:24.461Z] {"timestamp":1783640243442,"level":"DEBUG","args":["[vite] connected."],"stack":null}
[2026-07-11T06:07:03.012Z] {"timestamp":1783750021510,"level":"DEBUG","args":["[Manus] Debug collector initialized (no rrweb, UI events only)"],"stack":null}
[2026-07-11T06:07:03.012Z] {"timestamp":1783750022478,"level":"DEBUG","args":["[vite] connected."],"stack":null}
[2026-07-11T06:07:06.341Z] {"timestamp":1783750024902,"level":"DEBUG","args":["[Manus] Debug collector initialized (no rrweb, UI events only)"],"stack":null}
[2026-07-11T06:07:06.342Z] {"timestamp":1783750025772,"level":"DEBUG","args":["[vite] connected."],"stack":null}
[2026-07-11T06:25:11.738Z] {"timestamp":1783751110071,"level":"DEBUG","args":["[Manus] Debug collector initialized (no rrweb, UI events only)"],"stack":null}
[2026-07-11T06:25:11.738Z] {"timestamp":1783751110080,"level":"DEBUG","args":["[vite] connected."],"stack":null}
[2026-07-11T06:29:17.733Z] {"timestamp":1783751356272,"level":"DEBUG","args":["[Manus] Debug collector initialized (no rrweb, UI events only)"],"stack":null}
[2026-07-11T06:29:17.733Z] {"timestamp":1783751357022,"level":"DEBUG","args":["[vite] connected."],"stack":null}
[2026-07-11T06:34:17.726Z] {"timestamp":1783751655635,"level":"DEBUG","args":["[Manus] Debug collector initialized (no rrweb, UI events only)"],"stack":null}
[2026-07-11T06:34:17.726Z] {"timestamp":1783751656898,"level":"DEBUG","args":["[vite] connected."],"stack":null}
[2026-07-11T06:41:25.362Z] {"timestamp":1783752083341,"level":"DEBUG","args":["[Manus] Debug collector initialized (no rrweb, UI events only)"],"stack":null}
[2026-07-11T06:41:25.362Z] {"timestamp":1783752083546,"level":"DEBUG","args":["[vite] connected."],"stack":null}
[2026-07-11T06:41:25.362Z] {"timestamp":1783752083823,"level":"INFO","args":["%cDownload the React DevTools for a better development experience: https://react.dev/link/react-devtools","font-weight:bold"],"stack":null}
[2026-07-11T06:41:32.448Z] {"timestamp":1783752091017,"level":"DEBUG","args":["[Manus] Debug collector initialized (no rrweb, UI events only)"],"stack":null}
[2026-07-11T06:41:32.448Z] {"timestamp":1783752091747,"level":"DEBUG","args":["[vite] connected."],"stack":null}
[2026-07-11T06:41:35.354Z] {"timestamp":1783752093930,"level":"DEBUG","args":["[Manus] Debug collector initialized (no rrweb, UI events only)"],"stack":null}
[2026-07-11T06:41:35.354Z] {"timestamp":1783752095706,"level":"DEBUG","args":["[vite] connected."],"stack":null}
[2026-07-11T06:48:17.730Z] {"timestamp":1783752495844,"level":"DEBUG","args":["[Manus] Debug collector initialized (no rrweb, UI events only)"],"stack":null}
[2026-07-11T06:48:17.730Z] {"timestamp":1783752496830,"level":"DEBUG","args":["[vite] connected."],"stack":null}
[2026-07-11T06:48:21.735Z] {"timestamp":1783752499887,"level":"DEBUG","args":["[Manus] Debug collector initialized (no rrweb, UI events only)"],"stack":null}
[2026-07-11T06:48:21.735Z] {"timestamp":1783752500618,"level":"DEBUG","args":["[vite] connected."],"stack":null}
[2026-07-11T06:49:02.735Z] {"timestamp":1783752540653,"level":"DEBUG","args":["[Manus] Debug collector initialized (no rrweb, UI events only)"],"stack":null}
[2026-07-11T06:49:02.735Z] {"timestamp":1783752541382,"level":"DEBUG","args":["[vite] connected."],"stack":null}
[2026-07-11T06:49:07.732Z] {"timestamp":1783752545901,"level":"DEBUG","args":["[Manus] Debug collector initialized (no rrweb, UI events only)"],"stack":null}
[2026-07-11T06:49:07.732Z] {"timestamp":1783752546688,"level":"DEBUG","args":["[vite] connected."],"stack":null}
[2026-07-11T06:49:25.735Z] {"timestamp":1783752563424,"level":"DEBUG","args":["[Manus] Debug collector initialized (no rrweb, UI events only)"],"stack":null}
[2026-07-11T06:49:25.735Z] {"timestamp":1783752564505,"level":"DEBUG","args":["[vite] connected."],"stack":null}
[2026-07-11T06:50:13.731Z] {"timestamp":1783752612397,"level":"DEBUG","args":["[vite]","hot updated: /src/pages/Portal.tsx"],"stack":null}
[2026-07-11T06:50:13.731Z] {"timestamp":1783752612397,"level":"DEBUG","args":["[vite]","hot updated: /src/index.css"],"stack":null}
[2026-07-11T06:50:17.758Z] {"timestamp":1783752616002,"level":"DEBUG","args":["[Manus] Debug collector initialized (no rrweb, UI events only)"],"stack":null}
[2026-07-11T06:50:17.759Z] {"timestamp":1783752616757,"level":"DEBUG","args":["[vite] connected."],"stack":null}
[2026-07-11T06:50:20.739Z] {"timestamp":1783752619252,"level":"DEBUG","args":["[Manus] Debug collector initialized (no rrweb, UI events only)"],"stack":null}
[2026-07-11T06:50:20.739Z] {"timestamp":1783752620016,"level":"DEBUG","args":["[vite] connected."],"stack":null}
[2026-07-11T06:51:08.742Z] {"timestamp":1783752669007,"level":"DEBUG","args":["[vite]","hot updated: /src/index.css"],"stack":null}
[2026-07-11T06:51:08.742Z] {"timestamp":1783752669282,"level":"DEBUG","args":["[vite]","hot updated: /src/index.css"],"stack":null}
[2026-07-11T06:51:10.731Z] {"timestamp":1783752669556,"level":"DEBUG","args":["[vite]","hot updated: /src/index.css"],"stack":null}
[2026-07-11T06:51:10.731Z] {"timestamp":1783752669831,"level":"DEBUG","args":["[vite]","hot updated: /src/index.css"],"stack":null}
[2026-07-11T06:51:10.731Z] {"timestamp":1783752670113,"level":"DEBUG","args":["[vite]","hot updated: /src/index.css"],"stack":null}
[2026-07-11T06:51:10.731Z] {"timestamp":1783752670404,"level":"DEBUG","args":["[vite]","hot updated: /src/index.css"],"stack":null}
[2026-07-11T06:51:10.731Z] {"timestamp":1783752670688,"level":"DEBUG","args":["[vite]","hot updated: /src/index.css"],"stack":null}
[2026-07-11T06:51:10.731Z] {"timestamp":1783752670970,"level":"DEBUG","args":["[vite]","hot updated: /src/index.css"],"stack":null}
[2026-07-11T06:51:10.731Z] {"timestamp":1783752671245,"level":"DEBUG","args":["[vite]","hot updated: /src/index.css"],"stack":null}
[2026-07-11T06:51:12.735Z] {"timestamp":1783752671519,"level":"DEBUG","args":["[vite]","hot updated: /src/index.css"],"stack":null}
[2026-07-11T06:51:12.735Z] {"timestamp":1783752671799,"level":"DEBUG","args":["[vite]","hot updated: /src/index.css"],"stack":null}
[2026-07-11T06:51:12.735Z] {"timestamp":1783752672073,"level":"DEBUG","args":["[vite]","hot updated: /src/index.css"],"stack":null}
[2026-07-11T06:51:12.735Z] {"timestamp":1783752672348,"level":"DEBUG","args":["[vite]","hot updated: /src/index.css"],"stack":null}
[2026-07-11T06:51:12.735Z] {"timestamp":1783752672622,"level":"DEBUG","args":["[vite]","hot updated: /src/index.css"],"stack":null}
[2026-07-11T06:51:12.735Z] {"timestamp":1783752672902,"level":"DEBUG","args":["[vite]","hot updated: /src/index.css"],"stack":null}
[2026-07-11T06:51:12.735Z] {"timestamp":1783752673178,"level":"DEBUG","args":["[vite]","hot updated: /src/index.css"],"stack":null}
[2026-07-11T06:51:14.739Z] {"timestamp":1783752673451,"level":"DEBUG","args":["[vite]","hot updated: /src/index.css"],"stack":null}
[2026-07-11T06:51:14.739Z] {"timestamp":1783752673725,"level":"DEBUG","args":["[vite]","hot updated: /src/index.css"],"stack":null}
[2026-07-11T06:51:14.739Z] {"timestamp":1783752674009,"level":"DEBUG","args":["[vite]","hot updated: /src/index.css"],"stack":null}
[2026-07-11T06:51:14.739Z] {"timestamp":1783752674290,"level":"DEBUG","args":["[vite]","hot updated: /src/index.css"],"stack":null}
[2026-07-11T06:51:14.739Z] {"timestamp":1783752674567,"level":"DEBUG","args":["[vite]","hot updated: /src/index.css"],"stack":null}
[2026-07-11T06:51:14.739Z] {"timestamp":1783752674841,"level":"DEBUG","args":["[vite]","hot updated: /src/index.css"],"stack":null}
[2026-07-11T06:51:14.739Z] {"timestamp":1783752675116,"level":"DEBUG","args":["[vite]","hot updated: /src/index.css"],"stack":null}
[2026-07-11T06:51:16.739Z] {"timestamp":1783752675388,"level":"DEBUG","args":["[vite]","hot updated: /src/index.css"],"stack":null}
[2026-07-11T06:51:16.739Z] {"timestamp":1783752675672,"level":"DEBUG","args":["[vite]","hot updated: /src/index.css"],"stack":null}
[2026-07-11T06:51:16.739Z] {"timestamp":1783752675945,"level":"DEBUG","args":["[vite]","hot updated: /src/index.css"],"stack":null}
[2026-07-11T06:51:16.739Z] {"timestamp":1783752676217,"level":"DEBUG","args":["[vite]","hot updated: /src/index.css"],"stack":null}
[2026-07-11T06:51:16.739Z] {"timestamp":1783752676519,"level":"DEBUG","args":["[vite]","hot updated: /src/index.css"],"stack":null}
[2026-07-11T06:51:16.739Z] {"timestamp":1783752676798,"level":"DEBUG","args":["[vite]","hot updated: /src/index.css"],"stack":null}
[2026-07-11T06:51:16.739Z] {"timestamp":1783752677132,"level":"DEBUG","args":["[vite]","hot updated: /src/index.css"],"stack":null}
[2026-07-11T06:51:19.913Z] {"timestamp":1783752677467,"level":"DEBUG","args":["[vite]","hot updated: /src/index.css"],"stack":null}
[2026-07-11T06:51:19.913Z] {"timestamp":1783752677751,"level":"DEBUG","args":["[vite]","hot updated: /src/index.css"],"stack":null}
[2026-07-11T06:51:46.732Z] {"timestamp":1783752707166,"level":"DEBUG","args":["[vite]","hot updated: /src/index.css"],"stack":null}
[2026-07-11T06:51:48.733Z] {"timestamp":1783752707465,"level":"DEBUG","args":["[vite]","hot updated: /src/index.css"],"stack":null}
[2026-07-11T06:51:48.733Z] {"timestamp":1783752707751,"level":"DEBUG","args":["[vite]","hot updated: /src/index.css"],"stack":null}
[2026-07-11T06:51:48.733Z] {"timestamp":1783752708031,"level":"DEBUG","args":["[vite]","hot updated: /src/index.css"],"stack":null}
[2026-07-11T06:51:48.733Z] {"timestamp":1783752708309,"level":"DEBUG","args":["[vite]","hot updated: /src/index.css"],"stack":null}
[2026-07-11T06:51:48.733Z] {"timestamp":1783752708585,"level":"DEBUG","args":["[vite]","hot updated: /src/index.css"],"stack":null}
[2026-07-11T06:51:48.733Z] {"timestamp":1783752708871,"level":"DEBUG","args":["[vite]","hot updated: /src/index.css"],"stack":null}
[2026-07-11T06:51:48.733Z] {"timestamp":1783752709148,"level":"DEBUG","args":["[vite]","hot updated: /src/index.css"],"stack":null}
[2026-07-11T06:51:50.728Z] {"timestamp":1783752709421,"level":"DEBUG","args":["[vite]","hot updated: /src/index.css"],"stack":null}
[2026-07-11T06:51:50.728Z] {"timestamp":1783752709701,"level":"DEBUG","args":["[vite]","hot updated: /src/index.css"],"stack":null}
[2026-07-11T06:51:50.728Z] {"timestamp":1783752709976,"level":"DEBUG","args":["[vite]","hot updated: /src/index.css"],"stack":null}
[2026-07-11T06:51:50.728Z] {"timestamp":1783752710274,"level":"DEBUG","args":["[vite]","hot updated: /src/index.css"],"stack":null}
[2026-07-11T06:51:50.728Z] {"timestamp":1783752710551,"level":"DEBUG","args":["[vite]","hot updated: /src/index.css"],"stack":null}
[2026-07-11T06:51:50.728Z] {"timestamp":1783752710840,"level":"DEBUG","args":["[vite]","hot updated: /src/index.css"],"stack":null}
[2026-07-11T06:51:50.728Z] {"timestamp":1783752711114,"level":"DEBUG","args":["[vite]","hot updated: /src/index.css"],"stack":null}
[2026-07-11T06:51:52.736Z] {"timestamp":1783752711399,"level":"DEBUG","args":["[vite]","hot updated: /src/index.css"],"stack":null}
[2026-07-11T06:51:52.736Z] {"timestamp":1783752711674,"level":"DEBUG","args":["[vite]","hot updated: /src/index.css"],"stack":null}
[2026-07-11T06:51:52.736Z] {"timestamp":1783752711948,"level":"DEBUG","args":["[vite]","hot updated: /src/index.css"],"stack":null}
[2026-07-11T06:51:52.736Z] {"timestamp":1783752712237,"level":"DEBUG","args":["[vite]","hot updated: /src/index.css"],"stack":null}
[2026-07-11T06:51:52.736Z] {"timestamp":1783752712509,"level":"DEBUG","args":["[vite]","hot updated: /src/index.css"],"stack":null}
[2026-07-11T06:51:52.736Z] {"timestamp":1783752712794,"level":"DEBUG","args":["[vite]","hot updated: /src/index.css"],"stack":null}
[2026-07-11T06:51:52.736Z] {"timestamp":1783752713092,"level":"DEBUG","args":["[vite]","hot updated: /src/index.css"],"stack":null}
[2026-07-11T06:51:54.732Z] {"timestamp":1783752713366,"level":"DEBUG","args":["[vite]","hot updated: /src/index.css"],"stack":null}
[2026-07-11T06:51:54.732Z] {"timestamp":1783752713638,"level":"DEBUG","args":["[vite]","hot updated: /src/index.css"],"stack":null}
[2026-07-11T06:51:54.732Z] {"timestamp":1783752714068,"level":"DEBUG","args":["[vite]","hot updated: /src/index.css"],"stack":null}
[2026-07-11T06:51:54.732Z] {"timestamp":1783752714467,"level":"DEBUG","args":["[vite]","hot updated: /src/index.css"],"stack":null}
[2026-07-11T06:51:54.732Z] {"timestamp":1783752714865,"level":"DEBUG","args":["[vite]","hot updated: /src/index.css"],"stack":null}
[2026-07-11T06:51:54.732Z] {"timestamp":1783752715259,"level":"DEBUG","args":["[vite]","hot updated: /src/index.css"],"stack":null}
[2026-07-11T06:51:56.730Z] {"timestamp":1783752715632,"level":"DEBUG","args":["[vite]","hot updated: /src/index.css"],"stack":null}
[2026-07-11T06:51:56.730Z] {"timestamp":1783752716023,"level":"DEBUG","args":["[vite]","hot updated: /src/index.css"],"stack":null}
[2026-07-11T06:51:56.730Z] {"timestamp":1783752716389,"level":"DEBUG","args":["[vite]","hot updated: /src/index.css"],"stack":null}
[2026-07-11T06:51:56.730Z] {"timestamp":1783752716720,"level":"DEBUG","args":["[vite]","hot updated: /src/index.css"],"stack":null}
[2026-07-11T06:52:16.731Z] {"timestamp":1783752735548,"level":"DEBUG","args":["[vite]","hot updated: /src/index.css"],"stack":null}
[2026-07-11T06:52:16.731Z] {"timestamp":1783752735964,"level":"DEBUG","args":["[vite]","hot updated: /src/index.css"],"stack":null}
[2026-07-11T06:52:16.731Z] {"timestamp":1783752736337,"level":"DEBUG","args":["[vite]","hot updated: /src/index.css"],"stack":null}
[2026-07-11T06:52:16.731Z] {"timestamp":1783752736697,"level":"DEBUG","args":["[vite]","hot updated: /src/index.css"],"stack":null}
[2026-07-11T06:52:16.731Z] {"timestamp":1783752737057,"level":"DEBUG","args":["[vite]","hot updated: /src/index.css"],"stack":null}
[2026-07-11T06:52:18.739Z] {"timestamp":1783752737467,"level":"DEBUG","args":["[vite]","hot updated: /src/index.css"],"stack":null}
[2026-07-11T06:52:18.739Z] {"timestamp":1783752737880,"level":"DEBUG","args":["[vite]","hot updated: /src/index.css"],"stack":null}
[2026-07-11T06:52:18.739Z] {"timestamp":1783752738315,"level":"DEBUG","args":["[vite]","hot updated: /src/index.css"],"stack":null}
[2026-07-11T06:52:18.739Z] {"timestamp":1783752738678,"level":"DEBUG","args":["[vite]","hot updated: /src/index.css"],"stack":null}
[2026-07-11T06:52:18.739Z] {"timestamp":1783752739025,"level":"DEBUG","args":["[vite]","hot updated: /src/index.css"],"stack":null}
[2026-07-11T06:52:20.732Z] {"timestamp":1783752739358,"level":"DEBUG","args":["[vite]","hot updated: /src/index.css"],"stack":null}
[2026-07-11T06:52:20.732Z] {"timestamp":1783752739712,"level":"DEBUG","args":["[vite]","hot updated: /src/index.css"],"stack":null}
[2026-07-11T06:52:20.732Z] {"timestamp":1783752740079,"level":"DEBUG","args":["[vite]","hot updated: /src/index.css"],"stack":null}
[2026-07-11T06:52:20.732Z] {"timestamp":1783752740399,"level":"DEBUG","args":["[vite]","hot updated: /src/index.css"],"stack":null}
[2026-07-11T06:52:20.732Z] {"timestamp":1783752740716,"level":"DEBUG","args":["[vite]","hot updated: /src/index.css"],"stack":null}
[2026-07-11T06:52:20.732Z] {"timestamp":1783752741033,"level":"DEBUG","args":["[vite]","hot updated: /src/index.css"],"stack":null}
[2026-07-11T06:52:22.726Z] {"timestamp":1783752741352,"level":"DEBUG","args":["[vite]","hot updated: /src/index.css"],"stack":null}
[2026-07-11T06:52:22.726Z] {"timestamp":1783752741666,"level":"DEBUG","args":["[vite]","hot updated: /src/index.css"],"stack":null}
[2026-07-11T06:52:22.726Z] {"timestamp":1783752741976,"level":"DEBUG","args":["[vite]","hot updated: /src/index.css"],"stack":null}
[2026-07-11T06:52:22.726Z] {"timestamp":1783752742286,"level":"DEBUG","args":["[vite]","hot updated: /src/index.css"],"stack":null}
[2026-07-11T06:52:22.726Z] {"timestamp":1783752742592,"level":"DEBUG","args":["[vite]","hot updated: /src/index.css"],"stack":null}
[2026-07-11T06:52:22.726Z] {"timestamp":1783752742915,"level":"DEBUG","args":["[vite]","hot updated: /src/index.css"],"stack":null}
[2026-07-11T06:52:22.726Z] {"timestamp":1783752743253,"level":"DEBUG","args":["[vite]","hot updated: /src/index.css"],"stack":null}
[2026-07-11T06:52:24.739Z] {"timestamp":1783752743559,"level":"DEBUG","args":["[vite]","hot updated: /src/index.css"],"stack":null}
[2026-07-11T06:52:24.739Z] {"timestamp":1783752743869,"level":"DEBUG","args":["[vite]","hot updated: /src/index.css"],"stack":null}
[2026-07-11T06:52:24.739Z] {"timestamp":1783752744180,"level":"DEBUG","args":["[vite]","hot updated: /src/index.css"],"stack":null}
[2026-07-11T06:52:24.739Z] {"timestamp":1783752744556,"level":"DEBUG","args":["[vite]","hot updated: /src/index.css"],"stack":null}
[2026-07-11T06:52:24.739Z] {"timestamp":1783752744962,"level":"DEBUG","args":["[vite]","hot updated: /src/index.css"],"stack":null}
[2026-07-11T06:52:26.731Z] {"timestamp":1783752745337,"level":"DEBUG","args":["[vite]","hot updated: /src/index.css"],"stack":null}
[2026-07-11T06:52:26.731Z] {"timestamp":1783752746036,"level":"DEBUG","args":["[vite]","hot updated: /src/index.css"],"stack":null}
[2026-07-11T06:52:26.731Z] {"timestamp":1783752746406,"level":"DEBUG","args":["[vite]","hot updated: /src/index.css"],"stack":null}
[2026-07-11T06:52:26.731Z] {"timestamp":1783752746719,"level":"DEBUG","args":["[vite]","hot updated: /src/index.css"],"stack":null}
[2026-07-11T06:52:26.731Z] {"timestamp":1783752747044,"level":"DEBUG","args":["[vite]","hot updated: /src/index.css"],"stack":null}
[2026-07-11T06:52:28.737Z] {"timestamp":1783752747356,"level":"DEBUG","args":["[vite]","hot updated: /src/index.css"],"stack":null}
[2026-07-11T06:52:28.737Z] {"timestamp":1783752747668,"level":"DEBUG","args":["[vite]","hot updated: /src/index.css"],"stack":null}
[2026-07-11T06:52:28.737Z] {"timestamp":1783752747976,"level":"DEBUG","args":["[vite]","hot updated: /src/index.css"],"stack":null}
[2026-07-11T06:52:28.737Z] {"timestamp":1783752748283,"level":"DEBUG","args":["[vite]","hot updated: /src/index.css"],"stack":null}
[2026-07-11T06:52:28.737Z] {"timestamp":1783752748586,"level":"DEBUG","args":["[vite]","hot updated: /src/index.css"],"stack":null}
[2026-07-11T06:52:28.737Z] {"timestamp":1783752748979,"level":"DEBUG","args":["[vite]","hot updated: /src/index.css"],"stack":null}
[2026-07-11T06:52:28.737Z] {"timestamp":1783752749285,"level":"DEBUG","args":["[vite]","hot updated: /src/index.css"],"stack":null}
[2026-07-11T06:52:30.741Z] {"timestamp":1783752749587,"level":"DEBUG","args":["[vite]","hot updated: /src/index.css"],"stack":null}
[2026-07-11T06:52:30.741Z] {"timestamp":1783752749923,"level":"DEBUG","args":["[vite]","hot updated: /src/index.css"],"stack":null}
[2026-07-11T06:52:30.741Z] {"timestamp":1783752750335,"level":"DEBUG","args":["[vite]","hot updated: /src/index.css"],"stack":null}
[2026-07-11T06:52:30.741Z] {"timestamp":1783752750985,"level":"DEBUG","args":["[vite]","hot updated: /src/index.css"],"stack":null}
[2026-07-11T06:52:32.732Z] {"timestamp":1783752751415,"level":"DEBUG","args":["[vite]","hot updated: /src/index.css"],"stack":null}
[2026-07-11T06:52:32.732Z] {"timestamp":1783752751719,"level":"DEBUG","args":["[vite]","hot updated: /src/index.css"],"stack":null}
[2026-07-11T06:52:32.732Z] {"timestamp":1783752752025,"level":"DEBUG","args":["[vite]","hot updated: /src/index.css"],"stack":null}
[2026-07-11T06:52:32.732Z] {"timestamp":1783752752327,"level":"DEBUG","args":["[vite]","hot updated: /src/index.css"],"stack":null}
[2026-07-11T06:52:49.375Z] {"timestamp":1783752767369,"level":"DEBUG","args":["[Manus] Debug collector initialized (no rrweb, UI events only)"],"stack":null}
[2026-07-11T06:52:49.375Z] {"timestamp":1783752767392,"level":"DEBUG","args":["[vite] connected."],"stack":null}
[2026-07-11T06:52:49.375Z] {"timestamp":1783752767721,"level":"INFO","args":["%cDownload the React DevTools for a better development experience: https://react.dev/link/react-devtools","font-weight:bold"],"stack":null}
[2026-07-11T06:52:57.408Z] {"timestamp":1783752759328,"level":"DEBUG","args":["[Manus] Debug collector initialized (no rrweb, UI events only)"],"stack":null}
[2026-07-11T06:52:57.408Z] {"timestamp":1783752760129,"level":"DEBUG","args":["[vite] connected."],"stack":null}
[2026-07-11T06:53:13.723Z] {"timestamp":1783752775704,"level":"DEBUG","args":["[Manus] Debug collector initialized (no rrweb, UI events only)"],"stack":null}
[2026-07-11T06:53:13.723Z] {"timestamp":1783752776486,"level":"DEBUG","args":["[vite] connected."],"stack":null}
[2026-07-11T06:53:27.506Z] {"timestamp":1783752789486,"level":"DEBUG","args":["[Manus] Debug collector initialized (no rrweb, UI events only)"],"stack":null}
[2026-07-11T06:53:27.506Z] {"timestamp":1783752790223,"level":"DEBUG","args":["[vite] connected."],"stack":null}
[2026-07-11T06:59:16.186Z] {"timestamp":1783753137990,"level":"ERROR","args":["%s a style property during rerender (%s) when a conflicting property is set (%s) can lead to styling bugs. To avoid this, don't mix shorthand and non-shorthand properties for the same value; instead, replace the shorthand with separate values.","Removing","borderColor","border"],"stack":"Error\n    at console.<computed> [as error] (https://3000-i7fre0uhovs44d3ru3bh9-43e284af.us2.manus.computer/__manus__/debug-collector.js:391:37)\n    at setValueForStyles (https://3000-i7fre0uhovs44d3ru3bh9-43e284af.us2.manus.computer/@fs/home/ubuntu/6b_podcasts_hub/node_modules/.vite/deps/react-dom_client.js?v=5f40683f:2262:25)\n    at setProp (https://3000-i7fre0uhovs44d3ru3bh9-43e284af.us2.manus.computer/@fs/home/ubuntu/6b_podcasts_hub/node_modules/.vite/deps/react-dom_client.js?v=5f40683f:14195:13)\n    at updateProperties (https://3000-i7fre0uhovs44d3ru3bh9-43e284af.us2.manus.computer/@fs/home/ubuntu/6b_podcasts_hub/node_modules/.vite/deps/react-dom_client.js?v=5f40683f:15065:179)\n    at commitUpdate (https://3000-i7fre0uhovs44d3ru3bh9-43e284af.us2.manus.computer/@fs/home/ubuntu/6b_podcasts_hub/node_modules/.vite/deps/react-dom_client.js?v=5f40683f:15888:9)\n    at runWithFiberInDEV (https://3000-i7fre0uhovs44d3ru3bh9-43e284af.us2.manus.computer/@fs/home/ubuntu/6b_podcasts_hub/node_modules/.vite/deps/react-dom_client.js?v=5f40683f:997:72)\n    at commitHostUpdate (https://3000-i7fre0uhovs44d3ru3bh9-43e284af.us2.manus.computer/@fs/home/ubuntu/6b_podcasts_hub/node_modules/.vite/deps/react-dom_client.js?v=5f40683f:9671:11)\n    at commitMutationEffectsOnFiber (https://3000-i7fre0uhovs44d3ru3bh9-43e284af.us2.manus.computer/@fs/home/ubuntu/6b_podcasts_hub/node_modules/.vite/deps/react-dom_client.js?v=5f40683f:10562:115)\n    at recursivelyTraverseMutationEffects (https://3000-i7fre0uhovs44d3ru3bh9-43e284af.us2.manus.computer/@fs/home/ubuntu/6b_podcasts_hub/node_modules/.vite/deps/react-dom_client.js?v=5f40683f:10396:13)\n    at commitMutationEffectsOnFiber (https://3000-i7fre0uhovs44d3ru3bh9-43e284af.us2.manus.computer/@fs/home/ubuntu/6b_podcasts_hub/node_modules/.vite/deps/react-dom_client.js?v=5f40683f:10547:13)"}
[2026-07-11T06:59:27.639Z] {"timestamp":1783753150971,"level":"ERROR","args":["%s a style property during rerender (%s) when a conflicting property is set (%s) can lead to styling bugs. To avoid this, don't mix shorthand and non-shorthand properties for the same value; instead, replace the shorthand with separate values.","Removing","borderColor","border"],"stack":"Error\n    at console.<computed> [as error] (https://3000-i7fre0uhovs44d3ru3bh9-43e284af.us2.manus.computer/__manus__/debug-collector.js:391:37)\n    at setValueForStyles (https://3000-i7fre0uhovs44d3ru3bh9-43e284af.us2.manus.computer/@fs/home/ubuntu/6b_podcasts_hub/node_modules/.vite/deps/react-dom_client.js?v=5f40683f:2262:25)\n    at setProp (https://3000-i7fre0uhovs44d3ru3bh9-43e284af.us2.manus.computer/@fs/home/ubuntu/6b_podcasts_hub/node_modules/.vite/deps/react-dom_client.js?v=5f40683f:14195:13)\n    at updateProperties (https://3000-i7fre0uhovs44d3ru3bh9-43e284af.us2.manus.computer/@fs/home/ubuntu/6b_podcasts_hub/node_modules/.vite/deps/react-dom_client.js?v=5f40683f:15065:179)\n    at commitUpdate (https://3000-i7fre0uhovs44d3ru3bh9-43e284af.us2.manus.computer/@fs/home/ubuntu/6b_podcasts_hub/node_modules/.vite/deps/react-dom_client.js?v=5f40683f:15888:9)\n    at runWithFiberInDEV (https://3000-i7fre0uhovs44d3ru3bh9-43e284af.us2.manus.computer/@fs/home/ubuntu/6b_podcasts_hub/node_modules/.vite/deps/react-dom_client.js?v=5f40683f:997:72)\n    at commitHostUpdate (https://3000-i7fre0uhovs44d3ru3bh9-43e284af.us2.manus.computer/@fs/home/ubuntu/6b_podcasts_hub/node_modules/.vite/deps/react-dom_client.js?v=5f40683f:9671:11)\n    at commitMutationEffectsOnFiber (https://3000-i7fre0uhovs44d3ru3bh9-43e284af.us2.manus.computer/@fs/home/ubuntu/6b_podcasts_hub/node_modules/.vite/deps/react-dom_client.js?v=5f40683f:10562:115)\n    at recursivelyTraverseMutationEffects (https://3000-i7fre0uhovs44d3ru3bh9-43e284af.us2.manus.computer/@fs/home/ubuntu/6b_podcasts_hub/node_modules/.vite/deps/react-dom_client.js?v=5f40683f:10396:13)\n    at commitMutationEffectsOnFiber (https://3000-i7fre0uhovs44d3ru3bh9-43e284af.us2.manus.computer/@fs/home/ubuntu/6b_podcasts_hub/node_modules/.vite/deps/react-dom_client.js?v=5f40683f:10547:13)"}
[2026-07-11T06:59:29.526Z] {"timestamp":1783753152440,"level":"ERROR","args":["%s a style property during rerender (%s) when a conflicting property is set (%s) can lead to styling bugs. To avoid this, don't mix shorthand and non-shorthand properties for the same value; instead, replace the shorthand with separate values.","Removing","borderColor","border"],"stack":"Error\n    at console.<computed> [as error] (https://3000-i7fre0uhovs44d3ru3bh9-43e284af.us2.manus.computer/__manus__/debug-collector.js:391:37)\n    at setValueForStyles (https://3000-i7fre0uhovs44d3ru3bh9-43e284af.us2.manus.computer/@fs/home/ubuntu/6b_podcasts_hub/node_modules/.vite/deps/react-dom_client.js?v=5f40683f:2262:25)\n    at setProp (https://3000-i7fre0uhovs44d3ru3bh9-43e284af.us2.manus.computer/@fs/home/ubuntu/6b_podcasts_hub/node_modules/.vite/deps/react-dom_client.js?v=5f40683f:14195:13)\n    at updateProperties (https://3000-i7fre0uhovs44d3ru3bh9-43e284af.us2.manus.computer/@fs/home/ubuntu/6b_podcasts_hub/node_modules/.vite/deps/react-dom_client.js?v=5f40683f:15065:179)\n    at commitUpdate (https://3000-i7fre0uhovs44d3ru3bh9-43e284af.us2.manus.computer/@fs/home/ubuntu/6b_podcasts_hub/node_modules/.vite/deps/react-dom_client.js?v=5f40683f:15888:9)\n    at runWithFiberInDEV (https://3000-i7fre0uhovs44d3ru3bh9-43e284af.us2.manus.computer/@fs/home/ubuntu/6b_podcasts_hub/node_modules/.vite/deps/react-dom_client.js?v=5f40683f:997:72)\n    at commitHostUpdate (https://3000-i7fre0uhovs44d3ru3bh9-43e284af.us2.manus.computer/@fs/home/ubuntu/6b_podcasts_hub/node_modules/.vite/deps/react-dom_client.js?v=5f40683f:9671:11)\n    at commitMutationEffectsOnFiber (https://3000-i7fre0uhovs44d3ru3bh9-43e284af.us2.manus.computer/@fs/home/ubuntu/6b_podcasts_hub/node_modules/.vite/deps/react-dom_client.js?v=5f40683f:10562:115)\n    at recursivelyTraverseMutationEffects (https://3000-i7fre0uhovs44d3ru3bh9-43e284af.us2.manus.computer/@fs/home/ubuntu/6b_podcasts_hub/node_modules/.vite/deps/react-dom_client.js?v=5f40683f:10396:13)\n    at commitMutationEffectsOnFiber (https://3000-i7fre0uhovs44d3ru3bh9-43e284af.us2.manus.computer/@fs/home/ubuntu/6b_podcasts_hub/node_modules/.vite/deps/react-dom_client.js?v=5f40683f:10547:13)"}
[2026-07-11T07:02:28.242Z] {"timestamp":1783753331487,"level":"ERROR","args":["%s a style property during rerender (%s) when a conflicting property is set (%s) can lead to styling bugs. To avoid this, don't mix shorthand and non-shorthand properties for the same value; instead, replace the shorthand with separate values.","Removing","borderColor","border"],"stack":"Error\n    at console.<computed> [as error] (https://3000-i7fre0uhovs44d3ru3bh9-43e284af.us2.manus.computer/__manus__/debug-collector.js:391:37)\n    at setValueForStyles (https://3000-i7fre0uhovs44d3ru3bh9-43e284af.us2.manus.computer/@fs/home/ubuntu/6b_podcasts_hub/node_modules/.vite/deps/react-dom_client.js?v=5f40683f:2262:25)\n    at setProp (https://3000-i7fre0uhovs44d3ru3bh9-43e284af.us2.manus.computer/@fs/home/ubuntu/6b_podcasts_hub/node_modules/.vite/deps/react-dom_client.js?v=5f40683f:14195:13)\n    at updateProperties (https://3000-i7fre0uhovs44d3ru3bh9-43e284af.us2.manus.computer/@fs/home/ubuntu/6b_podcasts_hub/node_modules/.vite/deps/react-dom_client.js?v=5f40683f:15065:179)\n    at commitUpdate (https://3000-i7fre0uhovs44d3ru3bh9-43e284af.us2.manus.computer/@fs/home/ubuntu/6b_podcasts_hub/node_modules/.vite/deps/react-dom_client.js?v=5f40683f:15888:9)\n    at runWithFiberInDEV (https://3000-i7fre0uhovs44d3ru3bh9-43e284af.us2.manus.computer/@fs/home/ubuntu/6b_podcasts_hub/node_modules/.vite/deps/react-dom_client.js?v=5f40683f:997:72)\n    at commitHostUpdate (https://3000-i7fre0uhovs44d3ru3bh9-43e284af.us2.manus.computer/@fs/home/ubuntu/6b_podcasts_hub/node_modules/.vite/deps/react-dom_client.js?v=5f40683f:9671:11)\n    at commitMutationEffectsOnFiber (https://3000-i7fre0uhovs44d3ru3bh9-43e284af.us2.manus.computer/@fs/home/ubuntu/6b_podcasts_hub/node_modules/.vite/deps/react-dom_client.js?v=5f40683f:10562:115)\n    at recursivelyTraverseMutationEffects (https://3000-i7fre0uhovs44d3ru3bh9-43e284af.us2.manus.computer/@fs/home/ubuntu/6b_podcasts_hub/node_modules/.vite/deps/react-dom_client.js?v=5f40683f:10396:13)\n    at commitMutationEffectsOnFiber (https://3000-i7fre0uhovs44d3ru3bh9-43e284af.us2.manus.computer/@fs/home/ubuntu/6b_podcasts_hub/node_modules/.vite/deps/react-dom_client.js?v=5f40683f:10547:13)"}
[2026-07-11T07:02:29.532Z] {"timestamp":1783753331813,"level":"ERROR","args":["%s a style property during rerender (%s) when a conflicting property is set (%s) can lead to styling bugs. To avoid this, don't mix shorthand and non-shorthand properties for the same value; instead, replace the shorthand with separate values.","Removing","borderColor","border"],"stack":"Error\n    at console.<computed> [as error] (https://3000-i7fre0uhovs44d3ru3bh9-43e284af.us2.manus.computer/__manus__/debug-collector.js:391:37)\n    at setValueForStyles (https://3000-i7fre0uhovs44d3ru3bh9-43e284af.us2.manus.computer/@fs/home/ubuntu/6b_podcasts_hub/node_modules/.vite/deps/react-dom_client.js?v=5f40683f:2262:25)\n    at setProp (https://3000-i7fre0uhovs44d3ru3bh9-43e284af.us2.manus.computer/@fs/home/ubuntu/6b_podcasts_hub/node_modules/.vite/deps/react-dom_client.js?v=5f40683f:14195:13)\n    at updateProperties (https://3000-i7fre0uhovs44d3ru3bh9-43e284af.us2.manus.computer/@fs/home/ubuntu/6b_podcasts_hub/node_modules/.vite/deps/react-dom_client.js?v=5f40683f:15065:179)\n    at commitUpdate (https://3000-i7fre0uhovs44d3ru3bh9-43e284af.us2.manus.computer/@fs/home/ubuntu/6b_podcasts_hub/node_modules/.vite/deps/react-dom_client.js?v=5f40683f:15888:9)\n    at runWithFiberInDEV (https://3000-i7fre0uhovs44d3ru3bh9-43e284af.us2.manus.computer/@fs/home/ubuntu/6b_podcasts_hub/node_modules/.vite/deps/react-dom_client.js?v=5f40683f:997:72)\n    at commitHostUpdate (https://3000-i7fre0uhovs44d3ru3bh9-43e284af.us2.manus.computer/@fs/home/ubuntu/6b_podcasts_hub/node_modules/.vite/deps/react-dom_client.js?v=5f40683f:9671:11)\n    at commitMutationEffectsOnFiber (https://3000-i7fre0uhovs44d3ru3bh9-43e284af.us2.manus.computer/@fs/home/ubuntu/6b_podcasts_hub/node_modules/.vite/deps/react-dom_client.js?v=5f40683f:10562:115)\n    at recursivelyTraverseMutationEffects (https://3000-i7fre0uhovs44d3ru3bh9-43e284af.us2.manus.computer/@fs/home/ubuntu/6b_podcasts_hub/node_modules/.vite/deps/react-dom_client.js?v=5f40683f:10396:13)\n    at commitMutationEffectsOnFiber (https://3000-i7fre0uhovs44d3ru3bh9-43e284af.us2.manus.computer/@fs/home/ubuntu/6b_podcasts_hub/node_modules/.vite/deps/react-dom_client.js?v=5f40683f:10547:13)"}
[2026-07-11T07:02:29.532Z] {"timestamp":1783753332196,"level":"ERROR","args":["%s a style property during rerender (%s) when a conflicting property is set (%s) can lead to styling bugs. To avoid this, don't mix shorthand and non-shorthand properties for the same value; instead, replace the shorthand with separate values.","Removing","borderColor","border"],"stack":"Error\n    at console.<computed> [as error] (https://3000-i7fre0uhovs44d3ru3bh9-43e284af.us2.manus.computer/__manus__/debug-collector.js:391:37)\n    at setValueForStyles (https://3000-i7fre0uhovs44d3ru3bh9-43e284af.us2.manus.computer/@fs/home/ubuntu/6b_podcasts_hub/node_modules/.vite/deps/react-dom_client.js?v=5f40683f:2262:25)\n    at setProp (https://3000-i7fre0uhovs44d3ru3bh9-43e284af.us2.manus.computer/@fs/home/ubuntu/6b_podcasts_hub/node_modules/.vite/deps/react-dom_client.js?v=5f40683f:14195:13)\n    at updateProperties (https://3000-i7fre0uhovs44d3ru3bh9-43e284af.us2.manus.computer/@fs/home/ubuntu/6b_podcasts_hub/node_modules/.vite/deps/react-dom_client.js?v=5f40683f:15065:179)\n    at commitUpdate (https://3000-i7fre0uhovs44d3ru3bh9-43e284af.us2.manus.computer/@fs/home/ubuntu/6b_podcasts_hub/node_modules/.vite/deps/react-dom_client.js?v=5f40683f:15888:9)\n    at runWithFiberInDEV (https://3000-i7fre0uhovs44d3ru3bh9-43e284af.us2.manus.computer/@fs/home/ubuntu/6b_podcasts_hub/node_modules/.vite/deps/react-dom_client.js?v=5f40683f:997:72)\n    at commitHostUpdate (https://3000-i7fre0uhovs44d3ru3bh9-43e284af.us2.manus.computer/@fs/home/ubuntu/6b_podcasts_hub/node_modules/.vite/deps/react-dom_client.js?v=5f40683f:9671:11)\n    at commitMutationEffectsOnFiber (https://3000-i7fre0uhovs44d3ru3bh9-43e284af.us2.manus.computer/@fs/home/ubuntu/6b_podcasts_hub/node_modules/.vite/deps/react-dom_client.js?v=5f40683f:10562:115)\n    at recursivelyTraverseMutationEffects (https://3000-i7fre0uhovs44d3ru3bh9-43e284af.us2.manus.computer/@fs/home/ubuntu/6b_podcasts_hub/node_modules/.vite/deps/react-dom_client.js?v=5f40683f:10396:13)\n    at commitMutationEffectsOnFiber (https://3000-i7fre0uhovs44d3ru3bh9-43e284af.us2.manus.computer/@fs/home/ubuntu/6b_podcasts_hub/node_modules/.vite/deps/react-dom_client.js?v=5f40683f:10547:13)"}
[2026-07-11T07:02:33.549Z] {"timestamp":1783753335753,"level":"ERROR","args":["%s a style property during rerender (%s) when a conflicting property is set (%s) can lead to styling bugs. To avoid this, don't mix shorthand and non-shorthand properties for the same value; instead, replace the shorthand with separate values.","Removing","borderColor","border"],"stack":"Error\n    at console.<computed> [as error] (https://3000-i7fre0uhovs44d3ru3bh9-43e284af.us2.manus.computer/__manus__/debug-collector.js:391:37)\n    at setValueForStyles (https://3000-i7fre0uhovs44d3ru3bh9-43e284af.us2.manus.computer/@fs/home/ubuntu/6b_podcasts_hub/node_modules/.vite/deps/react-dom_client.js?v=5f40683f:2262:25)\n    at setProp (https://3000-i7fre0uhovs44d3ru3bh9-43e284af.us2.manus.computer/@fs/home/ubuntu/6b_podcasts_hub/node_modules/.vite/deps/react-dom_client.js?v=5f40683f:14195:13)\n    at updateProperties (https://3000-i7fre0uhovs44d3ru3bh9-43e284af.us2.manus.computer/@fs/home/ubuntu/6b_podcasts_hub/node_modules/.vite/deps/react-dom_client.js?v=5f40683f:15065:179)\n    at commitUpdate (https://3000-i7fre0uhovs44d3ru3bh9-43e284af.us2.manus.computer/@fs/home/ubuntu/6b_podcasts_hub/node_modules/.vite/deps/react-dom_client.js?v=5f40683f:15888:9)\n    at runWithFiberInDEV (https://3000-i7fre0uhovs44d3ru3bh9-43e284af.us2.manus.computer/@fs/home/ubuntu/6b_podcasts_hub/node_modules/.vite/deps/react-dom_client.js?v=5f40683f:997:72)\n    at commitHostUpdate (https://3000-i7fre0uhovs44d3ru3bh9-43e284af.us2.manus.computer/@fs/home/ubuntu/6b_podcasts_hub/node_modules/.vite/deps/react-dom_client.js?v=5f40683f:9671:11)\n    at commitMutationEffectsOnFiber (https://3000-i7fre0uhovs44d3ru3bh9-43e284af.us2.manus.computer/@fs/home/ubuntu/6b_podcasts_hub/node_modules/.vite/deps/react-dom_client.js?v=5f40683f:10562:115)\n    at recursivelyTraverseMutationEffects (https://3000-i7fre0uhovs44d3ru3bh9-43e284af.us2.manus.computer/@fs/home/ubuntu/6b_podcasts_hub/node_modules/.vite/deps/react-dom_client.js?v=5f40683f:10396:13)\n    at commitMutationEffectsOnFiber (https://3000-i7fre0uhovs44d3ru3bh9-43e284af.us2.manus.computer/@fs/home/ubuntu/6b_podcasts_hub/node_modules/.vite/deps/react-dom_client.js?v=5f40683f:10547:13)"}
[2026-07-11T07:02:33.549Z] {"timestamp":1783753335928,"level":"ERROR","args":["%s a style property during rerender (%s) when a conflicting property is set (%s) can lead to styling bugs. To avoid this, don't mix shorthand and non-shorthand properties for the same value; instead, replace the shorthand with separate values.","Removing","borderColor","border"],"stack":"Error\n    at console.<computed> [as error] (https://3000-i7fre0uhovs44d3ru3bh9-43e284af.us2.manus.computer/__manus__/debug-collector.js:391:37)\n    at setValueForStyles (https://3000-i7fre0uhovs44d3ru3bh9-43e284af.us2.manus.computer/@fs/home/ubuntu/6b_podcasts_hub/node_modules/.vite/deps/react-dom_client.js?v=5f40683f:2262:25)\n    at setProp (https://3000-i7fre0uhovs44d3ru3bh9-43e284af.us2.manus.computer/@fs/home/ubuntu/6b_podcasts_hub/node_modules/.vite/deps/react-dom_client.js?v=5f40683f:14195:13)\n    at updateProperties (https://3000-i7fre0uhovs44d3ru3bh9-43e284af.us2.manus.computer/@fs/home/ubuntu/6b_podcasts_hub/node_modules/.vite/deps/react-dom_client.js?v=5f40683f:15065:179)\n    at commitUpdate (https://3000-i7fre0uhovs44d3ru3bh9-43e284af.us2.manus.computer/@fs/home/ubuntu/6b_podcasts_hub/node_modules/.vite/deps/react-dom_client.js?v=5f40683f:15888:9)\n    at runWithFiberInDEV (https://3000-i7fre0uhovs44d3ru3bh9-43e284af.us2.manus.computer/@fs/home/ubuntu/6b_podcasts_hub/node_modules/.vite/deps/react-dom_client.js?v=5f40683f:997:72)\n    at commitHostUpdate (https://3000-i7fre0uhovs44d3ru3bh9-43e284af.us2.manus.computer/@fs/home/ubuntu/6b_podcasts_hub/node_modules/.vite/deps/react-dom_client.js?v=5f40683f:9671:11)\n    at commitMutationEffectsOnFiber (https://3000-i7fre0uhovs44d3ru3bh9-43e284af.us2.manus.computer/@fs/home/ubuntu/6b_podcasts_hub/node_modules/.vite/deps/react-dom_client.js?v=5f40683f:10562:115)\n    at recursivelyTraverseMutationEffects (https://3000-i7fre0uhovs44d3ru3bh9-43e284af.us2.manus.computer/@fs/home/ubuntu/6b_podcasts_hub/node_modules/.vite/deps/react-dom_client.js?v=5f40683f:10396:13)\n    at commitMutationEffectsOnFiber (https://3000-i7fre0uhovs44d3ru3bh9-43e284af.us2.manus.computer/@fs/home/ubuntu/6b_podcasts_hub/node_modules/.vite/deps/react-dom_client.js?v=5f40683f:10547:13)"}
[2026-07-11T07:02:33.549Z] {"timestamp":1783753336370,"level":"ERROR","args":["%s a style property during rerender (%s) when a conflicting property is set (%s) can lead to styling bugs. To avoid this, don't mix shorthand and non-shorthand properties for the same value; instead, replace the shorthand with separate values.","Removing","borderColor","border"],"stack":"Error\n    at console.<computed> [as error] (https://3000-i7fre0uhovs44d3ru3bh9-43e284af.us2.manus.computer/__manus__/debug-collector.js:391:37)\n    at setValueForStyles (https://3000-i7fre0uhovs44d3ru3bh9-43e284af.us2.manus.computer/@fs/home/ubuntu/6b_podcasts_hub/node_modules/.vite/deps/react-dom_client.js?v=5f40683f:2262:25)\n    at setProp (https://3000-i7fre0uhovs44d3ru3bh9-43e284af.us2.manus.computer/@fs/home/ubuntu/6b_podcasts_hub/node_modules/.vite/deps/react-dom_client.js?v=5f40683f:14195:13)\n    at updateProperties (https://3000-i7fre0uhovs44d3ru3bh9-43e284af.us2.manus.computer/@fs/home/ubuntu/6b_podcasts_hub/node_modules/.vite/deps/react-dom_client.js?v=5f40683f:15065:179)\n    at commitUpdate (https://3000-i7fre0uhovs44d3ru3bh9-43e284af.us2.manus.computer/@fs/home/ubuntu/6b_podcasts_hub/node_modules/.vite/deps/react-dom_client.js?v=5f40683f:15888:9)\n    at runWithFiberInDEV (https://3000-i7fre0uhovs44d3ru3bh9-43e284af.us2.manus.computer/@fs/home/ubuntu/6b_podcasts_hub/node_modules/.vite/deps/react-dom_client.js?v=5f40683f:997:72)\n    at commitHostUpdate (https://3000-i7fre0uhovs44d3ru3bh9-43e284af.us2.manus.computer/@fs/home/ubuntu/6b_podcasts_hub/node_modules/.vite/deps/react-dom_client.js?v=5f40683f:9671:11)\n    at commitMutationEffectsOnFiber (https://3000-i7fre0uhovs44d3ru3bh9-43e284af.us2.manus.computer/@fs/home/ubuntu/6b_podcasts_hub/node_modules/.vite/deps/react-dom_client.js?v=5f40683f:10562:115)\n    at recursivelyTraverseMutationEffects (https://3000-i7fre0uhovs44d3ru3bh9-43e284af.us2.manus.computer/@fs/home/ubuntu/6b_podcasts_hub/node_modules/.vite/deps/react-dom_client.js?v=5f40683f:10396:13)\n    at commitMutationEffectsOnFiber (https://3000-i7fre0uhovs44d3ru3bh9-43e284af.us2.manus.computer/@fs/home/ubuntu/6b_podcasts_hub/node_modules/.vite/deps/react-dom_client.js?v=5f40683f:10547:13)"}
[2026-07-11T07:02:56.007Z] {"timestamp":1783753359496,"level":"DEBUG","args":["[vite]","hot updated: /src/pages/Portal.tsx"],"stack":null}
[2026-07-11T07:02:56.007Z] {"timestamp":1783753359496,"level":"DEBUG","args":["[vite]","hot updated: /src/index.css"],"stack":null}
[2026-07-11T07:02:56.744Z] {"timestamp":1783753376490,"level":"DEBUG","args":["[vite]","hot updated: /src/pages/Portal.tsx"],"stack":null}
[2026-07-11T07:02:56.744Z] {"timestamp":1783753376490,"level":"DEBUG","args":["[vite]","hot updated: /src/index.css"],"stack":null}
[2026-07-11T07:03:01.020Z] {"timestamp":1783753362319,"level":"DEBUG","args":["[Manus] Debug collector initialized (no rrweb, UI events only)"],"stack":null}
[2026-07-11T07:03:01.020Z] {"timestamp":1783753363181,"level":"DEBUG","args":["[vite] connected."],"stack":null}
[2026-07-11T07:03:03.730Z] {"timestamp":1783753381569,"level":"DEBUG","args":["[Manus] Debug collector initialized (no rrweb, UI events only)"],"stack":null}
[2026-07-11T07:03:03.730Z] {"timestamp":1783753382331,"level":"DEBUG","args":["[vite] connected."],"stack":null}
[2026-07-11T07:03:05.727Z] {"timestamp":1783753386065,"level":"DEBUG","args":["[vite]","hot updated: /src/pages/Portal.tsx"],"stack":null}
[2026-07-11T07:03:05.727Z] {"timestamp":1783753386066,"level":"DEBUG","args":["[vite]","hot updated: /src/index.css"],"stack":null}
[2026-07-11T07:03:06.028Z] {"timestamp":1783753367259,"level":"DEBUG","args":["[Manus] Debug collector initialized (no rrweb, UI events only)"],"stack":null}
[2026-07-11T07:03:06.028Z] {"timestamp":1783753368191,"level":"DEBUG","args":["[vite] connected."],"stack":null}
[2026-07-11T07:03:06.028Z] {"timestamp":1783753369476,"level":"DEBUG","args":["[vite]","hot updated: /src/pages/Portal.tsx"],"stack":null}
[2026-07-11T07:03:06.028Z] {"timestamp":1783753369476,"level":"DEBUG","args":["[vite]","hot updated: /src/index.css"],"stack":null}
[2026-07-11T07:03:13.732Z] {"timestamp":1783753391743,"level":"DEBUG","args":["[Manus] Debug collector initialized (no rrweb, UI events only)"],"stack":null}
[2026-07-11T07:03:13.732Z] {"timestamp":1783753392768,"level":"DEBUG","args":["[vite] connected."],"stack":null}
[2026-07-11T07:03:14.028Z] {"timestamp":1783753375444,"level":"DEBUG","args":["[Manus] Debug collector initialized (no rrweb, UI events only)"],"stack":null}
[2026-07-11T07:03:14.028Z] {"timestamp":1783753376341,"level":"DEBUG","args":["[vite] connected."],"stack":null}
[2026-07-11T07:03:24.020Z] {"timestamp":1783753387940,"level":"DEBUG","args":["[vite]","hot updated: /src/components/Navbar.tsx"],"stack":null}
[2026-07-11T07:03:24.020Z] {"timestamp":1783753387940,"level":"DEBUG","args":["[vite]","hot updated: /src/index.css"],"stack":null}
[2026-07-11T07:03:30.735Z] {"timestamp":1783753408548,"level":"DEBUG","args":["[Manus] Debug collector initialized (no rrweb, UI events only)"],"stack":null}
[2026-07-11T07:03:30.735Z] {"timestamp":1783753409473,"level":"DEBUG","args":["[vite] connected."],"stack":null}
[2026-07-11T07:03:31.022Z] {"timestamp":1783753392059,"level":"DEBUG","args":["[Manus] Debug collector initialized (no rrweb, UI events only)"],"stack":null}
[2026-07-11T07:03:31.022Z] {"timestamp":1783753392976,"level":"DEBUG","args":["[vite] connected."],"stack":null}
[2026-07-11T07:04:08.733Z] {"timestamp":1783753448882,"level":"DEBUG","args":["[vite]","hot updated: /src/pages/Home.tsx"],"stack":null}
[2026-07-11T07:04:08.733Z] {"timestamp":1783753448882,"level":"DEBUG","args":["[vite]","hot updated: /src/index.css"],"stack":null}
[2026-07-11T07:04:08.733Z] {"timestamp":1783753449200,"level":"DEBUG","args":["[vite]","hot updated: /src/pages/Portal.tsx"],"stack":null}
[2026-07-11T07:04:08.733Z] {"timestamp":1783753449200,"level":"DEBUG","args":["[vite]","hot updated: /src/index.css"],"stack":null}
[2026-07-11T07:04:09.009Z] {"timestamp":1783753432533,"level":"DEBUG","args":["[vite]","hot updated: /src/pages/Home.tsx"],"stack":null}
[2026-07-11T07:04:09.009Z] {"timestamp":1783753432533,"level":"DEBUG","args":["[vite]","hot updated: /src/index.css"],"stack":null}
[2026-07-11T07:04:11.016Z] {"timestamp":1783753432998,"level":"DEBUG","args":["[vite]","hot updated: /src/pages/Portal.tsx"],"stack":null}
[2026-07-11T07:04:11.016Z] {"timestamp":1783753432998,"level":"DEBUG","args":["[vite]","hot updated: /src/index.css"],"stack":null}
[2026-07-11T07:04:28.276Z] {"timestamp":1783753466271,"level":"DEBUG","args":["[Manus] Debug collector initialized (no rrweb, UI events only)"],"stack":null}
[2026-07-11T07:04:28.276Z] {"timestamp":1783753466276,"level":"DEBUG","args":["[vite] connected."],"stack":null}
[2026-07-11T07:04:28.276Z] {"timestamp":1783753466626,"level":"INFO","args":["%cDownload the React DevTools for a better development experience: https://react.dev/link/react-devtools","font-weight:bold"],"stack":null}
[2026-07-11T07:26:20.037Z] {"timestamp":1783754761459,"level":"DEBUG","args":["[Manus] Debug collector initialized (no rrweb, UI events only)"],"stack":null}
[2026-07-11T07:26:20.037Z] {"timestamp":1783754761680,"level":"DEBUG","args":["[vite] connected."],"stack":null}
[2026-07-11T07:32:33.076Z] {"timestamp":1783755134276,"level":"DEBUG","args":["[Manus] Debug collector initialized (no rrweb, UI events only)"],"stack":null}
[2026-07-11T07:37:20.046Z] {"timestamp":1783755421631,"level":"DEBUG","args":["[Manus] Debug collector initialized (no rrweb, UI events only)"],"stack":null}
[2026-07-11T07:37:20.046Z] {"timestamp":1783755421879,"level":"DEBUG","args":["[vite] connected."],"stack":null}
[2026-07-11T07:42:20.077Z] {"timestamp":1783755721548,"level":"DEBUG","args":["[Manus] Debug collector initialized (no rrweb, UI events only)"],"stack":null}
[2026-07-11T07:42:20.077Z] {"timestamp":1783755721768,"level":"DEBUG","args":["[vite] connected."],"stack":null}
[2026-07-11T07:47:20.052Z] {"timestamp":1783756021440,"level":"DEBUG","args":["[Manus] Debug collector initialized (no rrweb, UI events only)"],"stack":null}
[2026-07-11T07:47:20.052Z] {"timestamp":1783756021665,"level":"DEBUG","args":["[vite] connected."],"stack":null}
[2026-07-11T07:52:20.047Z] {"timestamp":1783756321575,"level":"DEBUG","args":["[Manus] Debug collector initialized (no rrweb, UI events only)"],"stack":null}
[2026-07-11T07:52:20.047Z] {"timestamp":1783756321806,"level":"DEBUG","args":["[vite] connected."],"stack":null}
[2026-07-11T07:57:20.047Z] {"timestamp":1783756621418,"level":"DEBUG","args":["[Manus] Debug collector initialized (no rrweb, UI events only)"],"stack":null}
[2026-07-11T07:57:20.047Z] {"timestamp":1783756621640,"level":"DEBUG","args":["[vite] connected."],"stack":null}
[2026-07-11T08:02:22.066Z] {"timestamp":1783756923837,"level":"DEBUG","args":["[Manus] Debug collector initialized (no rrweb, UI events only)"],"stack":null}
[2026-07-11T08:02:22.066Z] {"timestamp":1783756923848,"level":"DEBUG","args":["[vite] connected."],"stack":null}
[2026-07-11T08:07:24.059Z] {"timestamp":1783757225352,"level":"DEBUG","args":["[Manus] Debug collector initialized (no rrweb, UI events only)"],"stack":null}
[2026-07-11T08:07:24.059Z] {"timestamp":1783757226098,"level":"DEBUG","args":["[vite] connected."],"stack":null}
[2026-07-11T08:12:20.064Z] {"timestamp":1783757521382,"level":"DEBUG","args":["[Manus] Debug collector initialized (no rrweb, UI events only)"],"stack":null}
[2026-07-11T08:12:20.064Z] {"timestamp":1783757521621,"level":"DEBUG","args":["[vite] connected."],"stack":null}
[2026-07-11T08:17:28.066Z] {"timestamp":1783757829951,"level":"DEBUG","args":["[Manus] Debug collector initialized (no rrweb, UI events only)"],"stack":null}
[2026-07-11T08:17:28.066Z] {"timestamp":1783757830702,"level":"DEBUG","args":["[vite] connected."],"stack":null}
[2026-07-11T08:22:24.161Z] {"timestamp":1783758125222,"level":"DEBUG","args":["[Manus] Debug collector initialized (no rrweb, UI events only)"],"stack":null}
[2026-07-11T08:22:24.161Z] {"timestamp":1783758125226,"level":"DEBUG","args":["[vite] connected."],"stack":null}
[2026-07-11T11:04:26.398Z] {"timestamp":1783767864983,"level":"DEBUG","args":["[Manus] Debug collector initialized (no rrweb, UI events only)"],"stack":null}
[2026-07-11T11:04:28.393Z] {"timestamp":1783767867356,"level":"DEBUG","args":["[vite] connected."],"stack":null}
[2026-07-11T11:05:25.714Z] {"timestamp":1783767923600,"level":"DEBUG","args":["[Manus] Debug collector initialized (no rrweb, UI events only)"],"stack":null}
[2026-07-11T11:05:25.714Z] {"timestamp":1783767924335,"level":"DEBUG","args":["[vite] connected."],"stack":null}
[2026-07-11T11:05:46.814Z] {"timestamp":1783767945223,"level":"DEBUG","args":["[Manus] Debug collector initialized (no rrweb, UI events only)"],"stack":null}
[2026-07-11T11:05:46.814Z] {"timestamp":1783767946003,"level":"DEBUG","args":["[vite] connected."],"stack":null}
[2026-07-11T11:06:37.718Z] {"timestamp":1783767995980,"level":"DEBUG","args":["[Manus] Debug collector initialized (no rrweb, UI events only)"],"stack":null}
[2026-07-11T11:06:37.718Z] {"timestamp":1783767996720,"level":"DEBUG","args":["[vite] connected."],"stack":null}
[2026-07-11T11:07:03.747Z] {"timestamp":1783768022036,"level":"DEBUG","args":["[Manus] Debug collector initialized (no rrweb, UI events only)"],"stack":null}
[2026-07-11T11:07:03.747Z] {"timestamp":1783768022749,"level":"DEBUG","args":["[vite] connected."],"stack":null}
[2026-07-11T11:07:31.724Z] {"timestamp":1783768049997,"level":"DEBUG","args":["[Manus] Debug collector initialized (no rrweb, UI events only)"],"stack":null}
[2026-07-11T11:07:31.724Z] {"timestamp":1783768050719,"level":"DEBUG","args":["[vite] connected."],"stack":null}
[2026-07-11T11:07:56.726Z] {"timestamp":1783768074979,"level":"DEBUG","args":["[Manus] Debug collector initialized (no rrweb, UI events only)"],"stack":null}
[2026-07-11T11:07:56.726Z] {"timestamp":1783768075723,"level":"DEBUG","args":["[vite] connected."],"stack":null}
[2026-07-11T11:08:24.714Z] {"timestamp":1783768103022,"level":"DEBUG","args":["[Manus] Debug collector initialized (no rrweb, UI events only)"],"stack":null}
[2026-07-11T11:08:24.714Z] {"timestamp":1783768103827,"level":"DEBUG","args":["[vite] connected."],"stack":null}
[2026-07-11T11:08:44.721Z] {"timestamp":1783768122702,"level":"DEBUG","args":["[Manus] Debug collector initialized (no rrweb, UI events only)"],"stack":null}
[2026-07-11T11:08:44.721Z] {"timestamp":1783768123426,"level":"DEBUG","args":["[vite] connected."],"stack":null}
[2026-07-11T11:09:12.725Z] {"timestamp":1783768150893,"level":"DEBUG","args":["[Manus] Debug collector initialized (no rrweb, UI events only)"],"stack":null}
[2026-07-11T11:09:12.725Z] {"timestamp":1783768151639,"level":"DEBUG","args":["[vite] connected."],"stack":null}
[2026-07-11T11:09:20.852Z] {"timestamp":1783768158847,"level":"DEBUG","args":["[Manus] Debug collector initialized (no rrweb, UI events only)"],"stack":null}
[2026-07-11T11:09:20.852Z] {"timestamp":1783768158855,"level":"DEBUG","args":["[vite] connected."],"stack":null}
[2026-07-11T11:09:20.852Z] {"timestamp":1783768159144,"level":"INFO","args":["%cDownload the React DevTools for a better development experience: https://react.dev/link/react-devtools","font-weight:bold"],"stack":null}
[2026-07-11T11:10:13.052Z] {"timestamp":1783768211591,"level":"DEBUG","args":["[Manus] Debug collector initialized (no rrweb, UI events only)"],"stack":null}
[2026-07-11T11:10:13.052Z] {"timestamp":1783768212447,"level":"DEBUG","args":["[vite] connected."],"stack":null}
[2026-07-11T14:13:23.537Z] {"timestamp":1783779202138,"level":"DEBUG","args":["[Manus] Debug collector initialized (no rrweb, UI events only)"],"stack":null}
[2026-07-11T14:13:27.526Z] {"timestamp":1783779207794,"level":"DEBUG","args":["[vite] connected."],"stack":null}
[2026-07-11T14:13:37.388Z] {"timestamp":1783779215157,"level":"DEBUG","args":["[Manus] Debug collector initialized (no rrweb, UI events only)"],"stack":null}
[2026-07-11T14:13:37.388Z] {"timestamp":1783779215908,"level":"DEBUG","args":["[vite] connected."],"stack":null}
[2026-07-11T14:15:16.605Z] {"timestamp":1783779315218,"level":"DEBUG","args":["[Manus] Debug collector initialized (no rrweb, UI events only)"],"stack":null}
[2026-07-11T14:15:16.605Z] {"timestamp":1783779315968,"level":"DEBUG","args":["[vite] connected."],"stack":null}
[2026-07-11T14:15:20.153Z] {"timestamp":1783779317368,"level":"DEBUG","args":["[Manus] Debug collector initialized (no rrweb, UI events only)"],"stack":null}
[2026-07-11T14:15:20.153Z] {"timestamp":1783779318150,"level":"DEBUG","args":["[vite] connected."],"stack":null}
[2026-07-11T14:15:26.803Z] {"timestamp":1783779325405,"level":"DEBUG","args":["[Manus] Debug collector initialized (no rrweb, UI events only)"],"stack":null}
[2026-07-11T14:15:26.803Z] {"timestamp":1783779326162,"level":"DEBUG","args":["[vite] connected."],"stack":null}
[2026-07-11T14:17:26.558Z] {"timestamp":1783779445165,"level":"DEBUG","args":["[Manus] Debug collector initialized (no rrweb, UI events only)"],"stack":null}
[2026-07-11T14:17:26.558Z] {"timestamp":1783779445902,"level":"DEBUG","args":["[vite] connected."],"stack":null}
[2026-07-11T14:17:30.731Z] {"timestamp":1783779449329,"level":"DEBUG","args":["[Manus] Debug collector initialized (no rrweb, UI events only)"],"stack":null}
[2026-07-11T14:17:30.731Z] {"timestamp":1783779450047,"level":"DEBUG","args":["[vite] connected."],"stack":null}
[2026-07-11T14:17:33.090Z] {"timestamp":1783779450430,"level":"DEBUG","args":["[Manus] Debug collector initialized (no rrweb, UI events only)"],"stack":null}
[2026-07-11T14:17:33.090Z] {"timestamp":1783779451318,"level":"DEBUG","args":["[vite] connected."],"stack":null}
[2026-07-11T14:18:44.104Z] {"timestamp":1783779521845,"level":"DEBUG","args":["[Manus] Debug collector initialized (no rrweb, UI events only)"],"stack":null}
[2026-07-11T14:18:44.104Z] {"timestamp":1783779522626,"level":"DEBUG","args":["[vite] connected."],"stack":null}
[2026-07-11T14:18:44.879Z] {"timestamp":1783779523485,"level":"DEBUG","args":["[Manus] Debug collector initialized (no rrweb, UI events only)"],"stack":null}
[2026-07-11T14:18:44.879Z] {"timestamp":1783779524239,"level":"DEBUG","args":["[vite] connected."],"stack":null}
[2026-07-11T14:19:00.422Z] {"timestamp":1783779539026,"level":"DEBUG","args":["[Manus] Debug collector initialized (no rrweb, UI events only)"],"stack":null}
[2026-07-11T14:19:00.422Z] {"timestamp":1783779539736,"level":"DEBUG","args":["[vite] connected."],"stack":null}
[2026-07-11T14:19:01.088Z] {"timestamp":1783779538650,"level":"DEBUG","args":["[Manus] Debug collector initialized (no rrweb, UI events only)"],"stack":null}
[2026-07-11T14:19:01.089Z] {"timestamp":1783779539414,"level":"DEBUG","args":["[vite] connected."],"stack":null}
[2026-07-11T14:19:25.183Z] {"timestamp":1783779563782,"level":"DEBUG","args":["[Manus] Debug collector initialized (no rrweb, UI events only)"],"stack":null}
[2026-07-11T14:19:25.183Z] {"timestamp":1783779564777,"level":"DEBUG","args":["[vite] connected."],"stack":null}
[2026-07-11T14:20:15.172Z] {"timestamp":1783779615380,"level":"DEBUG","args":["[vite]","hot updated: /src/index.css"],"stack":null}
[2026-07-11T14:21:21.607Z] {"timestamp":1783779680209,"level":"DEBUG","args":["[Manus] Debug collector initialized (no rrweb, UI events only)"],"stack":null}
[2026-07-11T14:21:21.607Z] {"timestamp":1783779680936,"level":"DEBUG","args":["[vite] connected."],"stack":null}
[2026-07-11T14:21:27.162Z] {"timestamp":1783779684155,"level":"DEBUG","args":["[Manus] Debug collector initialized (no rrweb, UI events only)"],"stack":null}
[2026-07-11T14:21:27.162Z] {"timestamp":1783779685072,"level":"DEBUG","args":["[vite] connected."],"stack":null}
[2026-07-11T14:21:45.457Z] {"timestamp":1783779704064,"level":"DEBUG","args":["[Manus] Debug collector initialized (no rrweb, UI events only)"],"stack":null}
[2026-07-11T14:21:45.457Z] {"timestamp":1783779704780,"level":"DEBUG","args":["[vite] connected."],"stack":null}
[2026-07-11T14:23:05.086Z] {"timestamp":1783779782567,"level":"DEBUG","args":["[Manus] Debug collector initialized (no rrweb, UI events only)"],"stack":null}
[2026-07-11T14:23:05.086Z] {"timestamp":1783779783354,"level":"DEBUG","args":["[vite] connected."],"stack":null}
[2026-07-11T14:23:06.482Z] {"timestamp":1783779785082,"level":"DEBUG","args":["[Manus] Debug collector initialized (no rrweb, UI events only)"],"stack":null}
[2026-07-11T14:23:06.482Z] {"timestamp":1783779785814,"level":"DEBUG","args":["[vite] connected."],"stack":null}
[2026-07-11T14:23:32.015Z] {"timestamp":1783779810627,"level":"DEBUG","args":["[Manus] Debug collector initialized (no rrweb, UI events only)"],"stack":null}
[2026-07-11T14:23:32.015Z] {"timestamp":1783779811363,"level":"DEBUG","args":["[vite] connected."],"stack":null}
[2026-07-11T14:23:32.082Z] {"timestamp":1783779809405,"level":"DEBUG","args":["[Manus] Debug collector initialized (no rrweb, UI events only)"],"stack":null}
[2026-07-11T14:23:32.082Z] {"timestamp":1783779810199,"level":"DEBUG","args":["[vite] connected."],"stack":null}
[2026-07-11T14:23:51.882Z] {"timestamp":1783779830472,"level":"DEBUG","args":["[Manus] Debug collector initialized (no rrweb, UI events only)"],"stack":null}
[2026-07-11T14:23:51.882Z] {"timestamp":1783779831188,"level":"DEBUG","args":["[vite] connected."],"stack":null}
[2026-07-11T14:24:15.451Z] {"timestamp":1783779854052,"level":"DEBUG","args":["[Manus] Debug collector initialized (no rrweb, UI events only)"],"stack":null}
[2026-07-11T14:24:15.451Z] {"timestamp":1783779854796,"level":"DEBUG","args":["[vite] connected."],"stack":null}
[2026-07-11T14:24:22.083Z] {"timestamp":1783779859223,"level":"DEBUG","args":["[Manus] Debug collector initialized (no rrweb, UI events only)"],"stack":null}
[2026-07-11T14:24:22.083Z] {"timestamp":1783779860009,"level":"DEBUG","args":["[vite] connected."],"stack":null}
[2026-07-11T14:24:44.088Z] {"timestamp":1783779881584,"level":"DEBUG","args":["[Manus] Debug collector initialized (no rrweb, UI events only)"],"stack":null}
[2026-07-11T14:24:44.088Z] {"timestamp":1783779882323,"level":"DEBUG","args":["[vite] connected."],"stack":null}
[2026-07-11T14:24:45.886Z] {"timestamp":1783779884487,"level":"DEBUG","args":["[Manus] Debug collector initialized (no rrweb, UI events only)"],"stack":null}
[2026-07-11T14:24:45.886Z] {"timestamp":1783779885226,"level":"DEBUG","args":["[vite] connected."],"stack":null}
[2026-07-11T14:25:07.904Z] {"timestamp":1783779906512,"level":"DEBUG","args":["[Manus] Debug collector initialized (no rrweb, UI events only)"],"stack":null}
[2026-07-11T14:25:07.905Z] {"timestamp":1783779907226,"level":"DEBUG","args":["[vite] connected."],"stack":null}
[2026-07-11T14:25:32.088Z] {"timestamp":1783779929581,"level":"DEBUG","args":["[Manus] Debug collector initialized (no rrweb, UI events only)"],"stack":null}
[2026-07-11T14:25:32.088Z] {"timestamp":1783779930317,"level":"DEBUG","args":["[vite] connected."],"stack":null}
[2026-07-11T14:25:32.519Z] {"timestamp":1783779930550,"level":"DEBUG","args":["[Manus] Debug collector initialized (no rrweb, UI events only)"],"stack":null}
[2026-07-11T14:25:32.519Z] {"timestamp":1783779932539,"level":"DEBUG","args":["[vite] connected."],"stack":null}
[2026-07-11T14:26:00.821Z] {"timestamp":1783779959421,"level":"DEBUG","args":["[Manus] Debug collector initialized (no rrweb, UI events only)"],"stack":null}
[2026-07-11T14:26:00.821Z] {"timestamp":1783779960178,"level":"DEBUG","args":["[vite] connected."],"stack":null}
[2026-07-11T14:26:01.087Z] {"timestamp":1783779957909,"level":"DEBUG","args":["[Manus] Debug collector initialized (no rrweb, UI events only)"],"stack":null}
[2026-07-11T14:26:01.087Z] {"timestamp":1783779958649,"level":"DEBUG","args":["[vite] connected."],"stack":null}
[2026-07-11T14:26:17.574Z] {"timestamp":1783779975569,"level":"DEBUG","args":["[Manus] Debug collector initialized (no rrweb, UI events only)"],"stack":null}
[2026-07-11T14:26:17.574Z] {"timestamp":1783779975578,"level":"DEBUG","args":["[vite] connected."],"stack":null}
[2026-07-11T14:26:17.574Z] {"timestamp":1783779975907,"level":"INFO","args":["%cDownload the React DevTools for a better development experience: https://react.dev/link/react-devtools","font-weight:bold"],"stack":null}
[2026-07-11T14:26:26.918Z] {"timestamp":1783779985529,"level":"DEBUG","args":["[Manus] Debug collector initialized (no rrweb, UI events only)"],"stack":null}
[2026-07-11T14:26:26.918Z] {"timestamp":1783779986244,"level":"DEBUG","args":["[vite] connected."],"stack":null}
[2026-07-11T14:29:34.786Z] {"timestamp":1783780172472,"level":"DEBUG","args":["[Manus] Debug collector initialized (no rrweb, UI events only)"],"stack":null}
[2026-07-11T14:29:34.786Z] {"timestamp":1783780173450,"level":"DEBUG","args":["[vite] connected."],"stack":null}
[2026-07-11T14:30:01.498Z] {"timestamp":1783780199133,"level":"DEBUG","args":["[Manus] Debug collector initialized (no rrweb, UI events only)"],"stack":null}
[2026-07-11T14:30:01.498Z] {"timestamp":1783780199918,"level":"DEBUG","args":["[vite] connected."],"stack":null}
[2026-07-11T14:34:15.981Z] {"timestamp":1783780453702,"level":"DEBUG","args":["[Manus] Debug collector initialized (no rrweb, UI events only)"],"stack":null}
[2026-07-11T14:34:15.981Z] {"timestamp":1783780454479,"level":"DEBUG","args":["[vite] connected."],"stack":null}
[2026-07-11T14:34:22.535Z] {"timestamp":1783780459438,"level":"DEBUG","args":["[Manus] Debug collector initialized (no rrweb, UI events only)"],"stack":null}
[2026-07-11T14:34:22.535Z] {"timestamp":1783780460257,"level":"DEBUG","args":["[vite] connected."],"stack":null}
[2026-07-11T14:35:54.068Z] {"timestamp":1783780551741,"level":"DEBUG","args":["[Manus] Debug collector initialized (no rrweb, UI events only)"],"stack":null}
[2026-07-11T14:35:54.068Z] {"timestamp":1783780552496,"level":"DEBUG","args":["[vite] connected."],"stack":null}
[2026-07-11T14:35:55.697Z] {"timestamp":1783780553900,"level":"DEBUG","args":["[Manus] Debug collector initialized (no rrweb, UI events only)"],"stack":null}
[2026-07-11T14:35:55.697Z] {"timestamp":1783780554691,"level":"DEBUG","args":["[vite] connected."],"stack":null}
[2026-07-11T14:36:18.126Z] {"timestamp":1783780575041,"level":"DEBUG","args":["[Manus] Debug collector initialized (no rrweb, UI events only)"],"stack":null}
[2026-07-11T14:36:18.126Z] {"timestamp":1783780575821,"level":"DEBUG","args":["[vite] connected."],"stack":null}
[2026-07-11T14:36:21.631Z] {"timestamp":1783780579625,"level":"DEBUG","args":["[Manus] Debug collector initialized (no rrweb, UI events only)"],"stack":null}
[2026-07-11T14:36:21.631Z] {"timestamp":1783780579635,"level":"DEBUG","args":["[vite] connected."],"stack":null}
[2026-07-11T14:36:21.631Z] {"timestamp":1783780579960,"level":"INFO","args":["%cDownload the React DevTools for a better development experience: https://react.dev/link/react-devtools","font-weight:bold"],"stack":null}
[2026-07-11T14:36:27.384Z] {"timestamp":1783780585986,"level":"DEBUG","args":["[Manus] Debug collector initialized (no rrweb, UI events only)"],"stack":null}
[2026-07-11T14:36:27.384Z] {"timestamp":1783780586745,"level":"DEBUG","args":["[vite] connected."],"stack":null}
[2026-07-12T09:36:05.416Z] {"timestamp":1783848964118,"level":"DEBUG","args":["[Manus] Debug collector initialized (no rrweb, UI events only)"],"stack":null}
[2026-07-12T09:36:05.416Z] {"timestamp":1783848964838,"level":"DEBUG","args":["[vite] connected."],"stack":null}
[2026-07-12T10:10:24.594Z] {"timestamp":1783851023039,"level":"DEBUG","args":["[Manus] Debug collector initialized (no rrweb, UI events only)"],"stack":null}
[2026-07-12T10:10:24.594Z] {"timestamp":1783851023795,"level":"DEBUG","args":["[vite] connected."],"stack":null}
[2026-07-12T10:15:23.586Z] {"timestamp":1783851321984,"level":"DEBUG","args":["[Manus] Debug collector initialized (no rrweb, UI events only)"],"stack":null}
[2026-07-12T10:15:23.586Z] {"timestamp":1783851322709,"level":"DEBUG","args":["[vite] connected."],"stack":null}
[2026-07-12T10:20:17.592Z] {"timestamp":1783851615792,"level":"DEBUG","args":["[Manus] Debug collector initialized (no rrweb, UI events only)"],"stack":null}
[2026-07-12T10:20:17.592Z] {"timestamp":1783851616233,"level":"DEBUG","args":["[vite] connected."],"stack":null}
[2026-07-12T10:26:17.589Z] {"timestamp":1783851975821,"level":"DEBUG","args":["[Manus] Debug collector initialized (no rrweb, UI events only)"],"stack":null}
[2026-07-12T10:26:17.589Z] {"timestamp":1783851976053,"level":"DEBUG","args":["[vite] connected."],"stack":null}
[2026-07-12T10:32:19.601Z] {"timestamp":1783852337775,"level":"DEBUG","args":["[Manus] Debug collector initialized (no rrweb, UI events only)"],"stack":null}
[2026-07-12T10:32:19.601Z] {"timestamp":1783852338552,"level":"DEBUG","args":["[vite] connected."],"stack":null}
[2026-07-12T10:37:19.592Z] {"timestamp":1783852637945,"level":"DEBUG","args":["[Manus] Debug collector initialized (no rrweb, UI events only)"],"stack":null}
[2026-07-12T10:37:19.593Z] {"timestamp":1783852638725,"level":"DEBUG","args":["[vite] connected."],"stack":null}
[2026-07-12T10:42:17.596Z] {"timestamp":1783852935916,"level":"DEBUG","args":["[Manus] Debug collector initialized (no rrweb, UI events only)"],"stack":null}
[2026-07-12T10:42:17.596Z] {"timestamp":1783852936279,"level":"DEBUG","args":["[vite] connected."],"stack":null}
[2026-07-12T10:48:19.584Z] {"timestamp":1783853297853,"level":"DEBUG","args":["[Manus] Debug collector initialized (no rrweb, UI events only)"],"stack":null}
[2026-07-12T10:48:19.584Z] {"timestamp":1783853298602,"level":"DEBUG","args":["[vite] connected."],"stack":null}
[2026-07-12T10:54:18.585Z] {"timestamp":1783853657060,"level":"DEBUG","args":["[Manus] Debug collector initialized (no rrweb, UI events only)"],"stack":null}
[2026-07-12T10:54:18.585Z] {"timestamp":1783853657813,"level":"DEBUG","args":["[vite] connected."],"stack":null}
[2026-07-12T11:28:02.585Z] {"timestamp":1783855680535,"level":"DEBUG","args":["[Manus] Debug collector initialized (no rrweb, UI events only)"],"stack":null}
[2026-07-12T11:28:02.585Z] {"timestamp":1783855681262,"level":"DEBUG","args":["[vite] connected."],"stack":null}
[2026-07-12T11:28:08.896Z] {"timestamp":1783855686647,"level":"DEBUG","args":["[Manus] Debug collector initialized (no rrweb, UI events only)"],"stack":null}
[2026-07-12T11:28:08.896Z] {"timestamp":1783855686925,"level":"DEBUG","args":["[vite] connected."],"stack":null}
[2026-07-12T11:32:13.589Z] {"timestamp":1783855932197,"level":"DEBUG","args":["[Manus] Debug collector initialized (no rrweb, UI events only)"],"stack":null}
[2026-07-12T11:32:13.589Z] {"timestamp":1783855932920,"level":"DEBUG","args":["[vite] connected."],"stack":null}
[2026-07-12T11:38:18.592Z] {"timestamp":1783856297140,"level":"DEBUG","args":["[Manus] Debug collector initialized (no rrweb, UI events only)"],"stack":null}
[2026-07-12T11:38:18.592Z] {"timestamp":1783856297899,"level":"DEBUG","args":["[vite] connected."],"stack":null}
[2026-07-12T11:44:17.598Z] {"timestamp":1783856655756,"level":"DEBUG","args":["[Manus] Debug collector initialized (no rrweb, UI events only)"],"stack":null}
[2026-07-12T11:44:17.598Z] {"timestamp":1783856656010,"level":"DEBUG","args":["[vite] connected."],"stack":null}
[2026-07-12T11:50:17.592Z] {"timestamp":1783857015690,"level":"DEBUG","args":["[Manus] Debug collector initialized (no rrweb, UI events only)"],"stack":null}
[2026-07-12T11:50:17.592Z] {"timestamp":1783857015921,"level":"DEBUG","args":["[vite] connected."],"stack":null}
[2026-07-12T11:55:19.585Z] {"timestamp":1783857318238,"level":"DEBUG","args":["[Manus] Debug collector initialized (no rrweb, UI events only)"],"stack":null}
[2026-07-12T11:55:19.585Z] {"timestamp":1783857319004,"level":"DEBUG","args":["[vite] connected."],"stack":null}
[2026-07-12T12:00:19.584Z] {"timestamp":1783857617862,"level":"DEBUG","args":["[Manus] Debug collector initialized (no rrweb, UI events only)"],"stack":null}
[2026-07-12T12:00:19.584Z] {"timestamp":1783857618616,"level":"DEBUG","args":["[vite] connected."],"stack":null}
[2026-07-12T12:05:28.583Z] {"timestamp":1783857926795,"level":"DEBUG","args":["[Manus] Debug collector initialized (no rrweb, UI events only)"],"stack":null}
[2026-07-12T12:05:28.583Z] {"timestamp":1783857927554,"level":"DEBUG","args":["[vite] connected."],"stack":null}
[2026-07-12T12:10:19.581Z] {"timestamp":1783858217854,"level":"DEBUG","args":["[Manus] Debug collector initialized (no rrweb, UI events only)"],"stack":null}
[2026-07-12T12:10:19.581Z] {"timestamp":1783858218578,"level":"DEBUG","args":["[vite] connected."],"stack":null}
[2026-07-12T12:16:17.588Z] {"timestamp":1783858576200,"level":"DEBUG","args":["[Manus] Debug collector initialized (no rrweb, UI events only)"],"stack":null}
[2026-07-12T12:16:17.588Z] {"timestamp":1783858576875,"level":"DEBUG","args":["[vite] connected."],"stack":null}
[2026-07-12T12:21:27.586Z] {"timestamp":1783858885822,"level":"DEBUG","args":["[Manus] Debug collector initialized (no rrweb, UI events only)"],"stack":null}
[2026-07-12T12:21:27.586Z] {"timestamp":1783858886577,"level":"DEBUG","args":["[vite] connected."],"stack":null}
[2026-07-12T12:26:19.579Z] {"timestamp":1783859177953,"level":"DEBUG","args":["[Manus] Debug collector initialized (no rrweb, UI events only)"],"stack":null}
[2026-07-12T12:26:19.579Z] {"timestamp":1783859179698,"level":"DEBUG","args":["[vite] connected."],"stack":null}
[2026-07-12T12:31:25.588Z] {"timestamp":1783859483530,"level":"DEBUG","args":["[Manus] Debug collector initialized (no rrweb, UI events only)"],"stack":null}
[2026-07-12T12:31:25.588Z] {"timestamp":1783859484245,"level":"DEBUG","args":["[vite] connected."],"stack":null}
[2026-07-12T12:36:17.576Z] {"timestamp":1783859775831,"level":"DEBUG","args":["[Manus] Debug collector initialized (no rrweb, UI events only)"],"stack":null}
[2026-07-12T12:36:17.576Z] {"timestamp":1783859776045,"level":"DEBUG","args":["[vite] connected."],"stack":null}
[2026-07-12T12:42:28.582Z] {"timestamp":1783860146807,"level":"DEBUG","args":["[Manus] Debug collector initialized (no rrweb, UI events only)"],"stack":null}
[2026-07-12T12:42:28.582Z] {"timestamp":1783860147561,"level":"DEBUG","args":["[vite] connected."],"stack":null}
[2026-07-12T12:49:19.582Z] {"timestamp":1783860557803,"level":"DEBUG","args":["[Manus] Debug collector initialized (no rrweb, UI events only)"],"stack":null}
[2026-07-12T12:49:19.582Z] {"timestamp":1783860558573,"level":"DEBUG","args":["[vite] connected."],"stack":null}
[2026-07-13T02:32:44.742Z] {"timestamp":1783909962680,"level":"DEBUG","args":["[Manus] Debug collector initialized (no rrweb, UI events only)"],"stack":null}
[2026-07-13T02:32:44.742Z] {"timestamp":1783909963510,"level":"DEBUG","args":["[vite] connected."],"stack":null}
[2026-07-13T02:32:49.863Z] {"timestamp":1783909967731,"level":"DEBUG","args":["[Manus] Debug collector initialized (no rrweb, UI events only)"],"stack":null}
[2026-07-13T02:32:49.863Z] {"timestamp":1783909968612,"level":"DEBUG","args":["[vite] connected."],"stack":null}
[2026-07-13T02:37:23.783Z] {"timestamp":1783910241521,"level":"DEBUG","args":["[Manus] Debug collector initialized (no rrweb, UI events only)"],"stack":null}
[2026-07-13T02:37:23.783Z] {"timestamp":1783910241709,"level":"DEBUG","args":["[vite] connected."],"stack":null}
[2026-07-13T02:41:28.785Z] {"timestamp":1783910485873,"level":"DEBUG","args":["[Manus] Debug collector initialized (no rrweb, UI events only)"],"stack":null}
[2026-07-13T02:41:28.785Z] {"timestamp":1783910486074,"level":"DEBUG","args":["[vite] connected."],"stack":null}
[2026-07-13T02:44:03.800Z] {"timestamp":1783910641298,"level":"DEBUG","args":["[Manus] Debug collector initialized (no rrweb, UI events only)"],"stack":null}
[2026-07-13T02:44:03.800Z] {"timestamp":1783910641395,"level":"DEBUG","args":["[vite] connected."],"stack":null}
[2026-07-13T02:48:54.946Z] {"timestamp":1783910932434,"level":"DEBUG","args":["[Manus] Debug collector initialized (no rrweb, UI events only)"],"stack":null}
[2026-07-13T02:48:54.946Z] {"timestamp":1783910932649,"level":"DEBUG","args":["[vite] connected."],"stack":null}
[2026-07-13T02:49:28.782Z] {"timestamp":1783910966027,"level":"DEBUG","args":["[Manus] Debug collector initialized (no rrweb, UI events only)"],"stack":null}
[2026-07-13T02:49:28.782Z] {"timestamp":1783910966225,"level":"DEBUG","args":["[vite] connected."],"stack":null}
[2026-07-13T02:53:31.778Z] {"timestamp":1783911209451,"level":"DEBUG","args":["[Manus] Debug collector initialized (no rrweb, UI events only)"],"stack":null}
[2026-07-13T02:53:31.778Z] {"timestamp":1783911209640,"level":"DEBUG","args":["[vite] connected."],"stack":null}
[2026-07-13T02:57:36.779Z] {"timestamp":1783911454509,"level":"DEBUG","args":["[Manus] Debug collector initialized (no rrweb, UI events only)"],"stack":null}
[2026-07-13T02:57:36.779Z] {"timestamp":1783911454779,"level":"DEBUG","args":["[vite] connected."],"stack":null}
[2026-07-13T03:01:41.779Z] {"timestamp":1783911698672,"level":"DEBUG","args":["[Manus] Debug collector initialized (no rrweb, UI events only)"],"stack":null}
[2026-07-13T03:01:41.780Z] {"timestamp":1783911698855,"level":"DEBUG","args":["[vite] connected."],"stack":null}
[2026-07-13T03:05:45.782Z] {"timestamp":1783911943355,"level":"DEBUG","args":["[Manus] Debug collector initialized (no rrweb, UI events only)"],"stack":null}
[2026-07-13T03:05:45.782Z] {"timestamp":1783911943538,"level":"DEBUG","args":["[vite] connected."],"stack":null}
[2026-07-13T03:09:49.776Z] {"timestamp":1783912187253,"level":"DEBUG","args":["[Manus] Debug collector initialized (no rrweb, UI events only)"],"stack":null}
[2026-07-13T03:13:47.980Z] {"timestamp":1783912426619,"level":"LOG","args":["[vite] server connection lost. Polling for restart..."],"stack":null}
[2026-07-13T03:13:52.781Z] {"timestamp":1783912430515,"level":"DEBUG","args":["[Manus] Debug collector initialized (no rrweb, UI events only)"],"stack":null}
[2026-07-13T03:13:52.781Z] {"timestamp":1783912431779,"level":"DEBUG","args":["[vite] connected."],"stack":null}
