[2026-04-17T13:54:20.175Z] Starting dev server with command: pnpm run dev
[2026-04-17T13:54:21.052Z] 
[2026-04-17T13:54:21.053Z] > 6b_podcasts_hub@1.0.0 dev /home/ubuntu/6b_podcasts_hub
[2026-04-17T13:54:21.053Z] > NODE_ENV=development tsx watch server/_core/index.ts
[2026-04-17T13:54:21.054Z] 
[2026-04-17T13:54:22.972Z] [OAuth] Initialized with baseURL: https://api.manus.im
[2026-04-17T13:54:23.386Z] Server running on http://localhost:3000/
[2026-04-17T13:54:25.408Z] [baseline-browser-mapping] The data in this module is over two months old.  To ensure accurate Baseline data, please update: `npm i baseline-browser-mapping@latest -D`
[2026-04-17T13:54:26.959Z] [vite:css][postcss] @import must precede all other statements (besides @charset or empty @layer)
[2026-04-17T13:54:26.960Z] 5811 |    }
[2026-04-17T13:54:26.960Z] 5812 |  }
[2026-04-17T13:54:26.960Z] 5813 |  @import url('https://fonts.googleapis.com/css2?family=Noto+Sans+HK:wght@300;400;500;700;900&family=Noto+Serif+HK:wght...
[2026-04-17T13:54:26.961Z] |  ^^^^^^^^^^^^^^^^^^^^^^^^^^^^^^^^^^^^^^^^^^^^^^^^^^^^^^^^^^^^^^^^^^^^^^^^^^^^^^^^^^^^^^^^^^^^^^^^^^^^^^^^^^^^^^^^^^^^^^^^
[2026-04-17T13:54:26.961Z] 5814 |  @property --tw-animation-delay {
[2026-04-17T13:54:26.961Z] 5815 |    syntax: "*";
[2026-04-17T13:54:29.615Z] [Auth] Missing session cookie
[2026-04-17T13:54:32.926Z] [Auth] Missing session cookie
[2026-04-17T14:01:26.810Z] [Auth] Missing session cookie
[2026-04-19T01:18:56.491Z] [Auth] Missing session cookie
[2026-04-19T01:20:09.836Z] 9:20:09 PM [tsx] change in ./server/routers.ts Restarting...
[2026-04-19T01:20:11.570Z] c[OAuth] Initialized with baseURL: https://api.manus.im
[2026-04-19T01:20:11.836Z] Server running on http://localhost:3000/
[2026-04-19T01:20:13.991Z] [baseline-browser-mapping] The data in this module is over two months old.  To ensure accurate Baseline data, please update: `npm i baseline-browser-mapping@latest -D`
[2026-04-19T01:20:15.598Z] [vite:css][postcss] @import must precede all other statements (besides @charset or empty @layer)
[2026-04-19T01:20:15.599Z] 5811 |    }
[2026-04-19T01:20:15.600Z] 5812 |  }
[2026-04-19T01:20:15.600Z] 5813 |  @import url('https://fonts.googleapis.com/css2?family=Noto+Sans+HK:wght@300;400;500;700;900&family=Noto+Serif+HK:wght...
[2026-04-19T01:20:15.601Z] |  ^^^^^^^^^^^^^^^^^^^^^^^^^^^^^^^^^^^^^^^^^^^^^^^^^^^^^^^^^^^^^^^^^^^^^^^^^^^^^^^^^^^^^^^^^^^^^^^^^^^^^^^^^^^^^^^^^^^^^^^^
[2026-04-19T01:20:15.601Z] 5814 |  @property --tw-animation-delay {
[2026-04-19T01:20:15.601Z] 5815 |    syntax: "*";
[2026-04-19T01:20:49.052Z] 9:20:49 PM [tsx] change in ./server/routers.ts Restarting...
[2026-04-19T01:20:50.735Z] c[OAuth] Initialized with baseURL: https://api.manus.im
[2026-04-19T01:20:51.125Z] Server running on http://localhost:3000/
[2026-04-19T01:20:52.774Z] [baseline-browser-mapping] The data in this module is over two months old.  To ensure accurate Baseline data, please update: `npm i baseline-browser-mapping@latest -D`
[2026-04-19T01:20:54.224Z] [vite:css][postcss] @import must precede all other statements (besides @charset or empty @layer)
[2026-04-19T01:20:54.225Z] 5811 |    }
[2026-04-19T01:20:54.226Z] 5812 |  }
[2026-04-19T01:20:54.226Z] 5813 |  @import url('https://fonts.googleapis.com/css2?family=Noto+Sans+HK:wght@300;400;500;700;900&family=Noto+Serif+HK:wght...
[2026-04-19T01:20:54.227Z] |  ^^^^^^^^^^^^^^^^^^^^^^^^^^^^^^^^^^^^^^^^^^^^^^^^^^^^^^^^^^^^^^^^^^^^^^^^^^^^^^^^^^^^^^^^^^^^^^^^^^^^^^^^^^^^^^^^^^^^^^^^
[2026-04-19T01:20:54.227Z] 5814 |  @property --tw-animation-delay {
[2026-04-19T01:20:54.227Z] 5815 |    syntax: "*";
[2026-04-19T01:23:09.341Z] 9:23:09 PM [tsx] change in ./drizzle/schema.ts Restarting...
[2026-04-19T01:23:11.200Z] c[OAuth] Initialized with baseURL: https://api.manus.im
[2026-04-19T01:23:11.502Z] Server running on http://localhost:3000/
[2026-04-19T01:23:17.161Z] [baseline-browser-mapping] The data in this module is over two months old.  To ensure accurate Baseline data, please update: `npm i baseline-browser-mapping@latest -D`
[2026-04-19T01:23:18.734Z] [vite:css][postcss] @import must precede all other statements (besides @charset or empty @layer)
[2026-04-19T01:23:18.735Z] 5811 |    }
[2026-04-19T01:23:18.735Z] 5812 |  }
[2026-04-19T01:23:18.735Z] 5813 |  @import url('https://fonts.googleapis.com/css2?family=Noto+Sans+HK:wght@300;400;500;700;900&family=Noto+Serif+HK:wght...
[2026-04-19T01:23:18.735Z] |  ^^^^^^^^^^^^^^^^^^^^^^^^^^^^^^^^^^^^^^^^^^^^^^^^^^^^^^^^^^^^^^^^^^^^^^^^^^^^^^^^^^^^^^^^^^^^^^^^^^^^^^^^^^^^^^^^^^^^^^^^
[2026-04-19T01:23:18.736Z] 5814 |  @property --tw-animation-delay {
[2026-04-19T01:23:18.736Z] 5815 |    syntax: "*";
[2026-04-19T01:23:51.088Z] 9:23:51 PM [tsx] change in ./server/db.ts Restarting...
[2026-04-19T01:23:52.728Z] c[OAuth] Initialized with baseURL: https://api.manus.im
[2026-04-19T01:23:53.007Z] Server running on http://localhost:3000/
[2026-04-19T01:23:54.075Z] [baseline-browser-mapping] The data in this module is over two months old.  To ensure accurate Baseline data, please update: `npm i baseline-browser-mapping@latest -D`
[2026-04-19T01:23:55.810Z] [vite:css][postcss] @import must precede all other statements (besides @charset or empty @layer)
[2026-04-19T01:23:55.811Z] 5811 |    }
[2026-04-19T01:23:55.812Z] 5812 |  }
[2026-04-19T01:23:55.812Z] 5813 |  @import url('https://fonts.googleapis.com/css2?family=Noto+Sans+HK:wght@300;400;500;700;900&family=Noto+Serif+HK:wght...
[2026-04-19T01:23:55.813Z] |  ^^^^^^^^^^^^^^^^^^^^^^^^^^^^^^^^^^^^^^^^^^^^^^^^^^^^^^^^^^^^^^^^^^^^^^^^^^^^^^^^^^^^^^^^^^^^^^^^^^^^^^^^^^^^^^^^^^^^^^^^
[2026-04-19T01:23:55.813Z] 5814 |  @property --tw-animation-delay {
[2026-04-19T01:23:55.814Z] 5815 |    syntax: "*";
[2026-04-19T01:24:04.990Z] 9:24:04 PM [tsx] change in ./server/db.ts Restarting...
[2026-04-19T01:24:06.566Z] c[OAuth] Initialized with baseURL: https://api.manus.im
[2026-04-19T01:24:06.865Z] Server running on http://localhost:3000/
[2026-04-19T01:24:07.888Z] [baseline-browser-mapping] The data in this module is over two months old.  To ensure accurate Baseline data, please update: `npm i baseline-browser-mapping@latest -D`
[2026-04-19T01:24:09.711Z] [vite:css][postcss] @import must precede all other statements (besides @charset or empty @layer)
[2026-04-19T01:24:09.712Z] 5811 |    }
[2026-04-19T01:24:09.713Z] 5812 |  }
[2026-04-19T01:24:09.713Z] 5813 |  @import url('https://fonts.googleapis.com/css2?family=Noto+Sans+HK:wght@300;400;500;700;900&family=Noto+Serif+HK:wght...
[2026-04-19T01:24:09.713Z] |  ^^^^^^^^^^^^^^^^^^^^^^^^^^^^^^^^^^^^^^^^^^^^^^^^^^^^^^^^^^^^^^^^^^^^^^^^^^^^^^^^^^^^^^^^^^^^^^^^^^^^^^^^^^^^^^^^^^^^^^^^
[2026-04-19T01:24:09.713Z] 5814 |  @property --tw-animation-delay {
[2026-04-19T01:24:09.714Z] 5815 |    syntax: "*";
[2026-04-19T01:24:19.649Z] 9:24:19 PM [tsx] change in ./server/routers.ts Restarting...
[2026-04-19T01:24:21.378Z] c[OAuth] Initialized with baseURL: https://api.manus.im
[2026-04-19T01:24:21.751Z] Server running on http://localhost:3000/
[2026-04-19T01:24:22.914Z] [baseline-browser-mapping] The data in this module is over two months old.  To ensure accurate Baseline data, please update: `npm i baseline-browser-mapping@latest -D`
[2026-04-19T01:24:24.534Z] [vite:css][postcss] @import must precede all other statements (besides @charset or empty @layer)
[2026-04-19T01:24:24.535Z] 5811 |    }
[2026-04-19T01:24:24.536Z] 5812 |  }
[2026-04-19T01:24:24.536Z] 5813 |  @import url('https://fonts.googleapis.com/css2?family=Noto+Sans+HK:wght@300;400;500;700;900&family=Noto+Serif+HK:wght...
[2026-04-19T01:24:24.536Z] |  ^^^^^^^^^^^^^^^^^^^^^^^^^^^^^^^^^^^^^^^^^^^^^^^^^^^^^^^^^^^^^^^^^^^^^^^^^^^^^^^^^^^^^^^^^^^^^^^^^^^^^^^^^^^^^^^^^^^^^^^^
[2026-04-19T01:24:24.536Z] 5814 |  @property --tw-animation-delay {
[2026-04-19T01:24:24.537Z] 5815 |    syntax: "*";
[2026-04-19T01:24:35.271Z] 9:24:35 PM [tsx] change in ./server/routers.ts Restarting...
[2026-04-19T01:24:36.775Z] c[OAuth] Initialized with baseURL: https://api.manus.im
[2026-04-19T01:24:37.047Z] Server running on http://localhost:3000/
[2026-04-19T01:24:38.254Z] [baseline-browser-mapping] The data in this module is over two months old.  To ensure accurate Baseline data, please update: `npm i baseline-browser-mapping@latest -D`
[2026-04-19T01:24:39.642Z] [vite:css][postcss] @import must precede all other statements (besides @charset or empty @layer)
[2026-04-19T01:24:39.643Z] 5811 |    }
[2026-04-19T01:24:39.643Z] 5812 |  }
[2026-04-19T01:24:39.643Z] 5813 |  @import url('https://fonts.googleapis.com/css2?family=Noto+Sans+HK:wght@300;400;500;700;900&family=Noto+Serif+HK:wght...
[2026-04-19T01:24:39.644Z] |  ^^^^^^^^^^^^^^^^^^^^^^^^^^^^^^^^^^^^^^^^^^^^^^^^^^^^^^^^^^^^^^^^^^^^^^^^^^^^^^^^^^^^^^^^^^^^^^^^^^^^^^^^^^^^^^^^^^^^^^^^
[2026-04-19T01:24:39.644Z] 5814 |  @property --tw-animation-delay {
[2026-04-19T01:24:39.644Z] 5815 |    syntax: "*";
[2026-04-19T01:24:57.746Z] 9:24:57 PM [tsx] change in ./server/routers.ts Restarting...
[2026-04-19T01:24:59.259Z] c[OAuth] Initialized with baseURL: https://api.manus.im
[2026-04-19T01:24:59.548Z] Server running on http://localhost:3000/
[2026-04-19T01:25:04.294Z] [baseline-browser-mapping] The data in this module is over two months old.  To ensure accurate Baseline data, please update: `npm i baseline-browser-mapping@latest -D`
[2026-04-19T01:25:05.682Z] [vite:css][postcss] @import must precede all other statements (besides @charset or empty @layer)
[2026-04-19T01:25:05.683Z] 5811 |    }
[2026-04-19T01:25:05.683Z] 5812 |  }
[2026-04-19T01:25:05.684Z] 5813 |  @import url('https://fonts.googleapis.com/css2?family=Noto+Sans+HK:wght@300;400;500;700;900&family=Noto+Serif+HK:wght...
[2026-04-19T01:25:05.684Z] |  ^^^^^^^^^^^^^^^^^^^^^^^^^^^^^^^^^^^^^^^^^^^^^^^^^^^^^^^^^^^^^^^^^^^^^^^^^^^^^^^^^^^^^^^^^^^^^^^^^^^^^^^^^^^^^^^^^^^^^^^^
[2026-04-19T01:25:05.685Z] 5814 |  @property --tw-animation-delay {
[2026-04-19T01:25:05.685Z] 5815 |    syntax: "*";
[2026-04-19T01:26:28.350Z] 9:26:28 PM [vite] (client) hmr update /src/pages/BlogPost.tsx, /src/index.css
[2026-04-19T01:26:31.077Z] [vite:css][postcss] @import must precede all other statements (besides @charset or empty @layer)
[2026-04-19T01:26:31.078Z] 5898 |    }
[2026-04-19T01:26:31.079Z] 5899 |  }
[2026-04-19T01:26:31.079Z] 5900 |  @import url('https://fonts.googleapis.com/css2?family=Noto+Sans+HK:wght@300;400;500;700;900&family=Noto+Serif+HK:wght...
[2026-04-19T01:26:31.079Z] |  ^^^^^^^^^^^^^^^^^^^^^^^^^^^^^^^^^^^^^^^^^^^^^^^^^^^^^^^^^^^^^^^^^^^^^^^^^^^^^^^^^^^^^^^^^^^^^^^^^^^^^^^^^^^^^^^^^^^^^^^^
[2026-04-19T01:26:31.079Z] 5901 |  @property --tw-animation-delay {
[2026-04-19T01:26:31.080Z] 5902 |    syntax: "*";
[2026-04-19T12:48:13.617Z] 8:48:13 AM [vite] (client) hmr update /src/index.css
[2026-04-19T12:50:07.382Z] 8:50:07 AM [tsx] change in ./server/_core/index.ts Restarting...
[2026-04-19T12:50:09.090Z] c[OAuth] Initialized with baseURL: https://api.manus.im
[2026-04-19T12:50:09.378Z] Server running on http://localhost:3000/
[2026-04-19T12:51:27.899Z] [baseline-browser-mapping] The data in this module is over two months old.  To ensure accurate Baseline data, please update: `npm i baseline-browser-mapping@latest -D`
[2026-04-19T12:51:29.579Z] [vite:css][postcss] @import must precede all other statements (besides @charset or empty @layer)
[2026-04-19T12:51:29.580Z] 5898 |    }
[2026-04-19T12:51:29.580Z] 5899 |  }
[2026-04-19T12:51:29.581Z] 5900 |  @import url('https://fonts.googleapis.com/css2?family=Noto+Sans+HK:wght@300;400;500;700;900&family=Noto+Serif+HK:wght...
[2026-04-19T12:51:29.581Z] |  ^^^^^^^^^^^^^^^^^^^^^^^^^^^^^^^^^^^^^^^^^^^^^^^^^^^^^^^^^^^^^^^^^^^^^^^^^^^^^^^^^^^^^^^^^^^^^^^^^^^^^^^^^^^^^^^^^^^^^^^^
[2026-04-19T12:51:29.581Z] 5901 |  @property --tw-animation-delay {
[2026-04-19T12:51:29.582Z] 5902 |    syntax: "*";
[2026-04-19T12:54:34.266Z] 8:54:34 AM [vite] (client) hmr update /src/index.css
[2026-04-19T12:54:34.267Z] 8:54:34 AM [vite] (client) hmr update /src/index.css
[2026-04-19T12:54:34.268Z] 8:54:34 AM [vite] (client) hmr update /src/index.css
[2026-04-19T12:54:34.268Z] 8:54:34 AM [vite] (client) hmr update /src/index.css
[2026-04-19T12:54:34.268Z] 8:54:34 AM [vite] (client) hmr update /src/index.css
[2026-04-19T12:55:26.498Z] [vite:css][postcss] @import must precede all other statements (besides @charset or empty @layer)
[2026-04-19T12:55:26.499Z] 5898 |    }
[2026-04-19T12:55:26.499Z] 5899 |  }
[2026-04-19T12:55:26.500Z] 5900 |  @import url('https://fonts.googleapis.com/css2?family=Noto+Sans+HK:wght@300;400;500;700;900&family=Noto+Serif+HK:wght...
[2026-04-19T12:55:26.500Z] |  ^^^^^^^^^^^^^^^^^^^^^^^^^^^^^^^^^^^^^^^^^^^^^^^^^^^^^^^^^^^^^^^^^^^^^^^^^^^^^^^^^^^^^^^^^^^^^^^^^^^^^^^^^^^^^^^^^^^^^^^^
[2026-04-19T12:55:26.501Z] 5901 |  @property --tw-animation-delay {
[2026-04-19T12:55:26.501Z] 5902 |    syntax: "*";
[2026-04-19T13:33:48.731Z] 9:33:48 AM [tsx] change in ./server/_core/index.ts Restarting...
[2026-04-19T13:33:50.189Z] c/home/ubuntu/6b_podcasts_hub/server/_core/index.ts:10
[2026-04-19T13:33:50.190Z] import { getPublishedBlogPosts, getBlogPostBySlug } from "../db";
[2026-04-19T13:33:50.190Z] ^
[2026-04-19T13:33:50.191Z] 
[2026-04-19T13:33:50.191Z] SyntaxError: The requested module '../db' does not provide an export named 'getPublishedBlogPosts'
[2026-04-19T13:33:50.191Z] at ModuleJob._instantiate (node:internal/modules/esm/module_job:180:21)
[2026-04-19T13:33:50.192Z] at async ModuleJob.run (node:internal/modules/esm/module_job:263:5)
[2026-04-19T13:33:50.192Z] at async onImport.tracePromise.__proto__ (node:internal/modules/esm/loader:547:26)
[2026-04-19T13:33:50.192Z] at async asyncRunEntryPointWithESMLoader (node:internal/modules/run_main:116:5)
[2026-04-19T13:33:50.192Z] 
[2026-04-19T13:33:50.193Z] Node.js v22.13.0
[2026-04-19T13:34:03.312Z] 9:34:03 AM [tsx] change in ./server/_core/index.ts Rerunning...
[2026-04-19T13:34:04.883Z] c[OAuth] Initialized with baseURL: https://api.manus.im
[2026-04-19T13:34:05.169Z] Server running on http://localhost:3000/
[2026-04-19T13:34:05.913Z] [baseline-browser-mapping] The data in this module is over two months old.  To ensure accurate Baseline data, please update: `npm i baseline-browser-mapping@latest -D`
[2026-04-19T13:34:07.320Z] [vite:css][postcss] @import must precede all other statements (besides @charset or empty @layer)
[2026-04-19T13:34:07.321Z] 5898 |    }
[2026-04-19T13:34:07.321Z] 5899 |  }
[2026-04-19T13:34:07.321Z] 5900 |  @import url('https://fonts.googleapis.com/css2?family=Noto+Sans+HK:wght@300;400;500;700;900&family=Noto+Serif+HK:wght...
[2026-04-19T13:34:07.322Z] |  ^^^^^^^^^^^^^^^^^^^^^^^^^^^^^^^^^^^^^^^^^^^^^^^^^^^^^^^^^^^^^^^^^^^^^^^^^^^^^^^^^^^^^^^^^^^^^^^^^^^^^^^^^^^^^^^^^^^^^^^^
[2026-04-19T13:34:07.323Z] 5901 |  @property --tw-animation-delay {
[2026-04-19T13:34:07.323Z] 5902 |    syntax: "*";
[2026-04-19T13:34:32.320Z] [Auth] Missing session cookie
[2026-04-20T03:55:11.786Z] [Auth] Missing session cookie
[2026-04-23T06:46:42.371Z] Dev server process group stopped
[2026-04-23T06:46:45.408Z] Starting dev server with command: pnpm run dev
[2026-04-23T06:46:46.257Z] 
[2026-04-23T06:46:46.258Z] > 6b_podcasts_hub@1.0.0 dev /home/ubuntu/6b_podcasts_hub
[2026-04-23T06:46:46.258Z] > NODE_ENV=development tsx watch server/_core/index.ts
[2026-04-23T06:46:46.258Z] 
[2026-04-23T06:46:48.161Z] [OAuth] Initialized with baseURL: https://api.manus.im
[2026-04-23T06:46:48.526Z] Server running on http://localhost:3000/
[2026-05-03T22:11:17.404Z] Starting dev server with command: pnpm run dev
[2026-05-03T22:11:18.170Z] 
[2026-05-03T22:11:18.171Z] > 6b_podcasts_hub@1.0.0 dev /home/ubuntu/6b_podcasts_hub
[2026-05-03T22:11:18.171Z] > NODE_ENV=development tsx watch server/_core/index.ts
[2026-05-03T22:11:18.172Z] 
[2026-05-03T22:11:20.470Z] [OAuth] Initialized with baseURL: https://api.manus.im
[2026-05-03T22:11:20.975Z] Server running on http://localhost:3000/
[2026-05-16T15:25:10.793Z] [baseline-browser-mapping] The data in this module is over two months old.  To ensure accurate Baseline data, please update: `npm i baseline-browser-mapping@latest -D`
[2026-05-16T15:25:13.939Z] [vite:css][postcss] @import must precede all other statements (besides @charset or empty @layer)
[2026-05-16T15:25:13.940Z] 5898 |    }
[2026-05-16T15:25:13.941Z] 5899 |  }
[2026-05-16T15:25:13.941Z] 5900 |  @import url('https://fonts.googleapis.com/css2?family=Noto+Sans+HK:wght@300;400;500;700;900&family=Noto+Serif+HK:wght...
[2026-05-16T15:25:13.942Z] |  ^^^^^^^^^^^^^^^^^^^^^^^^^^^^^^^^^^^^^^^^^^^^^^^^^^^^^^^^^^^^^^^^^^^^^^^^^^^^^^^^^^^^^^^^^^^^^^^^^^^^^^^^^^^^^^^^^^^^^^^^
[2026-05-16T15:25:13.942Z] 5901 |  @property --tw-animation-delay {
[2026-05-16T15:25:13.942Z] 5902 |    syntax: "*";
[2026-05-16T15:25:25.168Z] [Auth] Missing session cookie
[2026-05-16T15:25:33.324Z] Starting dev server with command: pnpm run dev
[2026-05-16T15:25:34.133Z] 
[2026-05-16T15:25:34.134Z] > 6b_podcasts_hub@1.0.0 dev /home/ubuntu/6b_podcasts_hub
[2026-05-16T15:25:34.135Z] > NODE_ENV=development tsx watch server/_core/index.ts
[2026-05-16T15:25:34.135Z] 
[2026-05-16T15:25:35.927Z] [OAuth] Initialized with baseURL: https://api.manus.im
[2026-05-16T15:25:36.309Z] Server running on http://localhost:3000/
[2026-05-16T15:25:36.930Z] [baseline-browser-mapping] The data in this module is over two months old.  To ensure accurate Baseline data, please update: `npm i baseline-browser-mapping@latest -D`
[2026-05-16T15:25:38.370Z] [vite:css][postcss] @import must precede all other statements (besides @charset or empty @layer)
[2026-05-16T15:25:38.372Z] 5898 |    }
[2026-05-16T15:25:38.373Z] 5899 |  }
[2026-05-16T15:25:38.373Z] 5900 |  @import url('https://fonts.googleapis.com/css2?family=Noto+Sans+HK:wght@300;400;500;700;900&family=Noto+Serif+HK:wght...
[2026-05-16T15:25:38.373Z] |  ^^^^^^^^^^^^^^^^^^^^^^^^^^^^^^^^^^^^^^^^^^^^^^^^^^^^^^^^^^^^^^^^^^^^^^^^^^^^^^^^^^^^^^^^^^^^^^^^^^^^^^^^^^^^^^^^^^^^^^^^
[2026-05-16T15:25:38.374Z] 5901 |  @property --tw-animation-delay {
[2026-05-16T15:25:38.374Z] 5902 |    syntax: "*";
[2026-05-16T15:30:20.718Z] Dev server process group stopped
[2026-05-16T15:30:20.721Z] ELIFECYCLE  Command failed.
[2026-05-16T15:30:20.772Z] Dev server exited with code -15
[2026-05-16T15:30:23.762Z] Starting dev server with command: pnpm run dev
[2026-05-16T15:30:24.567Z] 
[2026-05-16T15:30:24.568Z] > 6b_podcasts_hub@1.0.0 dev /home/ubuntu/6b_podcasts_hub
[2026-05-16T15:30:24.568Z] > NODE_ENV=development tsx watch server/_core/index.ts
[2026-05-16T15:30:24.568Z] 
[2026-05-16T15:30:26.731Z] [OAuth] Initialized with baseURL: https://api.manus.im
[2026-05-16T15:30:27.218Z] Server running on http://localhost:3000/
[2026-05-16T15:30:29.588Z] [baseline-browser-mapping] The data in this module is over two months old.  To ensure accurate Baseline data, please update: `npm i baseline-browser-mapping@latest -D`
[2026-05-16T15:30:30.934Z] [vite:css][postcss] @import must precede all other statements (besides @charset or empty @layer)
[2026-05-16T15:30:30.935Z] 5898 |    }
[2026-05-16T15:30:30.935Z] 5899 |  }
[2026-05-16T15:30:30.936Z] 5900 |  @import url('https://fonts.googleapis.com/css2?family=Noto+Sans+HK:wght@300;400;500;700;900&family=Noto+Serif+HK:wght...
[2026-05-16T15:30:30.936Z] |  ^^^^^^^^^^^^^^^^^^^^^^^^^^^^^^^^^^^^^^^^^^^^^^^^^^^^^^^^^^^^^^^^^^^^^^^^^^^^^^^^^^^^^^^^^^^^^^^^^^^^^^^^^^^^^^^^^^^^^^^^
[2026-05-16T15:30:30.936Z] 5901 |  @property --tw-animation-delay {
[2026-05-16T15:30:30.937Z] 5902 |    syntax: "*";
[2026-05-31T01:55:12.081Z] 9:55:12 PM [tsx] change in ./drizzle/schema.ts Restarting...
[2026-05-31T01:55:13.656Z] c[OAuth] Initialized with baseURL: https://api.manus.im
[2026-05-31T01:55:13.929Z] Server running on http://localhost:3000/
[2026-05-31T01:55:21.249Z] [baseline-browser-mapping] The data in this module is over two months old.  To ensure accurate Baseline data, please update: `npm i baseline-browser-mapping@latest -D`
[2026-05-31T01:55:22.513Z] [vite:css][postcss] @import must precede all other statements (besides @charset or empty @layer)
[2026-05-31T01:55:22.514Z] 5898 |    }
[2026-05-31T01:55:22.514Z] 5899 |  }
[2026-05-31T01:55:22.514Z] 5900 |  @import url('https://fonts.googleapis.com/css2?family=Noto+Sans+HK:wght@300;400;500;700;900&family=Noto+Serif+HK:wght...
[2026-05-31T01:55:22.515Z] |  ^^^^^^^^^^^^^^^^^^^^^^^^^^^^^^^^^^^^^^^^^^^^^^^^^^^^^^^^^^^^^^^^^^^^^^^^^^^^^^^^^^^^^^^^^^^^^^^^^^^^^^^^^^^^^^^^^^^^^^^^
[2026-05-31T01:55:22.515Z] 5901 |  @property --tw-animation-delay {
[2026-05-31T01:55:22.515Z] 5902 |    syntax: "*";
[2026-05-31T01:55:46.885Z] 9:55:46 PM [tsx] change in ./server/db.ts Restarting...
[2026-05-31T01:55:48.420Z] c[OAuth] Initialized with baseURL: https://api.manus.im
[2026-05-31T01:55:48.702Z] Server running on http://localhost:3000/
[2026-05-31T01:55:54.570Z] 9:55:54 PM [tsx] change in ./server/db.ts Restarting...
[2026-05-31T01:55:56.090Z] c[OAuth] Initialized with baseURL: https://api.manus.im
[2026-05-31T01:55:56.386Z] Server running on http://localhost:3000/
[2026-05-31T01:56:05.594Z] 9:56:05 PM [tsx] change in ./server/db.ts Restarting...
[2026-05-31T01:56:07.084Z] c[OAuth] Initialized with baseURL: https://api.manus.im
[2026-05-31T01:56:07.358Z] Server running on http://localhost:3000/
[2026-05-31T01:56:34.217Z] 9:56:34 PM [tsx] change in ./server/routers.ts Restarting...
[2026-05-31T01:56:35.876Z] c[OAuth] Initialized with baseURL: https://api.manus.im
[2026-05-31T01:56:36.368Z] Server running on http://localhost:3000/
[2026-05-31T01:57:15.519Z] 9:57:15 PM [tsx] change in ./server/routers.ts Restarting...
[2026-05-31T01:57:17.160Z] c[OAuth] Initialized with baseURL: https://api.manus.im
[2026-05-31T01:57:17.447Z] Server running on http://localhost:3000/
[2026-05-31T01:59:00.730Z] [baseline-browser-mapping] The data in this module is over two months old.  To ensure accurate Baseline data, please update: `npm i baseline-browser-mapping@latest -D`
[2026-05-31T01:59:01.973Z] [vite:css][postcss] @import must precede all other statements (besides @charset or empty @layer)
[2026-05-31T01:59:01.974Z] 6078 |    }
[2026-05-31T01:59:01.975Z] 6079 |  }
[2026-05-31T01:59:01.975Z] 6080 |  @import url('https://fonts.googleapis.com/css2?family=Noto+Sans+HK:wght@300;400;500;700;900&family=Noto+Serif+HK:wght...
[2026-05-31T01:59:01.975Z] |  ^^^^^^^^^^^^^^^^^^^^^^^^^^^^^^^^^^^^^^^^^^^^^^^^^^^^^^^^^^^^^^^^^^^^^^^^^^^^^^^^^^^^^^^^^^^^^^^^^^^^^^^^^^^^^^^^^^^^^^^^
[2026-05-31T01:59:01.976Z] 6081 |  @property --tw-animation-delay {
[2026-05-31T01:59:01.976Z] 6082 |    syntax: "*";
[2026-05-31T01:59:03.104Z] 9:59:03 PM [vite] (client) ✨ new dependencies optimized: @radix-ui/react-checkbox
[2026-05-31T01:59:03.105Z] 9:59:03 PM [vite] (client) ✨ optimized dependencies changed. reloading
[2026-05-31T01:59:03.473Z] [vite:css][postcss] @import must precede all other statements (besides @charset or empty @layer)
[2026-05-31T01:59:03.474Z] 6078 |    }
[2026-05-31T01:59:03.474Z] 6079 |  }
[2026-05-31T01:59:03.475Z] 6080 |  @import url('https://fonts.googleapis.com/css2?family=Noto+Sans+HK:wght@300;400;500;700;900&family=Noto+Serif+HK:wght...
[2026-05-31T01:59:03.475Z] |  ^^^^^^^^^^^^^^^^^^^^^^^^^^^^^^^^^^^^^^^^^^^^^^^^^^^^^^^^^^^^^^^^^^^^^^^^^^^^^^^^^^^^^^^^^^^^^^^^^^^^^^^^^^^^^^^^^^^^^^^^
[2026-05-31T01:59:03.475Z] 6081 |  @property --tw-animation-delay {
[2026-05-31T01:59:03.476Z] 6082 |    syntax: "*";
[2026-05-31T01:59:07.332Z] 9:59:07 PM [vite] (client) hmr update /src/components/Navbar.tsx, /src/index.css
[2026-05-31T01:59:07.426Z] [vite:css][postcss] @import must precede all other statements (besides @charset or empty @layer)
[2026-05-31T01:59:07.427Z] 6078 |    }
[2026-05-31T01:59:07.427Z] 6079 |  }
[2026-05-31T01:59:07.428Z] 6080 |  @import url('https://fonts.googleapis.com/css2?family=Noto+Sans+HK:wght@300;400;500;700;900&family=Noto+Serif+HK:wght...
[2026-05-31T01:59:07.428Z] |  ^^^^^^^^^^^^^^^^^^^^^^^^^^^^^^^^^^^^^^^^^^^^^^^^^^^^^^^^^^^^^^^^^^^^^^^^^^^^^^^^^^^^^^^^^^^^^^^^^^^^^^^^^^^^^^^^^^^^^^^^
[2026-05-31T01:59:07.428Z] 6081 |  @property --tw-animation-delay {
[2026-05-31T01:59:07.429Z] 6082 |    syntax: "*";
[2026-05-31T02:00:01.694Z] 10:00:01 PM [vite] (client) hmr update /src/pages/HostRecruitment.tsx, /src/index.css
[2026-05-31T02:00:02.246Z] [vite:css][postcss] @import must precede all other statements (besides @charset or empty @layer)
[2026-05-31T02:00:02.247Z] 6078 |    }
[2026-05-31T02:00:02.247Z] 6079 |  }
[2026-05-31T02:00:02.248Z] 6080 |  @import url('https://fonts.googleapis.com/css2?family=Noto+Sans+HK:wght@300;400;500;700;900&family=Noto+Serif+HK:wght...
[2026-05-31T02:00:02.248Z] |  ^^^^^^^^^^^^^^^^^^^^^^^^^^^^^^^^^^^^^^^^^^^^^^^^^^^^^^^^^^^^^^^^^^^^^^^^^^^^^^^^^^^^^^^^^^^^^^^^^^^^^^^^^^^^^^^^^^^^^^^^
[2026-05-31T02:00:02.248Z] 6081 |  @property --tw-animation-delay {
[2026-05-31T02:00:02.249Z] 6082 |    syntax: "*";
[2026-05-31T02:15:33.758Z] 10:15:33 PM [tsx] change in ./drizzle/schema.ts Restarting...
[2026-05-31T02:15:35.317Z] c[OAuth] Initialized with baseURL: https://api.manus.im
[2026-05-31T02:15:35.578Z] Server running on http://localhost:3000/
[2026-05-31T02:15:36.934Z] [baseline-browser-mapping] The data in this module is over two months old.  To ensure accurate Baseline data, please update: `npm i baseline-browser-mapping@latest -D`
[2026-05-31T02:15:38.407Z] [vite:css][postcss] @import must precede all other statements (besides @charset or empty @layer)
[2026-05-31T02:15:38.408Z] 6078 |    }
[2026-05-31T02:15:38.408Z] 6079 |  }
[2026-05-31T02:15:38.409Z] 6080 |  @import url('https://fonts.googleapis.com/css2?family=Noto+Sans+HK:wght@300;400;500;700;900&family=Noto+Serif+HK:wght...
[2026-05-31T02:15:38.409Z] |  ^^^^^^^^^^^^^^^^^^^^^^^^^^^^^^^^^^^^^^^^^^^^^^^^^^^^^^^^^^^^^^^^^^^^^^^^^^^^^^^^^^^^^^^^^^^^^^^^^^^^^^^^^^^^^^^^^^^^^^^^
[2026-05-31T02:15:38.409Z] 6081 |  @property --tw-animation-delay {
[2026-05-31T02:15:38.410Z] 6082 |    syntax: "*";
[2026-05-31T02:16:05.529Z] 10:16:05 PM [tsx] change in ./server/routers.ts Restarting...
[2026-05-31T02:16:07.034Z] c[OAuth] Initialized with baseURL: https://api.manus.im
[2026-05-31T02:16:07.312Z] Server running on http://localhost:3000/
[2026-05-31T02:17:33.920Z] [baseline-browser-mapping] The data in this module is over two months old.  To ensure accurate Baseline data, please update: `npm i baseline-browser-mapping@latest -D`
[2026-05-31T02:17:35.334Z] [vite:css][postcss] @import must precede all other statements (besides @charset or empty @layer)
[2026-05-31T02:17:35.335Z] 6127 |    }
[2026-05-31T02:17:35.335Z] 6128 |  }
[2026-05-31T02:17:35.335Z] 6129 |  @import url('https://fonts.googleapis.com/css2?family=Noto+Sans+HK:wght@300;400;500;700;900&family=Noto+Serif+HK:wght...
[2026-05-31T02:17:35.336Z] |  ^^^^^^^^^^^^^^^^^^^^^^^^^^^^^^^^^^^^^^^^^^^^^^^^^^^^^^^^^^^^^^^^^^^^^^^^^^^^^^^^^^^^^^^^^^^^^^^^^^^^^^^^^^^^^^^^^^^^^^^^
[2026-05-31T02:17:35.336Z] 6130 |  @property --tw-animation-delay {
[2026-05-31T02:17:35.336Z] 6131 |    syntax: "*";
[2026-05-31T02:22:26.004Z] 10:22:26 PM [tsx] change in ./server/routers.ts Restarting...
[2026-05-31T02:22:27.434Z] c[OAuth] Initialized with baseURL: https://api.manus.im
[2026-05-31T02:22:27.709Z] Server running on http://localhost:3000/
[2026-05-31T02:23:31.919Z] [baseline-browser-mapping] The data in this module is over two months old.  To ensure accurate Baseline data, please update: `npm i baseline-browser-mapping@latest -D`
[2026-05-31T02:23:33.468Z] [vite:css][postcss] @import must precede all other statements (besides @charset or empty @layer)
[2026-05-31T02:23:33.469Z] 6127 |    }
[2026-05-31T02:23:33.469Z] 6128 |  }
[2026-05-31T02:23:33.470Z] 6129 |  @import url('https://fonts.googleapis.com/css2?family=Noto+Sans+HK:wght@300;400;500;700;900&family=Noto+Serif+HK:wght...
[2026-05-31T02:23:33.470Z] |  ^^^^^^^^^^^^^^^^^^^^^^^^^^^^^^^^^^^^^^^^^^^^^^^^^^^^^^^^^^^^^^^^^^^^^^^^^^^^^^^^^^^^^^^^^^^^^^^^^^^^^^^^^^^^^^^^^^^^^^^^
[2026-05-31T02:23:33.470Z] 6130 |  @property --tw-animation-delay {
[2026-05-31T02:23:33.471Z] 6131 |    syntax: "*";
[2026-05-31T02:40:55.372Z] 10:40:55 PM [vite] (client) hmr update /src/pages/Home.tsx, /src/index.css
[2026-05-31T02:40:55.799Z] [vite:css][postcss] @import must precede all other statements (besides @charset or empty @layer)
[2026-05-31T02:40:55.800Z] 6127 |    }
[2026-05-31T02:40:55.800Z] 6128 |  }
[2026-05-31T02:40:55.801Z] 6129 |  @import url('https://fonts.googleapis.com/css2?family=Noto+Sans+HK:wght@300;400;500;700;900&family=Noto+Serif+HK:wght...
[2026-05-31T02:40:55.801Z] |  ^^^^^^^^^^^^^^^^^^^^^^^^^^^^^^^^^^^^^^^^^^^^^^^^^^^^^^^^^^^^^^^^^^^^^^^^^^^^^^^^^^^^^^^^^^^^^^^^^^^^^^^^^^^^^^^^^^^^^^^^
[2026-05-31T02:40:55.801Z] 6130 |  @property --tw-animation-delay {
[2026-05-31T02:40:55.802Z] 6131 |    syntax: "*";
[2026-05-31T02:47:37.852Z] BadRequestError: request aborted
[2026-05-31T02:47:37.853Z] at IncomingMessage.onAborted (/home/ubuntu/6b_podcasts_hub/node_modules/.pnpm/raw-body@2.5.2/node_modules/raw-body/index.js:245:10)
[2026-05-31T02:47:37.853Z] at IncomingMessage.emit (node:events:524:28)
[2026-05-31T02:47:37.853Z] at IncomingMessage._destroy (node:_http_incoming:221:10)
[2026-05-31T02:47:37.854Z] at _destroy (node:internal/streams/destroy:122:10)
[2026-05-31T02:47:37.854Z] at IncomingMessage.destroy (node:internal/streams/destroy:84:5)
[2026-05-31T02:47:37.854Z] at abortIncoming (node:_http_server:809:9)
[2026-05-31T02:47:37.855Z] at socketOnClose (node:_http_server:803:3)
[2026-05-31T02:47:37.855Z] at Socket.emit (node:events:536:35)
[2026-05-31T02:47:37.855Z] at TCP.<anonymous> (node:net:351:12)
[2026-05-31T02:47:47.660Z] 10:47:47 PM [vite] (client) hmr update /src/pages/Admin.tsx, /src/index.css
[2026-05-31T02:47:48.095Z] [vite:css][postcss] @import must precede all other statements (besides @charset or empty @layer)
[2026-05-31T02:47:48.095Z] 6256 |    }
[2026-05-31T02:47:48.096Z] 6257 |  }
[2026-05-31T02:47:48.096Z] 6258 |  @import url('https://fonts.googleapis.com/css2?family=Noto+Sans+HK:wght@300;400;500;700;900&family=Noto+Serif+HK:wght...
[2026-05-31T02:47:48.096Z] |  ^^^^^^^^^^^^^^^^^^^^^^^^^^^^^^^^^^^^^^^^^^^^^^^^^^^^^^^^^^^^^^^^^^^^^^^^^^^^^^^^^^^^^^^^^^^^^^^^^^^^^^^^^^^^^^^^^^^^^^^^
[2026-05-31T02:47:48.097Z] 6259 |  @property --tw-animation-delay {
[2026-05-31T02:47:48.097Z] 6260 |    syntax: "*";
[2026-05-31T02:47:48.117Z] 10:47:48 PM [vite] Internal server error: Transform failed with 1 error:
[2026-05-31T02:47:48.118Z] /home/ubuntu/6b_podcasts_hub/client/src/pages/Admin.tsx:370:88: ERROR: The character ">" is not valid inside a JSX element
[2026-05-31T02:47:48.118Z] Plugin: vite:esbuild
[2026-05-31T02:47:48.118Z] File: /home/ubuntu/6b_podcasts_hub/client/src/pages/Admin.tsx:370:13
[2026-05-31T02:47:48.119Z] 
[2026-05-31T02:47:48.119Z] The character ">" is not valid inside a JSX element
[2026-05-31T02:47:48.120Z] 368 |
[2026-05-31T02:47:48.120Z] 369 |        {tab === "submissions" &&
[2026-05-31T02:47:48.121Z] 370 |          <div data-loc="client/src/pages/Admin.tsx:370">v className="flex flex-col gap-4">
[2026-05-31T02:47:48.121Z] |                                                                                          ^
[2026-05-31T02:47:48.122Z] 371 |              {/* Legend */}
[2026-05-31T02:47:48.122Z] 372 |              <div data-loc="client/src/pages/Admin.tsx:372" className="flex gap-3 text-xs flex-wrap" style={{ color: "...
[2026-05-31T02:47:48.122Z] 
[2026-05-31T02:47:48.123Z] at failureErrorWithLog (/home/ubuntu/6b_podcasts_hub/node_modules/.pnpm/esbuild@0.25.10/node_modules/esbuild/lib/main.js:1467:15)
[2026-05-31T02:47:48.124Z] at /home/ubuntu/6b_podcasts_hub/node_modules/.pnpm/esbuild@0.25.10/node_modules/esbuild/lib/main.js:736:50
[2026-05-31T02:47:48.124Z] at responseCallbacks.<computed> (/home/ubuntu/6b_podcasts_hub/node_modules/.pnpm/esbuild@0.25.10/node_modules/esbuild/lib/main.js:603:9)
[2026-05-31T02:47:48.125Z] at handleIncomingPacket (/home/ubuntu/6b_podcasts_hub/node_modules/.pnpm/esbuild@0.25.10/node_modules/esbuild/lib/main.js:658:12)
[2026-05-31T02:47:48.125Z] at Socket.readFromStdout (/home/ubuntu/6b_podcasts_hub/node_modules/.pnpm/esbuild@0.25.10/node_modules/esbuild/lib/main.js:581:7)
[2026-05-31T02:47:48.126Z] at Socket.emit (node:events:524:28)
[2026-05-31T02:47:48.126Z] at addChunk (node:internal/streams/readable:561:12)
[2026-05-31T02:47:48.127Z] at readableAddChunkPushByteMode (node:internal/streams/readable:512:3)
[2026-05-31T02:47:48.127Z] at Readable.push (node:internal/streams/readable:392:5)
[2026-05-31T02:47:48.128Z] at Pipe.onStreamRead (node:internal/stream_base_commons:189:23)
[2026-05-31T02:47:48.227Z] 10:47:48 PM [vite] (client) Pre-transform error: Transform failed with 1 error:
[2026-05-31T02:47:48.228Z] /home/ubuntu/6b_podcasts_hub/client/src/pages/Admin.tsx:370:88: ERROR: The character ">" is not valid inside a JSX element
[2026-05-31T02:47:48.228Z] Plugin: vite:esbuild
[2026-05-31T02:47:48.229Z] File: /home/ubuntu/6b_podcasts_hub/client/src/pages/Admin.tsx:370:13
[2026-05-31T02:47:48.229Z] 
[2026-05-31T02:47:48.229Z] The character ">" is not valid inside a JSX element
[2026-05-31T02:47:48.229Z] 368 |
[2026-05-31T02:47:48.230Z] 369 |        {tab === "submissions" &&
[2026-05-31T02:47:48.230Z] 370 |          <div data-loc="client/src/pages/Admin.tsx:370">v className="flex flex-col gap-4">
[2026-05-31T02:47:48.230Z] |                                                                                          ^
[2026-05-31T02:47:48.231Z] 371 |              {/* Legend */}
[2026-05-31T02:47:48.231Z] 372 |              <div data-loc="client/src/pages/Admin.tsx:372" className="flex gap-3 text-xs flex-wrap" style={{ color: "...
[2026-05-31T02:47:48.231Z] 
[2026-05-31T02:47:54.536Z] 10:47:54 PM [vite] (client) hmr update /src/pages/Admin.tsx, /src/index.css
[2026-05-31T02:47:57.609Z] [vite:css][postcss] @import must precede all other statements (besides @charset or empty @layer)
[2026-05-31T02:47:57.610Z] 6256 |    }
[2026-05-31T02:47:57.611Z] 6257 |  }
[2026-05-31T02:47:57.611Z] 6258 |  @import url('https://fonts.googleapis.com/css2?family=Noto+Sans+HK:wght@300;400;500;700;900&family=Noto+Serif+HK:wght...
[2026-05-31T02:47:57.612Z] |  ^^^^^^^^^^^^^^^^^^^^^^^^^^^^^^^^^^^^^^^^^^^^^^^^^^^^^^^^^^^^^^^^^^^^^^^^^^^^^^^^^^^^^^^^^^^^^^^^^^^^^^^^^^^^^^^^^^^^^^^^
[2026-05-31T02:47:57.612Z] 6259 |  @property --tw-animation-delay {
[2026-05-31T02:47:57.613Z] 6260 |    syntax: "*";
[2026-06-07T13:33:48.364Z] [Auth] Missing session cookie
[2026-06-07T13:33:54.163Z] [Auth] Missing session cookie
[2026-06-15T00:13:29.514Z] 8:13:29 PM [tsx] change in ./server/routers.ts Restarting...
[2026-06-15T00:13:31.347Z] c[OAuth] Initialized with baseURL: https://api.manus.im
[2026-06-15T00:13:31.669Z] Server running on http://localhost:3000/
[2026-06-15T00:19:22.314Z] [baseline-browser-mapping] The data in this module is over two months old.  To ensure accurate Baseline data, please update: `npm i baseline-browser-mapping@latest -D`
[2026-06-15T00:19:23.816Z] [vite:css][postcss] @import must precede all other statements (besides @charset or empty @layer)
[2026-06-15T00:19:23.817Z] 6376 |    }
[2026-06-15T00:19:23.817Z] 6377 |  }
[2026-06-15T00:19:23.817Z] 6378 |  @import url('https://fonts.googleapis.com/css2?family=Noto+Sans+HK:wght@300;400;500;700;900&family=Noto+Serif+HK:wght...
[2026-06-15T00:19:23.818Z] |  ^^^^^^^^^^^^^^^^^^^^^^^^^^^^^^^^^^^^^^^^^^^^^^^^^^^^^^^^^^^^^^^^^^^^^^^^^^^^^^^^^^^^^^^^^^^^^^^^^^^^^^^^^^^^^^^^^^^^^^^^
[2026-06-15T00:19:23.818Z] 6379 |  @property --tw-animation-delay {
[2026-06-15T00:19:23.818Z] 6380 |    syntax: "*";
[2026-06-15T00:19:58.751Z] 8:19:58 PM [vite] (client) hmr update /src/App.tsx, /src/index.css
[2026-06-15T00:22:12.336Z] 8:22:12 PM [vite] (client) hmr update /src/App.tsx, /src/index.css
[2026-06-15T00:22:35.617Z] 8:22:35 PM [vite] (client) hmr update /src/index.css, /src/pages/Portal.tsx
[2026-06-15T00:23:20.362Z] 8:23:20 PM [vite] (client) hmr update /src/pages/Home.tsx, /src/index.css
[2026-06-15T00:23:51.580Z] [vite:css][postcss] @import must precede all other statements (besides @charset or empty @layer)
[2026-06-15T00:23:51.581Z] 6376 |    }
[2026-06-15T00:23:51.581Z] 6377 |  }
[2026-06-15T00:23:51.581Z] 6378 |  @import url('https://fonts.googleapis.com/css2?family=Noto+Sans+HK:wght@300;400;500;700;900&family=Noto+Serif+HK:wght...
[2026-06-15T00:23:51.582Z] |  ^^^^^^^^^^^^^^^^^^^^^^^^^^^^^^^^^^^^^^^^^^^^^^^^^^^^^^^^^^^^^^^^^^^^^^^^^^^^^^^^^^^^^^^^^^^^^^^^^^^^^^^^^^^^^^^^^^^^^^^^
[2026-06-15T00:23:51.582Z] 6379 |  @property --tw-animation-delay {
[2026-06-15T00:23:51.582Z] 6380 |    syntax: "*";
[2026-06-15T00:29:18.349Z] 8:29:18 PM [vite] (client) hmr update /src/index.css, /src/pages/Portal.tsx
[2026-06-15T00:29:35.160Z] 8:29:35 PM [vite] (client) hmr update /src/App.tsx, /src/index.css
[2026-06-15T00:29:52.621Z] 8:29:52 PM [vite] (client) hmr update /src/components/Navbar.tsx, /src/index.css
[2026-06-15T00:31:09.721Z] 8:31:09 PM [vite] (client) hmr update /src/index.css, /src/components/MysticNavbar.tsx
[2026-06-15T00:31:32.012Z] [vite:css][postcss] @import must precede all other statements (besides @charset or empty @layer)
[2026-06-15T00:31:32.013Z] 6394 |    }
[2026-06-15T00:31:32.013Z] 6395 |  }
[2026-06-15T00:31:32.014Z] 6396 |  @import url('https://fonts.googleapis.com/css2?family=Noto+Sans+HK:wght@300;400;500;700;900&family=Noto+Serif+HK:wght...
[2026-06-15T00:31:32.014Z] |  ^^^^^^^^^^^^^^^^^^^^^^^^^^^^^^^^^^^^^^^^^^^^^^^^^^^^^^^^^^^^^^^^^^^^^^^^^^^^^^^^^^^^^^^^^^^^^^^^^^^^^^^^^^^^^^^^^^^^^^^^
[2026-06-15T00:31:32.014Z] 6397 |  @property --tw-animation-delay {
[2026-06-15T00:31:32.015Z] 6398 |    syntax: "*";
[2026-06-15T00:44:22.580Z] 8:44:22 PM [tsx] change in ./server/routers.ts Restarting...
[2026-06-15T00:44:24.300Z] c[OAuth] Initialized with baseURL: https://api.manus.im
[2026-06-15T00:44:24.604Z] Server running on http://localhost:3000/
[2026-06-15T00:55:20.067Z] [baseline-browser-mapping] The data in this module is over two months old.  To ensure accurate Baseline data, please update: `npm i baseline-browser-mapping@latest -D`
[2026-06-15T00:55:22.104Z] [vite:css][postcss] @import must precede all other statements (besides @charset or empty @layer)
[2026-06-15T00:55:22.105Z] 6386 |    }
[2026-06-15T00:55:22.105Z] 6387 |  }
[2026-06-15T00:55:22.106Z] 6388 |  @import url('https://fonts.googleapis.com/css2?family=Noto+Sans+HK:wght@300;400;500;700;900&family=Noto+Serif+HK:wght...
[2026-06-15T00:55:22.106Z] |  ^^^^^^^^^^^^^^^^^^^^^^^^^^^^^^^^^^^^^^^^^^^^^^^^^^^^^^^^^^^^^^^^^^^^^^^^^^^^^^^^^^^^^^^^^^^^^^^^^^^^^^^^^^^^^^^^^^^^^^^^
[2026-06-15T00:55:22.107Z] 6389 |  @property --tw-animation-delay {
[2026-06-15T00:55:22.107Z] 6390 |    syntax: "*";
[2026-06-15T00:55:25.574Z] 8:55:25 PM [vite] (client) ✨ new dependencies optimized: streamdown
[2026-06-15T00:55:25.591Z] 8:55:25 PM [vite] (client) ✨ optimized dependencies changed. reloading
[2026-06-15T00:55:25.956Z] [vite:css][postcss] @import must precede all other statements (besides @charset or empty @layer)
[2026-06-15T00:55:25.957Z] 6386 |    }
[2026-06-15T00:55:25.957Z] 6387 |  }
[2026-06-15T00:55:25.958Z] 6388 |  @import url('https://fonts.googleapis.com/css2?family=Noto+Sans+HK:wght@300;400;500;700;900&family=Noto+Serif+HK:wght...
[2026-06-15T00:55:25.958Z] |  ^^^^^^^^^^^^^^^^^^^^^^^^^^^^^^^^^^^^^^^^^^^^^^^^^^^^^^^^^^^^^^^^^^^^^^^^^^^^^^^^^^^^^^^^^^^^^^^^^^^^^^^^^^^^^^^^^^^^^^^^
[2026-06-15T00:55:25.959Z] 6389 |  @property --tw-animation-delay {
[2026-06-15T00:55:25.959Z] 6390 |    syntax: "*";
[2026-06-15T01:22:27.515Z] Dev server process group stopped
[2026-06-15T01:22:27.518Z] ELIFECYCLE  Command failed.
[2026-06-15T01:22:27.549Z] Dev server exited with code -15
[2026-06-15T01:22:30.563Z] Starting dev server with command: pnpm run dev
[2026-06-15T01:22:31.355Z] 
[2026-06-15T01:22:31.356Z] > 6b_podcasts_hub@1.0.0 dev /home/ubuntu/6b_podcasts_hub
[2026-06-15T01:22:31.357Z] > NODE_ENV=development tsx watch server/_core/index.ts
[2026-06-15T01:22:31.357Z] 
[2026-06-15T01:22:33.452Z] [OAuth] Initialized with baseURL: https://api.manus.im
[2026-06-15T01:22:33.852Z] Server running on http://localhost:3000/
[2026-06-15T01:22:35.040Z] [baseline-browser-mapping] The data in this module is over two months old.  To ensure accurate Baseline data, please update: `npm i baseline-browser-mapping@latest -D`
[2026-06-15T01:22:36.826Z] [vite:css][postcss] @import must precede all other statements (besides @charset or empty @layer)
[2026-06-15T01:22:36.826Z] 6386 |    }
[2026-06-15T01:22:36.827Z] 6387 |  }
[2026-06-15T01:22:36.827Z] 6388 |  @import url('https://fonts.googleapis.com/css2?family=Noto+Sans+HK:wght@300;400;500;700;900&family=Noto+Serif+HK:wght...
[2026-06-15T01:22:36.828Z] |  ^^^^^^^^^^^^^^^^^^^^^^^^^^^^^^^^^^^^^^^^^^^^^^^^^^^^^^^^^^^^^^^^^^^^^^^^^^^^^^^^^^^^^^^^^^^^^^^^^^^^^^^^^^^^^^^^^^^^^^^^
[2026-06-15T01:22:36.828Z] 6389 |  @property --tw-animation-delay {
[2026-06-15T01:22:36.828Z] 6390 |    syntax: "*";
[2026-06-15T01:23:33.788Z] 9:23:33 PM [tsx] change in ./server/_core/env.ts Restarting...
[2026-06-15T01:23:35.598Z] c[OAuth] Initialized with baseURL: https://api.manus.im
[2026-06-15T01:23:35.895Z] Server running on http://localhost:3000/
[2026-06-15T01:23:41.444Z] [baseline-browser-mapping] The data in this module is over two months old.  To ensure accurate Baseline data, please update: `npm i baseline-browser-mapping@latest -D`
[2026-06-15T01:23:43.323Z] [vite:css][postcss] @import must precede all other statements (besides @charset or empty @layer)
[2026-06-15T01:23:43.324Z] 6386 |    }
[2026-06-15T01:23:43.324Z] 6387 |  }
[2026-06-15T01:23:43.324Z] 6388 |  @import url('https://fonts.googleapis.com/css2?family=Noto+Sans+HK:wght@300;400;500;700;900&family=Noto+Serif+HK:wght...
[2026-06-15T01:23:43.325Z] |  ^^^^^^^^^^^^^^^^^^^^^^^^^^^^^^^^^^^^^^^^^^^^^^^^^^^^^^^^^^^^^^^^^^^^^^^^^^^^^^^^^^^^^^^^^^^^^^^^^^^^^^^^^^^^^^^^^^^^^^^^
[2026-06-15T01:23:43.325Z] 6389 |  @property --tw-animation-delay {
[2026-06-15T01:23:43.325Z] 6390 |    syntax: "*";
[2026-06-15T01:24:34.277Z] 9:24:34 PM [tsx] change in ./server/routers.ts Restarting...
[2026-06-15T01:24:35.869Z] c[OAuth] Initialized with baseURL: https://api.manus.im
[2026-06-15T01:24:36.165Z] Server running on http://localhost:3000/
[2026-06-15T01:24:37.439Z] [baseline-browser-mapping] The data in this module is over two months old.  To ensure accurate Baseline data, please update: `npm i baseline-browser-mapping@latest -D`
[2026-06-15T01:24:38.991Z] [vite:css][postcss] @import must precede all other statements (besides @charset or empty @layer)
[2026-06-15T01:24:38.992Z] 6386 |    }
[2026-06-15T01:24:38.993Z] 6387 |  }
[2026-06-15T01:24:38.993Z] 6388 |  @import url('https://fonts.googleapis.com/css2?family=Noto+Sans+HK:wght@300;400;500;700;900&family=Noto+Serif+HK:wght...
[2026-06-15T01:24:38.993Z] |  ^^^^^^^^^^^^^^^^^^^^^^^^^^^^^^^^^^^^^^^^^^^^^^^^^^^^^^^^^^^^^^^^^^^^^^^^^^^^^^^^^^^^^^^^^^^^^^^^^^^^^^^^^^^^^^^^^^^^^^^^
[2026-06-15T01:24:38.994Z] 6389 |  @property --tw-animation-delay {
[2026-06-15T01:24:38.994Z] 6390 |    syntax: "*";
[2026-06-15T01:24:44.664Z] 9:24:44 PM [tsx] change in ./server/routers.ts Restarting...
[2026-06-15T01:24:46.251Z] c[OAuth] Initialized with baseURL: https://api.manus.im
[2026-06-15T01:24:46.549Z] Server running on http://localhost:3000/
[2026-06-15T01:24:47.827Z] [baseline-browser-mapping] The data in this module is over two months old.  To ensure accurate Baseline data, please update: `npm i baseline-browser-mapping@latest -D`
[2026-06-15T01:24:49.463Z] [vite:css][postcss] @import must precede all other statements (besides @charset or empty @layer)
[2026-06-15T01:24:49.464Z] 6386 |    }
[2026-06-15T01:24:49.464Z] 6387 |  }
[2026-06-15T01:24:49.465Z] 6388 |  @import url('https://fonts.googleapis.com/css2?family=Noto+Sans+HK:wght@300;400;500;700;900&family=Noto+Serif+HK:wght...
[2026-06-15T01:24:49.465Z] |  ^^^^^^^^^^^^^^^^^^^^^^^^^^^^^^^^^^^^^^^^^^^^^^^^^^^^^^^^^^^^^^^^^^^^^^^^^^^^^^^^^^^^^^^^^^^^^^^^^^^^^^^^^^^^^^^^^^^^^^^^
[2026-06-15T01:24:49.465Z] 6389 |  @property --tw-animation-delay {
[2026-06-15T01:24:49.466Z] 6390 |    syntax: "*";
[2026-06-15T01:27:49.517Z] 9:27:49 PM [tsx] change in ./server/bazi.ts Restarting...
[2026-06-15T01:27:51.048Z] c[OAuth] Initialized with baseURL: https://api.manus.im
[2026-06-15T01:27:51.347Z] Server running on http://localhost:3000/
[2026-06-15T01:27:53.168Z] [baseline-browser-mapping] The data in this module is over two months old.  To ensure accurate Baseline data, please update: `npm i baseline-browser-mapping@latest -D`
[2026-06-15T01:27:54.851Z] [vite:css][postcss] @import must precede all other statements (besides @charset or empty @layer)
[2026-06-15T01:27:54.852Z] 6386 |    }
[2026-06-15T01:27:54.852Z] 6387 |  }
[2026-06-15T01:27:54.853Z] 6388 |  @import url('https://fonts.googleapis.com/css2?family=Noto+Sans+HK:wght@300;400;500;700;900&family=Noto+Serif+HK:wght...
[2026-06-15T01:27:54.853Z] |  ^^^^^^^^^^^^^^^^^^^^^^^^^^^^^^^^^^^^^^^^^^^^^^^^^^^^^^^^^^^^^^^^^^^^^^^^^^^^^^^^^^^^^^^^^^^^^^^^^^^^^^^^^^^^^^^^^^^^^^^^
[2026-06-15T01:27:54.853Z] 6389 |  @property --tw-animation-delay {
[2026-06-15T01:27:54.854Z] 6390 |    syntax: "*";
[2026-06-15T01:29:56.370Z] 9:29:56 PM [vite] (client) hmr update /src/pages/mystic/MysticBazi.tsx, /src/index.css
[2026-06-15T01:29:57.575Z] [vite:css][postcss] @import must precede all other statements (besides @charset or empty @layer)
[2026-06-15T01:29:57.576Z] 6392 |    }
[2026-06-15T01:29:57.576Z] 6393 |  }
[2026-06-15T01:29:57.577Z] 6394 |  @import url('https://fonts.googleapis.com/css2?family=Noto+Sans+HK:wght@300;400;500;700;900&family=Noto+Serif+HK:wght...
[2026-06-15T01:29:57.577Z] |  ^^^^^^^^^^^^^^^^^^^^^^^^^^^^^^^^^^^^^^^^^^^^^^^^^^^^^^^^^^^^^^^^^^^^^^^^^^^^^^^^^^^^^^^^^^^^^^^^^^^^^^^^^^^^^^^^^^^^^^^^
[2026-06-15T01:29:57.577Z] 6395 |  @property --tw-animation-delay {
[2026-06-15T01:29:57.578Z] 6396 |    syntax: "*";
[2026-06-15T01:37:44.157Z] 9:37:44 PM [vite] (client) hmr update /src/pages/mystic/MysticBazi.tsx, /src/index.css
[2026-06-15T01:37:45.249Z] [vite:css][postcss] @import must precede all other statements (besides @charset or empty @layer)
[2026-06-15T01:37:45.250Z] 6392 |    }
[2026-06-15T01:37:45.251Z] 6393 |  }
[2026-06-15T01:37:45.251Z] 6394 |  @import url('https://fonts.googleapis.com/css2?family=Noto+Sans+HK:wght@300;400;500;700;900&family=Noto+Serif+HK:wght...
[2026-06-15T01:37:45.251Z] |  ^^^^^^^^^^^^^^^^^^^^^^^^^^^^^^^^^^^^^^^^^^^^^^^^^^^^^^^^^^^^^^^^^^^^^^^^^^^^^^^^^^^^^^^^^^^^^^^^^^^^^^^^^^^^^^^^^^^^^^^^
[2026-06-15T01:37:45.252Z] 6395 |  @property --tw-animation-delay {
[2026-06-15T01:37:45.252Z] 6396 |    syntax: "*";
[2026-06-15T01:44:19.318Z] 9:44:19 PM [vite] (client) hmr update /src/pages/mystic/MysticVideos.tsx, /src/index.css
[2026-06-15T01:44:20.482Z] [vite:css][postcss] @import must precede all other statements (besides @charset or empty @layer)
[2026-06-15T01:44:20.483Z] 6395 |    }
[2026-06-15T01:44:20.483Z] 6396 |  }
[2026-06-15T01:44:20.484Z] 6397 |  @import url('https://fonts.googleapis.com/css2?family=Noto+Sans+HK:wght@300;400;500;700;900&family=Noto+Serif+HK:wght...
[2026-06-15T01:44:20.484Z] |  ^^^^^^^^^^^^^^^^^^^^^^^^^^^^^^^^^^^^^^^^^^^^^^^^^^^^^^^^^^^^^^^^^^^^^^^^^^^^^^^^^^^^^^^^^^^^^^^^^^^^^^^^^^^^^^^^^^^^^^^^
[2026-06-15T01:44:20.484Z] 6398 |  @property --tw-animation-delay {
[2026-06-15T01:44:20.485Z] 6399 |    syntax: "*";
[2026-06-15T04:23:06.673Z] 12:23:06 AM [tsx] change in ./server/routers.ts Restarting...
[2026-06-15T04:23:08.227Z] c[OAuth] Initialized with baseURL: https://api.manus.im
[2026-06-15T04:23:08.498Z] Server running on http://localhost:3000/
[2026-06-15T04:23:09.702Z] [baseline-browser-mapping] The data in this module is over two months old.  To ensure accurate Baseline data, please update: `npm i baseline-browser-mapping@latest -D`
[2026-06-15T04:23:11.435Z] [vite:css][postcss] @import must precede all other statements (besides @charset or empty @layer)
[2026-06-15T04:23:11.435Z] 6380 |    }
[2026-06-15T04:23:11.436Z] 6381 |  }
[2026-06-15T04:23:11.436Z] 6382 |  @import url('https://fonts.googleapis.com/css2?family=Noto+Sans+HK:wght@300;400;500;700;900&family=Noto+Serif+HK:wght...
[2026-06-15T04:23:11.437Z] |  ^^^^^^^^^^^^^^^^^^^^^^^^^^^^^^^^^^^^^^^^^^^^^^^^^^^^^^^^^^^^^^^^^^^^^^^^^^^^^^^^^^^^^^^^^^^^^^^^^^^^^^^^^^^^^^^^^^^^^^^^
[2026-06-15T04:23:11.437Z] 6383 |  @property --tw-animation-delay {
[2026-06-15T04:23:11.438Z] 6384 |    syntax: "*";
[2026-06-15T04:41:22.727Z] 12:41:22 AM [tsx] change in ./server/routers.ts Restarting...
[2026-06-15T04:41:24.407Z] c[OAuth] Initialized with baseURL: https://api.manus.im
[2026-06-15T04:41:24.680Z] Server running on http://localhost:3000/
[2026-06-15T04:41:25.944Z] [baseline-browser-mapping] The data in this module is over two months old.  To ensure accurate Baseline data, please update: `npm i baseline-browser-mapping@latest -D`
[2026-06-15T04:41:27.720Z] [vite:css][postcss] @import must precede all other statements (besides @charset or empty @layer)
[2026-06-15T04:41:27.721Z] 6380 |    }
[2026-06-15T04:41:27.721Z] 6381 |  }
[2026-06-15T04:41:27.722Z] 6382 |  @import url('https://fonts.googleapis.com/css2?family=Noto+Sans+HK:wght@300;400;500;700;900&family=Noto+Serif+HK:wght...
[2026-06-15T04:41:27.722Z] |  ^^^^^^^^^^^^^^^^^^^^^^^^^^^^^^^^^^^^^^^^^^^^^^^^^^^^^^^^^^^^^^^^^^^^^^^^^^^^^^^^^^^^^^^^^^^^^^^^^^^^^^^^^^^^^^^^^^^^^^^^
[2026-06-15T04:41:27.722Z] 6383 |  @property --tw-animation-delay {
[2026-06-15T04:41:27.723Z] 6384 |    syntax: "*";
[2026-06-15T04:41:52.765Z] 12:41:52 AM [vite] (client) hmr update /src/pages/mystic/MysticMasters.tsx, /src/pages/mystic/MysticHome.tsx, /src/pages/mystic/MysticArticles.tsx, /src/pages/mystic/MysticMasterDetail.tsx, /src/pages/mystic/MysticAnalysis.tsx, /src/index.css
[2026-06-15T04:41:53.127Z] [vite:css][postcss] @import must precede all other statements (besides @charset or empty @layer)
[2026-06-15T04:41:53.128Z] 6380 |    }
[2026-06-15T04:41:53.129Z] 6381 |  }
[2026-06-15T04:41:53.129Z] 6382 |  @import url('https://fonts.googleapis.com/css2?family=Noto+Sans+HK:wght@300;400;500;700;900&family=Noto+Serif+HK:wght...
[2026-06-15T04:41:53.129Z] |  ^^^^^^^^^^^^^^^^^^^^^^^^^^^^^^^^^^^^^^^^^^^^^^^^^^^^^^^^^^^^^^^^^^^^^^^^^^^^^^^^^^^^^^^^^^^^^^^^^^^^^^^^^^^^^^^^^^^^^^^^
[2026-06-15T04:41:53.130Z] 6383 |  @property --tw-animation-delay {
[2026-06-15T04:41:53.130Z] 6384 |    syntax: "*";
[2026-06-15T04:44:11.236Z] 12:44:11 AM [vite] (client) hmr update /src/pages/mystic/MysticAnalysis.tsx, /src/index.css
[2026-06-15T04:44:12.459Z] [vite:css][postcss] @import must precede all other statements (besides @charset or empty @layer)
[2026-06-15T04:44:12.460Z] 6380 |    }
[2026-06-15T04:44:12.460Z] 6381 |  }
[2026-06-15T04:44:12.461Z] 6382 |  @import url('https://fonts.googleapis.com/css2?family=Noto+Sans+HK:wght@300;400;500;700;900&family=Noto+Serif+HK:wght...
[2026-06-15T04:44:12.461Z] |  ^^^^^^^^^^^^^^^^^^^^^^^^^^^^^^^^^^^^^^^^^^^^^^^^^^^^^^^^^^^^^^^^^^^^^^^^^^^^^^^^^^^^^^^^^^^^^^^^^^^^^^^^^^^^^^^^^^^^^^^^
[2026-06-15T04:44:12.461Z] 6383 |  @property --tw-animation-delay {
[2026-06-15T04:44:12.462Z] 6384 |    syntax: "*";
[2026-06-15T04:45:29.989Z] 12:45:29 AM [vite] (client) hmr update /src/pages/mystic/MysticAnalysis.tsx, /src/index.css
[2026-06-15T04:45:31.753Z] 12:45:31 AM [vite] (client) Pre-transform error: /home/ubuntu/6b_podcasts_hub/client/src/pages/mystic/MysticAnalysis.tsx: Unexpected token (288:86)
[2026-06-15T04:45:31.753Z] 
[2026-06-15T04:45:31.754Z] 286 |             <div className="mt-4 p-4 rounded-xl text-sm text-center" style={{ background: "oklch(0.15 0.05 25)", color: "oklch(0.75 0.20 25)" }}>
[2026-06-15T04:45:31.754Z] 287 |               {akashicError}
[2026-06-15T04:45:31.754Z] > 288 |               <button className="ml-3 underline" onClick={() => setAkashicError("")}關閉</button>
[2026-06-15T04:45:31.755Z] |                                                                                       ^
[2026-06-15T04:45:31.755Z] 289 |             </div>
[2026-06-15T04:45:31.755Z] 290 |           )}
[2026-06-15T04:45:31.756Z] 291 |
[2026-06-15T04:45:31.756Z] Plugin: vite:react-babel
[2026-06-15T04:45:31.756Z] File: /home/ubuntu/6b_podcasts_hub/client/src/pages/mystic/MysticAnalysis.tsx:288:86
[2026-06-15T04:45:31.757Z] 286 |              <div className="mt-4 p-4 rounded-xl text-sm text-center" style={{ background: "oklch(0.15 0.05 25)", colo...
[2026-06-15T04:45:31.757Z] 287 |                {akashicError}
[2026-06-15T04:45:31.757Z] 288 |                <button className="ml-3 underline" onClick={() => setAkashicError("")}關閉</button>
[2026-06-15T04:45:31.758Z] |                                                                                        ^
[2026-06-15T04:45:31.758Z] 289 |              </div>
[2026-06-15T04:45:31.758Z] 290 |            )}
[2026-06-15T04:45:31.842Z] [vite:css][postcss] @import must precede all other statements (besides @charset or empty @layer)
[2026-06-15T04:45:31.842Z] 6380 |    }
[2026-06-15T04:45:31.843Z] 6381 |  }
[2026-06-15T04:45:31.843Z] 6382 |  @import url('https://fonts.googleapis.com/css2?family=Noto+Sans+HK:wght@300;400;500;700;900&family=Noto+Serif+HK:wght...
[2026-06-15T04:45:31.843Z] |  ^^^^^^^^^^^^^^^^^^^^^^^^^^^^^^^^^^^^^^^^^^^^^^^^^^^^^^^^^^^^^^^^^^^^^^^^^^^^^^^^^^^^^^^^^^^^^^^^^^^^^^^^^^^^^^^^^^^^^^^^
[2026-06-15T04:45:31.844Z] 6383 |  @property --tw-animation-delay {
[2026-06-15T04:45:31.844Z] 6384 |    syntax: "*";
[2026-06-15T04:45:35.619Z] 12:45:35 AM [vite] (client) hmr update /src/pages/mystic/MysticAnalysis.tsx, /src/index.css
[2026-06-15T04:45:43.675Z] [vite:css][postcss] @import must precede all other statements (besides @charset or empty @layer)
[2026-06-15T04:45:43.675Z] 6380 |    }
[2026-06-15T04:45:43.676Z] 6381 |  }
[2026-06-15T04:45:43.676Z] 6382 |  @import url('https://fonts.googleapis.com/css2?family=Noto+Sans+HK:wght@300;400;500;700;900&family=Noto+Serif+HK:wght...
[2026-06-15T04:45:43.677Z] |  ^^^^^^^^^^^^^^^^^^^^^^^^^^^^^^^^^^^^^^^^^^^^^^^^^^^^^^^^^^^^^^^^^^^^^^^^^^^^^^^^^^^^^^^^^^^^^^^^^^^^^^^^^^^^^^^^^^^^^^^^
[2026-06-15T04:45:43.677Z] 6383 |  @property --tw-animation-delay {
[2026-06-15T04:45:43.677Z] 6384 |    syntax: "*";
[2026-06-15T04:45:53.641Z] 12:45:53 AM [vite] (client) hmr update /src/pages/mystic/MysticAnalysis.tsx, /src/index.css
[2026-06-15T04:46:09.793Z] [vite:css][postcss] @import must precede all other statements (besides @charset or empty @layer)
[2026-06-15T04:46:09.794Z] 6380 |    }
[2026-06-15T04:46:09.794Z] 6381 |  }
[2026-06-15T04:46:09.795Z] 6382 |  @import url('https://fonts.googleapis.com/css2?family=Noto+Sans+HK:wght@300;400;500;700;900&family=Noto+Serif+HK:wght...
[2026-06-15T04:46:09.795Z] |  ^^^^^^^^^^^^^^^^^^^^^^^^^^^^^^^^^^^^^^^^^^^^^^^^^^^^^^^^^^^^^^^^^^^^^^^^^^^^^^^^^^^^^^^^^^^^^^^^^^^^^^^^^^^^^^^^^^^^^^^^
[2026-06-15T04:46:09.795Z] 6383 |  @property --tw-animation-delay {
[2026-06-15T04:46:09.796Z] 6384 |    syntax: "*";
[2026-06-15T04:56:49.769Z] 12:56:49 AM [vite] (client) hmr update /src/pages/mystic/MysticAnalysis.tsx, /src/index.css
[2026-06-15T04:56:50.830Z] [vite:css][postcss] @import must precede all other statements (besides @charset or empty @layer)
[2026-06-15T04:56:50.831Z] 6380 |    }
[2026-06-15T04:56:50.831Z] 6381 |  }
[2026-06-15T04:56:50.831Z] 6382 |  @import url('https://fonts.googleapis.com/css2?family=Noto+Sans+HK:wght@300;400;500;700;900&family=Noto+Serif+HK:wght...
[2026-06-15T04:56:50.832Z] |  ^^^^^^^^^^^^^^^^^^^^^^^^^^^^^^^^^^^^^^^^^^^^^^^^^^^^^^^^^^^^^^^^^^^^^^^^^^^^^^^^^^^^^^^^^^^^^^^^^^^^^^^^^^^^^^^^^^^^^^^^
[2026-06-15T04:56:50.832Z] 6383 |  @property --tw-animation-delay {
[2026-06-15T04:56:50.833Z] 6384 |    syntax: "*";
[2026-06-15T05:11:43.060Z] 1:11:43 AM [vite] (client) hmr update /src/pages/mystic/MysticAnalysis.tsx, /src/index.css
[2026-06-15T05:11:44.014Z] [vite:css][postcss] @import must precede all other statements (besides @charset or empty @layer)
[2026-06-15T05:11:44.015Z] 6380 |    }
[2026-06-15T05:11:44.015Z] 6381 |  }
[2026-06-15T05:11:44.015Z] 6382 |  @import url('https://fonts.googleapis.com/css2?family=Noto+Sans+HK:wght@300;400;500;700;900&family=Noto+Serif+HK:wght...
[2026-06-15T05:11:44.016Z] |  ^^^^^^^^^^^^^^^^^^^^^^^^^^^^^^^^^^^^^^^^^^^^^^^^^^^^^^^^^^^^^^^^^^^^^^^^^^^^^^^^^^^^^^^^^^^^^^^^^^^^^^^^^^^^^^^^^^^^^^^^
[2026-06-15T05:11:44.016Z] 6383 |  @property --tw-animation-delay {
[2026-06-15T05:11:44.016Z] 6384 |    syntax: "*";
[2026-06-15T05:12:23.522Z] 1:12:23 AM [vite] (client) hmr update /src/pages/mystic/MysticPricing.tsx, /src/index.css
[2026-06-15T05:12:23.802Z] [vite:css][postcss] @import must precede all other statements (besides @charset or empty @layer)
[2026-06-15T05:12:23.803Z] 6380 |    }
[2026-06-15T05:12:23.804Z] 6381 |  }
[2026-06-15T05:12:23.804Z] 6382 |  @import url('https://fonts.googleapis.com/css2?family=Noto+Sans+HK:wght@300;400;500;700;900&family=Noto+Serif+HK:wght...
[2026-06-15T05:12:23.804Z] |  ^^^^^^^^^^^^^^^^^^^^^^^^^^^^^^^^^^^^^^^^^^^^^^^^^^^^^^^^^^^^^^^^^^^^^^^^^^^^^^^^^^^^^^^^^^^^^^^^^^^^^^^^^^^^^^^^^^^^^^^^
[2026-06-15T05:12:23.805Z] 6383 |  @property --tw-animation-delay {
[2026-06-15T05:12:23.805Z] 6384 |    syntax: "*";
[2026-06-15T05:59:06.435Z] 1:59:06 AM [tsx] change in ./server/bazi.ts Restarting...
[2026-06-15T05:59:06.760Z] c
[2026-06-15T05:59:06.761Z] node:internal/modules/run_main:122
[2026-06-15T05:59:06.761Z] triggerUncaughtException(
[2026-06-15T05:59:06.762Z] ^
[2026-06-15T05:59:06.762Z] Error [TransformError]: Transform failed with 1 error:
[2026-06-15T05:59:06.762Z] /home/ubuntu/6b_podcasts_hub/server/bazi.ts:297:1: ERROR: Unexpected "]"
[2026-06-15T05:59:06.763Z] at failureErrorWithLog (/home/ubuntu/6b_podcasts_hub/node_modules/.pnpm/esbuild@0.25.10/node_modules/esbuild/lib/main.js:1467:15)
[2026-06-15T05:59:06.763Z] at /home/ubuntu/6b_podcasts_hub/node_modules/.pnpm/esbuild@0.25.10/node_modules/esbuild/lib/main.js:736:50
[2026-06-15T05:59:06.763Z] at responseCallbacks.<computed> (/home/ubuntu/6b_podcasts_hub/node_modules/.pnpm/esbuild@0.25.10/node_modules/esbuild/lib/main.js:603:9)
[2026-06-15T05:59:06.764Z] at handleIncomingPacket (/home/ubuntu/6b_podcasts_hub/node_modules/.pnpm/esbuild@0.25.10/node_modules/esbuild/lib/main.js:658:12)
[2026-06-15T05:59:06.764Z] at Socket.readFromStdout (/home/ubuntu/6b_podcasts_hub/node_modules/.pnpm/esbuild@0.25.10/node_modules/esbuild/lib/main.js:581:7)
[2026-06-15T05:59:06.764Z] at Socket.emit (node:events:524:28)
[2026-06-15T05:59:06.765Z] at addChunk (node:internal/streams/readable:561:12)
[2026-06-15T05:59:06.765Z] at readableAddChunkPushByteMode (node:internal/streams/readable:512:3)
[2026-06-15T05:59:06.765Z] at Readable.push (node:internal/streams/readable:392:5)
[2026-06-15T05:59:06.766Z] at Pipe.onStreamRead (node:internal/stream_base_commons:189:23)
[2026-06-15T05:59:06.766Z] 
[2026-06-15T05:59:06.766Z] Node.js v22.13.0
[2026-06-15T05:59:17.735Z] 1:59:17 AM [tsx] change in ./server/bazi.ts Rerunning...
[2026-06-15T05:59:19.384Z] c[OAuth] Initialized with baseURL: https://api.manus.im
[2026-06-15T05:59:19.671Z] 1:59:19 AM [vite] (client) Re-optimizing dependencies because lockfile has changed
[2026-06-15T05:59:19.706Z] Server running on http://localhost:3000/
[2026-06-15T05:59:20.146Z] [baseline-browser-mapping] The data in this module is over two months old.  To ensure accurate Baseline data, please update: `npm i baseline-browser-mapping@latest -D`
[2026-06-15T05:59:22.127Z] [vite:css][postcss] @import must precede all other statements (besides @charset or empty @layer)
[2026-06-15T05:59:22.128Z] 6380 |    }
[2026-06-15T05:59:22.129Z] 6381 |  }
[2026-06-15T05:59:22.129Z] 6382 |  @import url('https://fonts.googleapis.com/css2?family=Noto+Sans+HK:wght@300;400;500;700;900&family=Noto+Serif+HK:wght...
[2026-06-15T05:59:22.130Z] |  ^^^^^^^^^^^^^^^^^^^^^^^^^^^^^^^^^^^^^^^^^^^^^^^^^^^^^^^^^^^^^^^^^^^^^^^^^^^^^^^^^^^^^^^^^^^^^^^^^^^^^^^^^^^^^^^^^^^^^^^^
[2026-06-15T05:59:22.130Z] 6383 |  @property --tw-animation-delay {
[2026-06-15T05:59:22.130Z] 6384 |    syntax: "*";
[2026-06-15T05:59:52.564Z] 1:59:52 AM [tsx] change in ./server/bazi.ts Restarting...
[2026-06-15T05:59:54.260Z] c[OAuth] Initialized with baseURL: https://api.manus.im
[2026-06-15T05:59:54.637Z] Server running on http://localhost:3000/
[2026-06-15T05:59:55.285Z] [baseline-browser-mapping] The data in this module is over two months old.  To ensure accurate Baseline data, please update: `npm i baseline-browser-mapping@latest -D`
[2026-06-15T05:59:57.144Z] [vite:css][postcss] @import must precede all other statements (besides @charset or empty @layer)
[2026-06-15T05:59:57.144Z] 6380 |    }
[2026-06-15T05:59:57.144Z] 6381 |  }
[2026-06-15T05:59:57.145Z] 6382 |  @import url('https://fonts.googleapis.com/css2?family=Noto+Sans+HK:wght@300;400;500;700;900&family=Noto+Serif+HK:wght...
[2026-06-15T05:59:57.145Z] |  ^^^^^^^^^^^^^^^^^^^^^^^^^^^^^^^^^^^^^^^^^^^^^^^^^^^^^^^^^^^^^^^^^^^^^^^^^^^^^^^^^^^^^^^^^^^^^^^^^^^^^^^^^^^^^^^^^^^^^^^^
[2026-06-15T05:59:57.146Z] 6383 |  @property --tw-animation-delay {
[2026-06-15T05:59:57.146Z] 6384 |    syntax: "*";
[2026-06-15T06:02:07.102Z] 2:02:07 AM [tsx] change in ./server/_core/index.ts Restarting...
[2026-06-15T06:02:08.646Z] c[OAuth] Initialized with baseURL: https://api.manus.im
[2026-06-15T06:02:08.901Z] Server running on http://localhost:3000/
[2026-06-15T06:02:09.760Z] [baseline-browser-mapping] The data in this module is over two months old.  To ensure accurate Baseline data, please update: `npm i baseline-browser-mapping@latest -D`
[2026-06-15T06:02:11.458Z] [vite:css][postcss] @import must precede all other statements (besides @charset or empty @layer)
[2026-06-15T06:02:11.459Z] 6380 |    }
[2026-06-15T06:02:11.460Z] 6381 |  }
[2026-06-15T06:02:11.460Z] 6382 |  @import url('https://fonts.googleapis.com/css2?family=Noto+Sans+HK:wght@300;400;500;700;900&family=Noto+Serif+HK:wght...
[2026-06-15T06:02:11.460Z] |  ^^^^^^^^^^^^^^^^^^^^^^^^^^^^^^^^^^^^^^^^^^^^^^^^^^^^^^^^^^^^^^^^^^^^^^^^^^^^^^^^^^^^^^^^^^^^^^^^^^^^^^^^^^^^^^^^^^^^^^^^
[2026-06-15T06:02:11.461Z] 6383 |  @property --tw-animation-delay {
[2026-06-15T06:02:11.461Z] 6384 |    syntax: "*";
[2026-06-15T06:04:49.519Z] 2:04:49 AM [vite] (client) hmr update /src/pages/mystic/MysticAnalysis.tsx, /src/index.css
[2026-06-15T06:04:51.428Z] [vite:css][postcss] @import must precede all other statements (besides @charset or empty @layer)
[2026-06-15T06:04:51.428Z] 6380 |    }
[2026-06-15T06:04:51.429Z] 6381 |  }
[2026-06-15T06:04:51.429Z] 6382 |  @import url('https://fonts.googleapis.com/css2?family=Noto+Sans+HK:wght@300;400;500;700;900&family=Noto+Serif+HK:wght...
[2026-06-15T06:04:51.429Z] |  ^^^^^^^^^^^^^^^^^^^^^^^^^^^^^^^^^^^^^^^^^^^^^^^^^^^^^^^^^^^^^^^^^^^^^^^^^^^^^^^^^^^^^^^^^^^^^^^^^^^^^^^^^^^^^^^^^^^^^^^^
[2026-06-15T06:04:51.430Z] 6383 |  @property --tw-animation-delay {
[2026-06-15T06:04:51.430Z] 6384 |    syntax: "*";
[2026-06-15T06:05:05.322Z] 2:05:05 AM [vite] (client) hmr update /src/pages/mystic/MysticAnalysis.tsx, /src/index.css
[2026-06-15T06:05:05.645Z] [vite:css][postcss] @import must precede all other statements (besides @charset or empty @layer)
[2026-06-15T06:05:05.646Z] 6380 |    }
[2026-06-15T06:05:05.647Z] 6381 |  }
[2026-06-15T06:05:05.647Z] 6382 |  @import url('https://fonts.googleapis.com/css2?family=Noto+Sans+HK:wght@300;400;500;700;900&family=Noto+Serif+HK:wght...
[2026-06-15T06:05:05.647Z] |  ^^^^^^^^^^^^^^^^^^^^^^^^^^^^^^^^^^^^^^^^^^^^^^^^^^^^^^^^^^^^^^^^^^^^^^^^^^^^^^^^^^^^^^^^^^^^^^^^^^^^^^^^^^^^^^^^^^^^^^^^
[2026-06-15T06:05:05.648Z] 6383 |  @property --tw-animation-delay {
[2026-06-15T06:05:05.648Z] 6384 |    syntax: "*";
[2026-06-15T06:05:48.176Z] 2:05:48 AM [vite] (client) hmr update /src/pages/mystic/MysticAnalysis.tsx, /src/index.css
[2026-06-15T06:05:48.611Z] [vite:css][postcss] @import must precede all other statements (besides @charset or empty @layer)
[2026-06-15T06:05:48.611Z] 6380 |    }
[2026-06-15T06:05:48.612Z] 6381 |  }
[2026-06-15T06:05:48.612Z] 6382 |  @import url('https://fonts.googleapis.com/css2?family=Noto+Sans+HK:wght@300;400;500;700;900&family=Noto+Serif+HK:wght...
[2026-06-15T06:05:48.612Z] |  ^^^^^^^^^^^^^^^^^^^^^^^^^^^^^^^^^^^^^^^^^^^^^^^^^^^^^^^^^^^^^^^^^^^^^^^^^^^^^^^^^^^^^^^^^^^^^^^^^^^^^^^^^^^^^^^^^^^^^^^^
[2026-06-15T06:05:48.613Z] 6383 |  @property --tw-animation-delay {
[2026-06-15T06:05:48.613Z] 6384 |    syntax: "*";
[2026-06-15T06:06:20.825Z] 2:06:20 AM [vite] (client) hmr update /src/pages/mystic/MysticAnalysis.tsx, /src/index.css
[2026-06-15T06:06:21.184Z] [vite:css][postcss] @import must precede all other statements (besides @charset or empty @layer)
[2026-06-15T06:06:21.185Z] 6380 |    }
[2026-06-15T06:06:21.185Z] 6381 |  }
[2026-06-15T06:06:21.185Z] 6382 |  @import url('https://fonts.googleapis.com/css2?family=Noto+Sans+HK:wght@300;400;500;700;900&family=Noto+Serif+HK:wght...
[2026-06-15T06:06:21.186Z] |  ^^^^^^^^^^^^^^^^^^^^^^^^^^^^^^^^^^^^^^^^^^^^^^^^^^^^^^^^^^^^^^^^^^^^^^^^^^^^^^^^^^^^^^^^^^^^^^^^^^^^^^^^^^^^^^^^^^^^^^^^
[2026-06-15T06:06:21.186Z] 6383 |  @property --tw-animation-delay {
[2026-06-15T06:06:21.186Z] 6384 |    syntax: "*";
[2026-06-15T06:06:35.336Z] 2:06:35 AM [vite] (client) hmr update /src/pages/mystic/MysticAnalysis.tsx, /src/index.css
[2026-06-15T06:06:36.704Z] [vite:css][postcss] @import must precede all other statements (besides @charset or empty @layer)
[2026-06-15T06:06:36.705Z] 6380 |    }
[2026-06-15T06:06:36.706Z] 6381 |  }
[2026-06-15T06:06:36.706Z] 6382 |  @import url('https://fonts.googleapis.com/css2?family=Noto+Sans+HK:wght@300;400;500;700;900&family=Noto+Serif+HK:wght...
[2026-06-15T06:06:36.706Z] |  ^^^^^^^^^^^^^^^^^^^^^^^^^^^^^^^^^^^^^^^^^^^^^^^^^^^^^^^^^^^^^^^^^^^^^^^^^^^^^^^^^^^^^^^^^^^^^^^^^^^^^^^^^^^^^^^^^^^^^^^^
[2026-06-15T06:06:36.707Z] 6383 |  @property --tw-animation-delay {
[2026-06-15T06:06:36.707Z] 6384 |    syntax: "*";
[2026-06-15T06:06:50.782Z] 2:06:50 AM [vite] (client) hmr update /src/pages/mystic/MysticAnalysis.tsx, /src/index.css
[2026-06-15T06:06:53.726Z] [vite:css][postcss] @import must precede all other statements (besides @charset or empty @layer)
[2026-06-15T06:06:53.727Z] 6380 |    }
[2026-06-15T06:06:53.727Z] 6381 |  }
[2026-06-15T06:06:53.728Z] 6382 |  @import url('https://fonts.googleapis.com/css2?family=Noto+Sans+HK:wght@300;400;500;700;900&family=Noto+Serif+HK:wght...
[2026-06-15T06:06:53.728Z] |  ^^^^^^^^^^^^^^^^^^^^^^^^^^^^^^^^^^^^^^^^^^^^^^^^^^^^^^^^^^^^^^^^^^^^^^^^^^^^^^^^^^^^^^^^^^^^^^^^^^^^^^^^^^^^^^^^^^^^^^^^
[2026-06-15T06:06:53.728Z] 6383 |  @property --tw-animation-delay {
[2026-06-15T06:06:53.729Z] 6384 |    syntax: "*";
[2026-06-15T06:07:13.564Z] 2:07:13 AM [vite] (client) hmr update /src/pages/mystic/MysticAnalysis.tsx, /src/index.css
[2026-06-15T06:07:14.033Z] [vite:css][postcss] @import must precede all other statements (besides @charset or empty @layer)
[2026-06-15T06:07:14.034Z] 6380 |    }
[2026-06-15T06:07:14.034Z] 6381 |  }
[2026-06-15T06:07:14.034Z] 6382 |  @import url('https://fonts.googleapis.com/css2?family=Noto+Sans+HK:wght@300;400;500;700;900&family=Noto+Serif+HK:wght...
[2026-06-15T06:07:14.035Z] |  ^^^^^^^^^^^^^^^^^^^^^^^^^^^^^^^^^^^^^^^^^^^^^^^^^^^^^^^^^^^^^^^^^^^^^^^^^^^^^^^^^^^^^^^^^^^^^^^^^^^^^^^^^^^^^^^^^^^^^^^^
[2026-06-15T06:07:14.035Z] 6383 |  @property --tw-animation-delay {
[2026-06-15T06:07:14.035Z] 6384 |    syntax: "*";
[2026-06-15T06:07:26.362Z] 2:07:26 AM [vite] (client) hmr update /src/pages/mystic/MysticAnalysis.tsx, /src/index.css
[2026-06-15T06:07:29.709Z] [vite:css][postcss] @import must precede all other statements (besides @charset or empty @layer)
[2026-06-15T06:07:29.710Z] 6380 |    }
[2026-06-15T06:07:29.711Z] 6381 |  }
[2026-06-15T06:07:29.711Z] 6382 |  @import url('https://fonts.googleapis.com/css2?family=Noto+Sans+HK:wght@300;400;500;700;900&family=Noto+Serif+HK:wght...
[2026-06-15T06:07:29.711Z] |  ^^^^^^^^^^^^^^^^^^^^^^^^^^^^^^^^^^^^^^^^^^^^^^^^^^^^^^^^^^^^^^^^^^^^^^^^^^^^^^^^^^^^^^^^^^^^^^^^^^^^^^^^^^^^^^^^^^^^^^^^
[2026-06-15T06:07:29.712Z] 6383 |  @property --tw-animation-delay {
[2026-06-15T06:07:29.712Z] 6384 |    syntax: "*";
[2026-06-15T06:08:54.248Z] 2:08:54 AM [tsx] change in ./server/mysticStream.ts Restarting...
[2026-06-15T06:08:55.825Z] c[OAuth] Initialized with baseURL: https://api.manus.im
[2026-06-15T06:08:56.090Z] Server running on http://localhost:3000/
[2026-06-15T06:08:57.108Z] [baseline-browser-mapping] The data in this module is over two months old.  To ensure accurate Baseline data, please update: `npm i baseline-browser-mapping@latest -D`
[2026-06-15T06:08:58.691Z] [vite:css][postcss] @import must precede all other statements (besides @charset or empty @layer)
[2026-06-15T06:08:58.692Z] 6380 |    }
[2026-06-15T06:08:58.692Z] 6381 |  }
[2026-06-15T06:08:58.693Z] 6382 |  @import url('https://fonts.googleapis.com/css2?family=Noto+Sans+HK:wght@300;400;500;700;900&family=Noto+Serif+HK:wght...
[2026-06-15T06:08:58.693Z] |  ^^^^^^^^^^^^^^^^^^^^^^^^^^^^^^^^^^^^^^^^^^^^^^^^^^^^^^^^^^^^^^^^^^^^^^^^^^^^^^^^^^^^^^^^^^^^^^^^^^^^^^^^^^^^^^^^^^^^^^^^
[2026-06-15T06:08:58.693Z] 6383 |  @property --tw-animation-delay {
[2026-06-15T06:08:58.694Z] 6384 |    syntax: "*";
[2026-06-15T06:09:04.860Z] 2:09:04 AM [tsx] change in ./server/mysticStream.ts Restarting...
[2026-06-15T06:09:06.231Z] c[OAuth] Initialized with baseURL: https://api.manus.im
[2026-06-15T06:09:06.491Z] Server running on http://localhost:3000/
[2026-06-15T06:09:07.110Z] [baseline-browser-mapping] The data in this module is over two months old.  To ensure accurate Baseline data, please update: `npm i baseline-browser-mapping@latest -D`
[2026-06-15T06:09:08.835Z] [vite:css][postcss] @import must precede all other statements (besides @charset or empty @layer)
[2026-06-15T06:09:08.836Z] 6380 |    }
[2026-06-15T06:09:08.836Z] 6381 |  }
[2026-06-15T06:09:08.837Z] 6382 |  @import url('https://fonts.googleapis.com/css2?family=Noto+Sans+HK:wght@300;400;500;700;900&family=Noto+Serif+HK:wght...
[2026-06-15T06:09:08.837Z] |  ^^^^^^^^^^^^^^^^^^^^^^^^^^^^^^^^^^^^^^^^^^^^^^^^^^^^^^^^^^^^^^^^^^^^^^^^^^^^^^^^^^^^^^^^^^^^^^^^^^^^^^^^^^^^^^^^^^^^^^^^
[2026-06-15T06:09:08.837Z] 6383 |  @property --tw-animation-delay {
[2026-06-15T06:09:08.838Z] 6384 |    syntax: "*";
[2026-06-15T06:32:14.341Z] 2:32:14 AM [vite] (client) hmr update /src/pages/mystic/MysticAnalysis.tsx, /src/index.css
[2026-06-15T06:32:14.786Z] [vite:css][postcss] @import must precede all other statements (besides @charset or empty @layer)
[2026-06-15T06:32:14.786Z] 6380 |    }
[2026-06-15T06:32:14.787Z] 6381 |  }
[2026-06-15T06:32:14.787Z] 6382 |  @import url('https://fonts.googleapis.com/css2?family=Noto+Sans+HK:wght@300;400;500;700;900&family=Noto+Serif+HK:wght...
[2026-06-15T06:32:14.787Z] |  ^^^^^^^^^^^^^^^^^^^^^^^^^^^^^^^^^^^^^^^^^^^^^^^^^^^^^^^^^^^^^^^^^^^^^^^^^^^^^^^^^^^^^^^^^^^^^^^^^^^^^^^^^^^^^^^^^^^^^^^^
[2026-06-15T06:32:14.788Z] 6383 |  @property --tw-animation-delay {
[2026-06-15T06:32:14.788Z] 6384 |    syntax: "*";
[2026-06-15T06:37:02.760Z] 2:37:02 AM [vite] (client) hmr update /src/pages/mystic/MysticAnalysis.tsx, /src/index.css
[2026-06-15T06:37:03.127Z] [vite:css][postcss] @import must precede all other statements (besides @charset or empty @layer)
[2026-06-15T06:37:03.128Z] 6380 |    }
[2026-06-15T06:37:03.128Z] 6381 |  }
[2026-06-15T06:37:03.128Z] 6382 |  @import url('https://fonts.googleapis.com/css2?family=Noto+Sans+HK:wght@300;400;500;700;900&family=Noto+Serif+HK:wght...
[2026-06-15T06:37:03.129Z] |  ^^^^^^^^^^^^^^^^^^^^^^^^^^^^^^^^^^^^^^^^^^^^^^^^^^^^^^^^^^^^^^^^^^^^^^^^^^^^^^^^^^^^^^^^^^^^^^^^^^^^^^^^^^^^^^^^^^^^^^^^
[2026-06-15T06:37:03.129Z] 6383 |  @property --tw-animation-delay {
[2026-06-15T06:37:03.129Z] 6384 |    syntax: "*";
[2026-06-15T08:30:40.373Z] 4:30:40 AM [vite] (client) hmr update /src/pages/mystic/MysticAnalysis.tsx, /src/index.css
[2026-06-15T08:30:41.256Z] [vite:css][postcss] @import must precede all other statements (besides @charset or empty @layer)
[2026-06-15T08:30:41.257Z] 6380 |    }
[2026-06-15T08:30:41.258Z] 6381 |  }
[2026-06-15T08:30:41.258Z] 6382 |  @import url('https://fonts.googleapis.com/css2?family=Noto+Sans+HK:wght@300;400;500;700;900&family=Noto+Serif+HK:wght...
[2026-06-15T08:30:41.258Z] |  ^^^^^^^^^^^^^^^^^^^^^^^^^^^^^^^^^^^^^^^^^^^^^^^^^^^^^^^^^^^^^^^^^^^^^^^^^^^^^^^^^^^^^^^^^^^^^^^^^^^^^^^^^^^^^^^^^^^^^^^^
[2026-06-15T08:30:41.259Z] 6383 |  @property --tw-animation-delay {
[2026-06-15T08:30:41.259Z] 6384 |    syntax: "*";
[2026-06-15T08:43:27.187Z] 4:43:27 AM [tsx] change in ./drizzle/schema.ts Restarting...
[2026-06-15T08:43:28.876Z] c[OAuth] Initialized with baseURL: https://api.manus.im
[2026-06-15T08:43:29.189Z] Server running on http://localhost:3000/
[2026-06-15T08:43:31.086Z] [baseline-browser-mapping] The data in this module is over two months old.  To ensure accurate Baseline data, please update: `npm i baseline-browser-mapping@latest -D`
[2026-06-15T08:43:33.197Z] [vite:css][postcss] @import must precede all other statements (besides @charset or empty @layer)
[2026-06-15T08:43:33.198Z] 6380 |    }
[2026-06-15T08:43:33.198Z] 6381 |  }
[2026-06-15T08:43:33.199Z] 6382 |  @import url('https://fonts.googleapis.com/css2?family=Noto+Sans+HK:wght@300;400;500;700;900&family=Noto+Serif+HK:wght...
[2026-06-15T08:43:33.199Z] |  ^^^^^^^^^^^^^^^^^^^^^^^^^^^^^^^^^^^^^^^^^^^^^^^^^^^^^^^^^^^^^^^^^^^^^^^^^^^^^^^^^^^^^^^^^^^^^^^^^^^^^^^^^^^^^^^^^^^^^^^^
[2026-06-15T08:43:33.200Z] 6383 |  @property --tw-animation-delay {
[2026-06-15T08:43:33.200Z] 6384 |    syntax: "*";
[2026-06-15T08:44:24.810Z] 4:44:24 AM [tsx] change in ./server/db.ts Restarting...
[2026-06-15T08:44:26.729Z] c[OAuth] Initialized with baseURL: https://api.manus.im
[2026-06-15T08:44:27.050Z] Server running on http://localhost:3000/
[2026-06-15T08:44:28.208Z] [baseline-browser-mapping] The data in this module is over two months old.  To ensure accurate Baseline data, please update: `npm i baseline-browser-mapping@latest -D`
[2026-06-15T08:44:30.351Z] [vite:css][postcss] @import must precede all other statements (besides @charset or empty @layer)
[2026-06-15T08:44:30.352Z] 6380 |    }
[2026-06-15T08:44:30.352Z] 6381 |  }
[2026-06-15T08:44:30.353Z] 6382 |  @import url('https://fonts.googleapis.com/css2?family=Noto+Sans+HK:wght@300;400;500;700;900&family=Noto+Serif+HK:wght...
[2026-06-15T08:44:30.353Z] |  ^^^^^^^^^^^^^^^^^^^^^^^^^^^^^^^^^^^^^^^^^^^^^^^^^^^^^^^^^^^^^^^^^^^^^^^^^^^^^^^^^^^^^^^^^^^^^^^^^^^^^^^^^^^^^^^^^^^^^^^^
[2026-06-15T08:44:30.353Z] 6383 |  @property --tw-animation-delay {
[2026-06-15T08:44:30.354Z] 6384 |    syntax: "*";
[2026-06-15T08:44:39.398Z] 4:44:39 AM [tsx] change in ./server/db.ts Restarting...
[2026-06-15T08:44:40.951Z] c[OAuth] Initialized with baseURL: https://api.manus.im
[2026-06-15T08:44:41.267Z] Server running on http://localhost:3000/
[2026-06-15T08:44:43.258Z] [baseline-browser-mapping] The data in this module is over two months old.  To ensure accurate Baseline data, please update: `npm i baseline-browser-mapping@latest -D`
[2026-06-15T08:44:45.109Z] [vite:css][postcss] @import must precede all other statements (besides @charset or empty @layer)
[2026-06-15T08:44:45.110Z] 6380 |    }
[2026-06-15T08:44:45.110Z] 6381 |  }
[2026-06-15T08:44:45.111Z] 6382 |  @import url('https://fonts.googleapis.com/css2?family=Noto+Sans+HK:wght@300;400;500;700;900&family=Noto+Serif+HK:wght...
[2026-06-15T08:44:45.111Z] |  ^^^^^^^^^^^^^^^^^^^^^^^^^^^^^^^^^^^^^^^^^^^^^^^^^^^^^^^^^^^^^^^^^^^^^^^^^^^^^^^^^^^^^^^^^^^^^^^^^^^^^^^^^^^^^^^^^^^^^^^^
[2026-06-15T08:44:45.111Z] 6383 |  @property --tw-animation-delay {
[2026-06-15T08:44:45.112Z] 6384 |    syntax: "*";
[2026-06-15T08:47:08.869Z] 4:47:08 AM [tsx] change in ./server/routers.ts Restarting...
[2026-06-15T08:47:10.511Z] c[OAuth] Initialized with baseURL: https://api.manus.im
[2026-06-15T08:47:10.856Z] Server running on http://localhost:3000/
[2026-06-15T08:47:45.656Z] 4:47:45 AM [tsx] change in ./server/routers.ts Restarting...
[2026-06-15T08:47:47.414Z] c[OAuth] Initialized with baseURL: https://api.manus.im
[2026-06-15T08:47:47.743Z] Server running on http://localhost:3000/
[2026-06-15T08:48:32.350Z] 4:48:32 AM [tsx] change in ./server/mysticStream.ts Restarting...
[2026-06-15T08:48:32.660Z] c
[2026-06-15T08:48:32.660Z] node:internal/modules/run_main:122
[2026-06-15T08:48:32.661Z] triggerUncaughtException(
[2026-06-15T08:48:32.661Z] ^
[2026-06-15T08:48:32.661Z] Error [TransformError]: Transform failed with 1 error:
[2026-06-15T08:48:32.662Z] /home/ubuntu/6b_podcasts_hub/server/mysticStream.ts:272:6: ERROR: Expected ";" but found "default"
[2026-06-15T08:48:32.662Z] at failureErrorWithLog (/home/ubuntu/6b_podcasts_hub/node_modules/.pnpm/esbuild@0.25.10/node_modules/esbuild/lib/main.js:1467:15)
[2026-06-15T08:48:32.662Z] at /home/ubuntu/6b_podcasts_hub/node_modules/.pnpm/esbuild@0.25.10/node_modules/esbuild/lib/main.js:736:50
[2026-06-15T08:48:32.663Z] at responseCallbacks.<computed> (/home/ubuntu/6b_podcasts_hub/node_modules/.pnpm/esbuild@0.25.10/node_modules/esbuild/lib/main.js:603:9)
[2026-06-15T08:48:32.663Z] at handleIncomingPacket (/home/ubuntu/6b_podcasts_hub/node_modules/.pnpm/esbuild@0.25.10/node_modules/esbuild/lib/main.js:658:12)
[2026-06-15T08:48:32.664Z] at Socket.readFromStdout (/home/ubuntu/6b_podcasts_hub/node_modules/.pnpm/esbuild@0.25.10/node_modules/esbuild/lib/main.js:581:7)
[2026-06-15T08:48:32.664Z] at Socket.emit (node:events:524:28)
[2026-06-15T08:48:32.664Z] at addChunk (node:internal/streams/readable:561:12)
[2026-06-15T08:48:32.665Z] at readableAddChunkPushByteMode (node:internal/streams/readable:512:3)
[2026-06-15T08:48:32.665Z] at Readable.push (node:internal/streams/readable:392:5)
[2026-06-15T08:48:32.665Z] at Pipe.onStreamRead (node:internal/stream_base_commons:189:23)
[2026-06-15T08:48:32.666Z] 
[2026-06-15T08:48:32.666Z] Node.js v22.13.0
[2026-06-15T08:48:48.665Z] 4:48:48 AM [tsx] change in ./server/mysticStream.ts Rerunning...
[2026-06-15T08:48:50.181Z] c/home/ubuntu/6b_podcasts_hub/server/mysticStream.ts:9
[2026-06-15T08:48:50.182Z] import sdk from "./_core/sdk";
[2026-06-15T08:48:50.183Z] ^
[2026-06-15T08:48:50.183Z] 
[2026-06-15T08:48:50.183Z] SyntaxError: The requested module './_core/sdk' does not provide an export named 'default'
[2026-06-15T08:48:50.184Z] at ModuleJob._instantiate (node:internal/modules/esm/module_job:180:21)
[2026-06-15T08:48:50.184Z] at async ModuleJob.run (node:internal/modules/esm/module_job:263:5)
[2026-06-15T08:48:50.185Z] at async onImport.tracePromise.__proto__ (node:internal/modules/esm/loader:547:26)
[2026-06-15T08:48:50.185Z] at async asyncRunEntryPointWithESMLoader (node:internal/modules/run_main:116:5)
[2026-06-15T08:48:50.186Z] 
[2026-06-15T08:48:50.186Z] Node.js v22.13.0
[2026-06-15T08:48:57.829Z] 4:48:57 AM [tsx] change in ./server/mysticStream.ts Rerunning...
[2026-06-15T08:48:59.454Z] c[OAuth] Initialized with baseURL: https://api.manus.im
[2026-06-15T08:48:59.769Z] Server running on http://localhost:3000/
[2026-06-15T08:57:24.001Z] [baseline-browser-mapping] The data in this module is over two months old.  To ensure accurate Baseline data, please update: `npm i baseline-browser-mapping@latest -D`
[2026-06-15T08:57:25.952Z] [vite:css][postcss] @import must precede all other statements (besides @charset or empty @layer)
[2026-06-15T08:57:25.953Z] 6380 |    }
[2026-06-15T08:57:25.953Z] 6381 |  }
[2026-06-15T08:57:25.953Z] 6382 |  @import url('https://fonts.googleapis.com/css2?family=Noto+Sans+HK:wght@300;400;500;700;900&family=Noto+Serif+HK:wght...
[2026-06-15T08:57:25.954Z] |  ^^^^^^^^^^^^^^^^^^^^^^^^^^^^^^^^^^^^^^^^^^^^^^^^^^^^^^^^^^^^^^^^^^^^^^^^^^^^^^^^^^^^^^^^^^^^^^^^^^^^^^^^^^^^^^^^^^^^^^^^
[2026-06-15T08:57:25.954Z] 6383 |  @property --tw-animation-delay {
[2026-06-15T08:57:25.955Z] 6384 |    syntax: "*";
[2026-06-15T22:34:15.722Z] 6:34:15 PM [vite] (client) hmr update /src/pages/Home.tsx, /src/index.css
[2026-06-15T22:34:40.064Z] [vite:css][postcss] @import must precede all other statements (besides @charset or empty @layer)
[2026-06-15T22:34:40.065Z] 6413 |    }
[2026-06-15T22:34:40.066Z] 6414 |  }
[2026-06-15T22:34:40.066Z] 6415 |  @import url('https://fonts.googleapis.com/css2?family=Noto+Sans+HK:wght@300;400;500;700;900&family=Noto+Serif+HK:wght...
[2026-06-15T22:34:40.067Z] |  ^^^^^^^^^^^^^^^^^^^^^^^^^^^^^^^^^^^^^^^^^^^^^^^^^^^^^^^^^^^^^^^^^^^^^^^^^^^^^^^^^^^^^^^^^^^^^^^^^^^^^^^^^^^^^^^^^^^^^^^^
[2026-06-15T22:34:40.067Z] 6416 |  @property --tw-animation-delay {
[2026-06-15T22:34:40.067Z] 6417 |    syntax: "*";
[2026-06-15T22:56:32.216Z] 6:56:32 PM [vite] (client) hmr update /src/index.css
[2026-06-15T23:01:45.703Z] 7:01:45 PM [vite] (client) hmr update /src/pages/Portal.tsx, /src/index.css
[2026-06-15T23:05:01.722Z] 7:05:01 PM [vite] (client) ✨ new dependencies optimized: framer-motion, @phosphor-icons/react
[2026-06-15T23:05:01.737Z] 7:05:01 PM [vite] (client) ✨ optimized dependencies changed. reloading
[2026-06-15T23:23:32.773Z] 7:23:32 PM [tsx] change in ./server/mysticStream.ts Restarting...
[2026-06-15T23:23:35.617Z] c[OAuth] Initialized with baseURL: https://api.manus.im
[2026-06-15T23:23:36.179Z] Server running on http://localhost:3000/
[2026-06-15T23:32:05.606Z] [baseline-browser-mapping] The data in this module is over two months old.  To ensure accurate Baseline data, please update: `npm i baseline-browser-mapping@latest -D`
[2026-06-15T23:34:02.164Z] 7:34:02 PM [vite] (client) hmr update /src/components/Navbar.tsx, /src/index.css
[2026-06-15T23:34:14.393Z] 7:34:14 PM [vite] (client) hmr update /src/components/Navbar.tsx, /src/index.css
[2026-06-15T23:34:24.904Z] 7:34:24 PM [vite] (client) hmr update /src/components/Navbar.tsx, /src/index.css
[2026-06-15T23:36:14.938Z] 7:36:14 PM [vite] (client) hmr update /src/App.tsx, /src/index.css
[2026-06-15T23:37:20.736Z] 7:37:20 PM [vite] (client) hmr update /src/components/Navbar.tsx, /src/index.css
[2026-06-15T23:37:25.829Z] 7:37:25 PM [vite] (client) hmr update /src/components/Navbar.tsx, /src/index.css
[2026-06-15T23:37:31.155Z] 7:37:31 PM [vite] (client) hmr update /src/components/Navbar.tsx, /src/index.css
[2026-06-15T23:43:17.099Z] 7:43:17 PM [vite] (client) hmr update /src/pages/mystic/MysticHome.tsx, /src/index.css
[2026-06-15T23:43:18.074Z] 7:43:18 PM [vite] (client) Pre-transform error: Failed to load url /src/pages/mystic/MysticHome.tsx (resolved id: /home/ubuntu/6b_podcasts_hub/client/src/pages/mystic/MysticHome.tsx) in /home/ubuntu/6b_podcasts_hub/client/src/App.tsx. Does the file exist?
[2026-06-15T23:45:34.416Z] 7:45:34 PM [vite] (client) hmr update /src/pages/mystic/MysticHome.tsx, /src/index.css
[2026-06-15T23:46:08.301Z] 7:46:08 PM [vite] (client) hmr update /src/pages/mystic/MysticHome.tsx, /src/index.css
[2026-06-15T23:46:29.129Z] 7:46:29 PM [vite] (client) hmr update /src/pages/mystic/MysticHome.tsx, /src/index.css
[2026-06-16T00:07:09.820Z] 8:07:09 PM [vite] (client) hmr update /src/App.tsx, /src/index.css
[2026-06-16T00:08:03.558Z] 8:08:03 PM [vite] (client) hmr update /src/pages/BlogPost.tsx, /src/index.css
[2026-06-16T00:08:11.345Z] 8:08:11 PM [vite] (client) hmr update /src/pages/BlogPost.tsx, /src/index.css
[2026-06-16T00:08:59.144Z] 8:08:59 PM [vite] (client) hmr update /src/pages/mystic/MysticVideos.tsx, /src/index.css
[2026-06-16T00:10:15.318Z] 8:10:15 PM [vite] (client) hmr update /src/pages/Partnership.tsx, /src/index.css
[2026-06-16T00:20:17.929Z] 8:20:17 PM [vite] (client) hmr update /src/pages/Episodes.tsx, /src/index.css
[2026-06-16T00:20:33.868Z] 8:20:33 PM [vite] (client) hmr update /src/pages/Episodes.tsx, /src/index.css
[2026-06-16T00:22:14.762Z] 8:22:14 PM [vite] (client) hmr update /src/pages/mystic/MysticVideos.tsx, /src/index.css
[2026-06-16T00:23:49.639Z] 8:23:49 PM [vite] (client) hmr update /src/pages/Home.tsx, /src/index.css
[2026-06-16T00:27:02.791Z] 8:27:02 PM [vite] (client) hmr update /src/pages/Home.tsx, /src/index.css
[2026-06-16T00:27:12.899Z] 8:27:12 PM [vite] (client) hmr update /src/pages/Home.tsx, /src/index.css
[2026-06-16T00:39:14.464Z] 8:39:14 PM [vite] (client) hmr update /src/pages/Home.tsx, /src/index.css
[2026-06-16T00:39:44.564Z] 8:39:44 PM [vite] (client) hmr update /src/pages/Home.tsx, /src/index.css
[2026-06-16T00:40:18.034Z] 8:40:18 PM [vite] (client) hmr update /src/pages/Episodes.tsx, /src/index.css
[2026-06-16T00:40:56.692Z] 8:40:56 PM [vite] (client) hmr update /src/pages/PodcastsPage.tsx, /src/index.css
[2026-06-16T00:41:55.102Z] 8:41:55 PM [vite] (client) hmr update /src/pages/mystic/MysticHome.tsx, /src/index.css
[2026-06-16T00:42:38.195Z] 8:42:38 PM [vite] (client) hmr update /src/pages/mystic/MysticServices.tsx, /src/index.css
[2026-06-16T00:43:32.574Z] 8:43:32 PM [vite] (client) hmr update /src/pages/Blog.tsx, /src/index.css
[2026-06-16T00:44:47.203Z] 8:44:47 PM [vite] (client) hmr update /src/pages/Partnership.tsx, /src/index.css
[2026-06-16T00:45:46.718Z] 8:45:46 PM [vite] (client) hmr update /src/pages/About.tsx, /src/index.css
[2026-06-16T00:46:49.121Z] 8:46:49 PM [vite] (client) hmr update /src/pages/Contact.tsx, /src/index.css
[2026-06-16T00:48:12.351Z] 8:48:12 PM [vite] (client) page reload index.html
[2026-06-16T01:22:08.850Z] 9:22:08 PM [tsx] change in ./server/_core/index.ts Restarting...
[2026-06-16T01:22:10.676Z] c[OAuth] Initialized with baseURL: https://api.manus.im
[2026-06-16T01:22:10.956Z] Server running on http://localhost:3000/
[2026-06-16T01:22:11.995Z] [baseline-browser-mapping] The data in this module is over two months old.  To ensure accurate Baseline data, please update: `npm i baseline-browser-mapping@latest -D`
[2026-06-16T01:22:47.876Z] 9:22:47 PM [vite] (client) hmr update /src/pages/Home.tsx, /src/index.css
[2026-06-16T01:23:35.325Z] 9:23:35 PM [vite] (client) hmr update /src/pages/Home.tsx, /src/index.css
[2026-06-16T01:24:12.708Z] 9:24:12 PM [vite] (client) hmr update /src/pages/mystic/MysticHome.tsx, /src/index.css
[2026-06-16T01:24:35.755Z] 9:24:35 PM [vite] (client) hmr update /src/pages/mystic/MysticHome.tsx, /src/index.css
[2026-06-16T01:25:15.466Z] 9:25:15 PM [vite] (client) hmr update /src/pages/Partnership.tsx, /src/index.css
[2026-06-16T01:25:28.378Z] Dev server process group stopped
[2026-06-16T01:25:28.383Z] ELIFECYCLE  Command failed.
[2026-06-16T01:25:28.436Z] Dev server exited with code -15
[2026-06-16T01:25:31.438Z] Starting dev server with command: pnpm run dev
[2026-06-16T01:25:32.390Z] 
[2026-06-16T01:25:32.391Z] > 6b_podcasts_hub@1.0.0 dev /home/ubuntu/6b_podcasts_hub
[2026-06-16T01:25:32.391Z] > NODE_ENV=development tsx watch server/_core/index.ts
[2026-06-16T01:25:32.391Z] 
[2026-06-16T01:25:34.251Z] [OAuth] Initialized with baseURL: https://api.manus.im
[2026-06-16T01:25:34.559Z] Server running on http://localhost:3000/
[2026-06-16T01:25:35.106Z] [baseline-browser-mapping] The data in this module is over two months old.  To ensure accurate Baseline data, please update: `npm i baseline-browser-mapping@latest -D`
[2026-06-16T01:27:19.344Z] 9:27:19 PM [vite] (client) hmr update /src/pages/Home.tsx, /src/index.css
[2026-06-16T01:27:35.908Z] 9:27:35 PM [vite] (client) hmr update /src/pages/Home.tsx, /src/index.css
[2026-06-16T01:27:56.060Z] 9:27:56 PM [vite] (client) hmr update /src/pages/mystic/MysticHome.tsx, /src/index.css
[2026-06-16T01:28:14.893Z] 9:28:14 PM [vite] (client) hmr update /src/pages/mystic/MysticHome.tsx, /src/index.css
[2026-06-16T01:28:28.282Z] 9:28:28 PM [vite] (client) hmr update /src/pages/Partnership.tsx, /src/index.css
[2026-06-16T01:28:45.000Z] 9:28:45 PM [vite] (client) page reload index.html
[2026-06-16T01:29:00.202Z] Dev server process group stopped
[2026-06-16T01:29:00.205Z] ELIFECYCLE  Command failed.
[2026-06-16T01:29:00.256Z] Dev server exited with code -15
[2026-06-16T01:29:03.239Z] Starting dev server with command: pnpm run dev
[2026-06-16T01:29:03.986Z] 
[2026-06-16T01:29:03.987Z] > 6b_podcasts_hub@1.0.0 dev /home/ubuntu/6b_podcasts_hub
[2026-06-16T01:29:03.988Z] > NODE_ENV=development tsx watch server/_core/index.ts
[2026-06-16T01:29:03.988Z] 
[2026-06-16T01:29:05.730Z] [OAuth] Initialized with baseURL: https://api.manus.im
[2026-06-16T01:29:06.036Z] Server running on http://localhost:3000/
[2026-06-16T01:29:07.531Z] [baseline-browser-mapping] The data in this module is over two months old.  To ensure accurate Baseline data, please update: `npm i baseline-browser-mapping@latest -D`
[2026-06-16T01:31:18.790Z] 9:31:18 PM [vite] (client) hmr update /src/pages/mystic/MysticHome.tsx, /src/index.css
[2026-06-16T01:31:31.510Z] 9:31:31 PM [vite] (client) hmr update /src/pages/mystic/MysticHome.tsx, /src/index.css
[2026-06-16T01:31:31.800Z] 9:31:31 PM [vite] Internal server error: /home/ubuntu/6b_podcasts_hub/client/src/pages/mystic/MysticHome.tsx: Expected corresponding JSX closing tag for <section>. (584:10)
[2026-06-16T01:31:31.801Z] 
[2026-06-16T01:31:31.802Z] 582 |           </div>
[2026-06-16T01:31:31.803Z] 583 |         </div>
[2026-06-16T01:31:31.803Z] > 584 |           </div>
[2026-06-16T01:31:31.804Z] |           ^
[2026-06-16T01:31:31.805Z] 585 |         </div>
[2026-06-16T01:31:31.805Z] 586 |       </section>
[2026-06-16T01:31:31.806Z] 587 |
[2026-06-16T01:31:31.806Z] Plugin: vite:react-babel
[2026-06-16T01:31:31.807Z] File: /home/ubuntu/6b_podcasts_hub/client/src/pages/mystic/MysticHome.tsx:584:10
[2026-06-16T01:31:31.807Z] 582 |            </div>
[2026-06-16T01:31:31.808Z] 583 |          </div>
[2026-06-16T01:31:31.808Z] 584 |            </div>
[2026-06-16T01:31:31.809Z] |            ^
[2026-06-16T01:31:31.809Z] 585 |          </div>
[2026-06-16T01:31:31.810Z] 586 |        </section>
[2026-06-16T01:31:31.810Z] at toParseError (/home/ubuntu/6b_podcasts_hub/node_modules/.pnpm/@babel+parser@7.28.4/node_modules/@babel/parser/src/parse-error.ts:95:45)
[2026-06-16T01:31:31.811Z] at raise (/home/ubuntu/6b_podcasts_hub/node_modules/.pnpm/@babel+parser@7.28.4/node_modules/@babel/parser/src/tokenizer/index.ts:1503:19)
[2026-06-16T01:31:31.811Z] at jsxParseElementAt (/home/ubuntu/6b_podcasts_hub/node_modules/.pnpm/@babel+parser@7.28.4/node_modules/@babel/parser/src/plugins/jsx/index.ts:527:18)
[2026-06-16T01:31:31.812Z] at jsxParseElementAt (/home/ubuntu/6b_podcasts_hub/node_modules/.pnpm/@babel+parser@7.28.4/node_modules/@babel/parser/src/plugins/jsx/index.ts:483:34)
[2026-06-16T01:31:31.812Z] at jsxParseElement (/home/ubuntu/6b_podcasts_hub/node_modules/.pnpm/@babel+parser@7.28.4/node_modules/@babel/parser/src/plugins/jsx/index.ts:559:19)
[2026-06-16T01:31:31.813Z] at parseExprAtom (/home/ubuntu/6b_podcasts_hub/node_modules/.pnpm/@babel+parser@7.28.4/node_modules/@babel/parser/src/plugins/jsx/index.ts:573:21)
[2026-06-16T01:31:31.813Z] at parseExprSubscripts (/home/ubuntu/6b_podcasts_hub/node_modules/.pnpm/@babel+parser@7.28.4/node_modules/@babel/parser/src/parser/expression.ts:734:23)
[2026-06-16T01:31:31.814Z] at parseUpdate (/home/ubuntu/6b_podcasts_hub/node_modules/.pnpm/@babel+parser@7.28.4/node_modules/@babel/parser/src/parser/expression.ts:713:21)
[2026-06-16T01:31:31.814Z] at parseMaybeUnary (/home/ubuntu/6b_podcasts_hub/node_modules/.pnpm/@babel+parser@7.28.4/node_modules/@babel/parser/src/parser/expression.ts:675:23)
[2026-06-16T01:31:31.815Z] at parseMaybeUnary (/home/ubuntu/6b_podcasts_hub/node_modules/.pnpm/@babel+parser@7.28.4/node_modules/@babel/parser/src/plugins/typescript/index.ts:3855:20)
[2026-06-16T01:31:31.816Z] at parseMaybeUnaryOrPrivate (/home/ubuntu/6b_podcasts_hub/node_modules/.pnpm/@babel+parser@7.28.4/node_modules/@babel/parser/src/parser/expression.ts:409:14)
[2026-06-16T01:31:31.816Z] at parseExprOps (/home/ubuntu/6b_podcasts_hub/node_modules/.pnpm/@babel+parser@7.28.4/node_modules/@babel/parser/src/parser/expression.ts:421:23)
[2026-06-16T01:31:31.817Z] at parseMaybeConditional (/home/ubuntu/6b_podcasts_hub/node_modules/.pnpm/@babel+parser@7.28.4/node_modules/@babel/parser/src/parser/expression.ts:376:23)
[2026-06-16T01:31:31.818Z] at parseMaybeAssign (/home/ubuntu/6b_podcasts_hub/node_modules/.pnpm/@babel+parser@7.28.4/node_modules/@babel/parser/src/parser/expression.ts:301:21)
[2026-06-16T01:31:31.818Z] at fn (/home/ubuntu/6b_podcasts_hub/node_modules/.pnpm/@babel+parser@7.28.4/node_modules/@babel/parser/src/plugins/typescript/index.ts:3708:23)
[2026-06-16T01:31:31.819Z] at tryParse (/home/ubuntu/6b_podcasts_hub/node_modules/.pnpm/@babel+parser@7.28.4/node_modules/@babel/parser/src/parser/util.ts:174:20)
[2026-06-16T01:31:31.820Z] at parseMaybeAssign (/home/ubuntu/6b_podcasts_hub/node_modules/.pnpm/@babel+parser@7.28.4/node_modules/@babel/parser/src/plugins/typescript/index.ts:3707:20)
[2026-06-16T01:31:31.821Z] at callback (/home/ubuntu/6b_podcasts_hub/node_modules/.pnpm/@babel+parser@7.28.4/node_modules/@babel/parser/src/parser/expression.ts:257:12)
[2026-06-16T01:31:31.822Z] at allowInAnd (/home/ubuntu/6b_podcasts_hub/node_modules/.pnpm/@babel+parser@7.28.4/node_modules/@babel/parser/src/parser/expression.ts:3192:12)
[2026-06-16T01:31:31.822Z] at parseMaybeAssignAllowIn (/home/ubuntu/6b_podcasts_hub/node_modules/.pnpm/@babel+parser@7.28.4/node_modules/@babel/parser/src/parser/expression.ts:256:17)
[2026-06-16T01:31:31.823Z] at parseMaybeAssignAllowInOrVoidPattern (/home/ubuntu/6b_podcasts_hub/node_modules/.pnpm/@babel+parser@7.28.4/node_modules/@babel/parser/src/parser/expression.ts:3306:17)
[2026-06-16T01:31:31.824Z] at parseParenAndDistinguishExpression (/home/ubuntu/6b_podcasts_hub/node_modules/.pnpm/@babel+parser@7.28.4/node_modules/@babel/parser/src/parser/expression.ts:1813:16)
[2026-06-16T01:31:31.824Z] at parseExprAtom (/home/ubuntu/6b_podcasts_hub/node_modules/.pnpm/@babel+parser@7.28.4/node_modules/@babel/parser/src/parser/expression.ts:1162:21)
[2026-06-16T01:31:31.825Z] at parseExprAtom (/home/ubuntu/6b_podcasts_hub/node_modules/.pnpm/@babel+parser@7.28.4/node_modules/@babel/parser/src/plugins/jsx/index.ts:583:22)
[2026-06-16T01:31:31.826Z] at parseExprSubscripts (/home/ubuntu/6b_podcasts_hub/node_modules/.pnpm/@babel+parser@7.28.4/node_modules/@babel/parser/src/parser/expression.ts:734:23)
[2026-06-16T01:31:31.827Z] at parseUpdate (/home/ubuntu/6b_podcasts_hub/node_modules/.pnpm/@babel+parser@7.28.4/node_modules/@babel/parser/src/parser/expression.ts:713:21)
[2026-06-16T01:31:31.827Z] at parseMaybeUnary (/home/ubuntu/6b_podcasts_hub/node_modules/.pnpm/@babel+parser@7.28.4/node_modules/@babel/parser/src/parser/expression.ts:675:23)
[2026-06-16T01:31:31.828Z] at parseMaybeUnary (/home/ubuntu/6b_podcasts_hub/node_modules/.pnpm/@babel+parser@7.28.4/node_modules/@babel/parser/src/plugins/typescript/index.ts:3855:20)
[2026-06-16T01:31:31.828Z] at parseMaybeUnaryOrPrivate (/home/ubuntu/6b_podcasts_hub/node_modules/.pnpm/@babel+parser@7.28.4/node_modules/@babel/parser/src/parser/expression.ts:409:14)
[2026-06-16T01:31:31.829Z] at parseExprOps (/home/ubuntu/6b_podcasts_hub/node_modules/.pnpm/@babel+parser@7.28.4/node_modules/@babel/parser/src/parser/expression.ts:421:23)
[2026-06-16T01:31:31.830Z] at parseMaybeConditional (/home/ubuntu/6b_podcasts_hub/node_modules/.pnpm/@babel+parser@7.28.4/node_modules/@babel/parser/src/parser/expression.ts:376:23)
[2026-06-16T01:31:31.830Z] at parseMaybeAssign (/home/ubuntu/6b_podcasts_hub/node_modules/.pnpm/@babel+parser@7.28.4/node_modules/@babel/parser/src/parser/expression.ts:301:21)
[2026-06-16T01:31:31.831Z] at parseMaybeAssign (/home/ubuntu/6b_podcasts_hub/node_modules/.pnpm/@babel+parser@7.28.4/node_modules/@babel/parser/src/plugins/typescript/index.ts:3727:22)
[2026-06-16T01:31:31.832Z] at parseExpressionBase (/home/ubuntu/6b_podcasts_hub/node_modules/.pnpm/@babel+parser@7.28.4/node_modules/@babel/parser/src/parser/expression.ts:226:23)
[2026-06-16T01:31:31.832Z] at callback (/home/ubuntu/6b_podcasts_hub/node_modules/.pnpm/@babel+parser@7.28.4/node_modules/@babel/parser/src/parser/expression.ts:217:39)
[2026-06-16T01:31:31.833Z] at allowInAnd (/home/ubuntu/6b_podcasts_hub/node_modules/.pnpm/@babel+parser@7.28.4/node_modules/@babel/parser/src/parser/expression.ts:3187:16)
[2026-06-16T01:31:31.833Z] at parseExpression (/home/ubuntu/6b_podcasts_hub/node_modules/.pnpm/@babel+parser@7.28.4/node_modules/@babel/parser/src/parser/expression.ts:217:17)
[2026-06-16T01:31:31.834Z] at parseReturnStatement (/home/ubuntu/6b_podcasts_hub/node_modules/.pnpm/@babel+parser@7.28.4/node_modules/@babel/parser/src/parser/statement.ts:1110:28)
[2026-06-16T01:31:31.834Z] at parseStatementContent (/home/ubuntu/6b_podcasts_hub/node_modules/.pnpm/@babel+parser@7.28.4/node_modules/@babel/parser/src/parser/statement.ts:538:21)
[2026-06-16T01:31:31.835Z] at parseStatementContent (/home/ubuntu/6b_podcasts_hub/node_modules/.pnpm/@babel+parser@7.28.4/node_modules/@babel/parser/src/plugins/typescript/index.ts:3185:20)
[2026-06-16T01:31:31.835Z] at parseStatementLike (/home/ubuntu/6b_podcasts_hub/node_modules/.pnpm/@babel+parser@7.28.4/node_modules/@babel/parser/src/parser/statement.ts:477:17)
[2026-06-16T01:31:31.836Z] at parseStatementListItem (/home/ubuntu/6b_podcasts_hub/node_modules/.pnpm/@babel+parser@7.28.4/node_modules/@babel/parser/src/parser/statement.ts:426:17)
[2026-06-16T01:31:31.836Z] at parseBlockOrModuleBlockBody (/home/ubuntu/6b_podcasts_hub/node_modules/.pnpm/@babel+parser@7.28.4/node_modules/@babel/parser/src/parser/statement.ts:1439:16)
[2026-06-16T01:31:31.837Z] at parseBlockBody (/home/ubuntu/6b_podcasts_hub/node_modules/.pnpm/@babel+parser@7.28.4/node_modules/@babel/parser/src/parser/statement.ts:1412:10)
[2026-06-16T01:31:31.837Z] at parseBlock (/home/ubuntu/6b_podcasts_hub/node_modules/.pnpm/@babel+parser@7.28.4/node_modules/@babel/parser/src/parser/statement.ts:1380:10)
[2026-06-16T01:31:31.838Z] at parseFunctionBody (/home/ubuntu/6b_podcasts_hub/node_modules/.pnpm/@babel+parser@7.28.4/node_modules/@babel/parser/src/parser/expression.ts:2616:24)
[2026-06-16T01:31:31.838Z] at parseFunctionBodyAndFinish (/home/ubuntu/6b_podcasts_hub/node_modules/.pnpm/@babel+parser@7.28.4/node_modules/@babel/parser/src/parser/expression.ts:2585:10)
[2026-06-16T01:31:31.839Z] at parseFunctionBodyAndFinish (/home/ubuntu/6b_podcasts_hub/node_modules/.pnpm/@babel+parser@7.28.4/node_modules/@babel/parser/src/plugins/typescript/index.ts:2646:20)
[2026-06-16T01:31:31.839Z] at callback (/home/ubuntu/6b_podcasts_hub/node_modules/.pnpm/@babel+parser@7.28.4/node_modules/@babel/parser/src/parser/statement.ts:1690:12)
[2026-06-16T01:31:31.839Z] at withSmartMixTopicForbiddingContext (/home/ubuntu/6b_podcasts_hub/node_modules/.pnpm/@babel+parser@7.28.4/node_modules/@babel/parser/src/parser/expression.ts:3166:14)
[2026-06-16T01:31:31.907Z] 9:31:31 PM [vite] (client) Pre-transform error: /home/ubuntu/6b_podcasts_hub/client/src/pages/mystic/MysticHome.tsx: Expected corresponding JSX closing tag for <section>. (584:10)
[2026-06-16T01:31:31.908Z] 
[2026-06-16T01:31:31.908Z] 582 |           </div>
[2026-06-16T01:31:31.909Z] 583 |         </div>
[2026-06-16T01:31:31.909Z] > 584 |           </div>
[2026-06-16T01:31:31.909Z] |           ^
[2026-06-16T01:31:31.910Z] 585 |         </div>
[2026-06-16T01:31:31.910Z] 586 |       </section>
[2026-06-16T01:31:31.910Z] 587 |
[2026-06-16T01:31:31.911Z] Plugin: vite:react-babel
[2026-06-16T01:31:31.911Z] File: /home/ubuntu/6b_podcasts_hub/client/src/pages/mystic/MysticHome.tsx:584:10
[2026-06-16T01:31:31.911Z] 582 |            </div>
[2026-06-16T01:31:31.912Z] 583 |          </div>
[2026-06-16T01:31:31.912Z] 584 |            </div>
[2026-06-16T01:31:31.912Z] |            ^
[2026-06-16T01:31:31.912Z] 585 |          </div>
[2026-06-16T01:31:31.913Z] 586 |        </section>
[2026-06-16T01:31:33.954Z] 9:31:33 PM [vite] Internal server error: /home/ubuntu/6b_podcasts_hub/client/src/pages/mystic/MysticHome.tsx: Expected corresponding JSX closing tag for <section>. (584:10)
[2026-06-16T01:31:33.956Z] 
[2026-06-16T01:31:33.957Z] 582 |           </div>
[2026-06-16T01:31:33.958Z] 583 |         </div>
[2026-06-16T01:31:33.959Z] > 584 |           </div>
[2026-06-16T01:31:33.959Z] |           ^
[2026-06-16T01:31:33.960Z] 585 |         </div>
[2026-06-16T01:31:33.961Z] 586 |       </section>
[2026-06-16T01:31:33.961Z] 587 |
[2026-06-16T01:31:33.962Z] Plugin: vite:react-babel
[2026-06-16T01:31:33.962Z] File: /home/ubuntu/6b_podcasts_hub/client/src/pages/mystic/MysticHome.tsx:584:10
[2026-06-16T01:31:33.962Z] 582 |            </div>
[2026-06-16T01:31:33.963Z] 583 |          </div>
[2026-06-16T01:31:33.963Z] 584 |            </div>
[2026-06-16T01:31:33.964Z] |            ^
[2026-06-16T01:31:33.964Z] 585 |          </div>
[2026-06-16T01:31:33.965Z] 586 |        </section>
[2026-06-16T01:31:33.965Z] at toParseError (/home/ubuntu/6b_podcasts_hub/node_modules/.pnpm/@babel+parser@7.28.4/node_modules/@babel/parser/src/parse-error.ts:95:45)
[2026-06-16T01:31:33.966Z] at raise (/home/ubuntu/6b_podcasts_hub/node_modules/.pnpm/@babel+parser@7.28.4/node_modules/@babel/parser/src/tokenizer/index.ts:1503:19)
[2026-06-16T01:31:33.967Z] at jsxParseElementAt (/home/ubuntu/6b_podcasts_hub/node_modules/.pnpm/@babel+parser@7.28.4/node_modules/@babel/parser/src/plugins/jsx/index.ts:527:18)
[2026-06-16T01:31:33.967Z] at jsxParseElementAt (/home/ubuntu/6b_podcasts_hub/node_modules/.pnpm/@babel+parser@7.28.4/node_modules/@babel/parser/src/plugins/jsx/index.ts:483:34)
[2026-06-16T01:31:33.968Z] at jsxParseElement (/home/ubuntu/6b_podcasts_hub/node_modules/.pnpm/@babel+parser@7.28.4/node_modules/@babel/parser/src/plugins/jsx/index.ts:559:19)
[2026-06-16T01:31:33.968Z] at parseExprAtom (/home/ubuntu/6b_podcasts_hub/node_modules/.pnpm/@babel+parser@7.28.4/node_modules/@babel/parser/src/plugins/jsx/index.ts:573:21)
[2026-06-16T01:31:33.968Z] at parseExprSubscripts (/home/ubuntu/6b_podcasts_hub/node_modules/.pnpm/@babel+parser@7.28.4/node_modules/@babel/parser/src/parser/expression.ts:734:23)
[2026-06-16T01:31:33.969Z] at parseUpdate (/home/ubuntu/6b_podcasts_hub/node_modules/.pnpm/@babel+parser@7.28.4/node_modules/@babel/parser/src/parser/expression.ts:713:21)
[2026-06-16T01:31:33.969Z] at parseMaybeUnary (/home/ubuntu/6b_podcasts_hub/node_modules/.pnpm/@babel+parser@7.28.4/node_modules/@babel/parser/src/parser/expression.ts:675:23)
[2026-06-16T01:31:33.970Z] at parseMaybeUnary (/home/ubuntu/6b_podcasts_hub/node_modules/.pnpm/@babel+parser@7.28.4/node_modules/@babel/parser/src/plugins/typescript/index.ts:3855:20)
[2026-06-16T01:31:33.970Z] at parseMaybeUnaryOrPrivate (/home/ubuntu/6b_podcasts_hub/node_modules/.pnpm/@babel+parser@7.28.4/node_modules/@babel/parser/src/parser/expression.ts:409:14)
[2026-06-16T01:31:33.971Z] at parseExprOps (/home/ubuntu/6b_podcasts_hub/node_modules/.pnpm/@babel+parser@7.28.4/node_modules/@babel/parser/src/parser/expression.ts:421:23)
[2026-06-16T01:31:33.971Z] at parseMaybeConditional (/home/ubuntu/6b_podcasts_hub/node_modules/.pnpm/@babel+parser@7.28.4/node_modules/@babel/parser/src/parser/expression.ts:376:23)
[2026-06-16T01:31:33.971Z] at parseMaybeAssign (/home/ubuntu/6b_podcasts_hub/node_modules/.pnpm/@babel+parser@7.28.4/node_modules/@babel/parser/src/parser/expression.ts:301:21)
[2026-06-16T01:31:33.972Z] at fn (/home/ubuntu/6b_podcasts_hub/node_modules/.pnpm/@babel+parser@7.28.4/node_modules/@babel/parser/src/plugins/typescript/index.ts:3708:23)
[2026-06-16T01:31:33.973Z] at tryParse (/home/ubuntu/6b_podcasts_hub/node_modules/.pnpm/@babel+parser@7.28.4/node_modules/@babel/parser/src/parser/util.ts:174:20)
[2026-06-16T01:31:33.973Z] at parseMaybeAssign (/home/ubuntu/6b_podcasts_hub/node_modules/.pnpm/@babel+parser@7.28.4/node_modules/@babel/parser/src/plugins/typescript/index.ts:3707:20)
[2026-06-16T01:31:33.974Z] at callback (/home/ubuntu/6b_podcasts_hub/node_modules/.pnpm/@babel+parser@7.28.4/node_modules/@babel/parser/src/parser/expression.ts:257:12)
[2026-06-16T01:31:33.974Z] at allowInAnd (/home/ubuntu/6b_podcasts_hub/node_modules/.pnpm/@babel+parser@7.28.4/node_modules/@babel/parser/src/parser/expression.ts:3192:12)
[2026-06-16T01:31:33.975Z] at parseMaybeAssignAllowIn (/home/ubuntu/6b_podcasts_hub/node_modules/.pnpm/@babel+parser@7.28.4/node_modules/@babel/parser/src/parser/expression.ts:256:17)
[2026-06-16T01:31:33.975Z] at parseMaybeAssignAllowInOrVoidPattern (/home/ubuntu/6b_podcasts_hub/node_modules/.pnpm/@babel+parser@7.28.4/node_modules/@babel/parser/src/parser/expression.ts:3306:17)
[2026-06-16T01:31:33.976Z] at parseParenAndDistinguishExpression (/home/ubuntu/6b_podcasts_hub/node_modules/.pnpm/@babel+parser@7.28.4/node_modules/@babel/parser/src/parser/expression.ts:1813:16)
[2026-06-16T01:31:33.976Z] at parseExprAtom (/home/ubuntu/6b_podcasts_hub/node_modules/.pnpm/@babel+parser@7.28.4/node_modules/@babel/parser/src/parser/expression.ts:1162:21)
[2026-06-16T01:31:33.977Z] at parseExprAtom (/home/ubuntu/6b_podcasts_hub/node_modules/.pnpm/@babel+parser@7.28.4/node_modules/@babel/parser/src/plugins/jsx/index.ts:583:22)
[2026-06-16T01:31:33.977Z] at parseExprSubscripts (/home/ubuntu/6b_podcasts_hub/node_modules/.pnpm/@babel+parser@7.28.4/node_modules/@babel/parser/src/parser/expression.ts:734:23)
[2026-06-16T01:31:33.977Z] at parseUpdate (/home/ubuntu/6b_podcasts_hub/node_modules/.pnpm/@babel+parser@7.28.4/node_modules/@babel/parser/src/parser/expression.ts:713:21)
[2026-06-16T01:31:33.978Z] at parseMaybeUnary (/home/ubuntu/6b_podcasts_hub/node_modules/.pnpm/@babel+parser@7.28.4/node_modules/@babel/parser/src/parser/expression.ts:675:23)
[2026-06-16T01:31:33.978Z] at parseMaybeUnary (/home/ubuntu/6b_podcasts_hub/node_modules/.pnpm/@babel+parser@7.28.4/node_modules/@babel/parser/src/plugins/typescript/index.ts:3855:20)
[2026-06-16T01:31:33.979Z] at parseMaybeUnaryOrPrivate (/home/ubuntu/6b_podcasts_hub/node_modules/.pnpm/@babel+parser@7.28.4/node_modules/@babel/parser/src/parser/expression.ts:409:14)
[2026-06-16T01:31:33.979Z] at parseExprOps (/home/ubuntu/6b_podcasts_hub/node_modules/.pnpm/@babel+parser@7.28.4/node_modules/@babel/parser/src/parser/expression.ts:421:23)
[2026-06-16T01:31:33.980Z] at parseMaybeConditional (/home/ubuntu/6b_podcasts_hub/node_modules/.pnpm/@babel+parser@7.28.4/node_modules/@babel/parser/src/parser/expression.ts:376:23)
[2026-06-16T01:31:33.980Z] at parseMaybeAssign (/home/ubuntu/6b_podcasts_hub/node_modules/.pnpm/@babel+parser@7.28.4/node_modules/@babel/parser/src/parser/expression.ts:301:21)
[2026-06-16T01:31:33.981Z] at parseMaybeAssign (/home/ubuntu/6b_podcasts_hub/node_modules/.pnpm/@babel+parser@7.28.4/node_modules/@babel/parser/src/plugins/typescript/index.ts:3727:22)
[2026-06-16T01:31:33.981Z] at parseExpressionBase (/home/ubuntu/6b_podcasts_hub/node_modules/.pnpm/@babel+parser@7.28.4/node_modules/@babel/parser/src/parser/expression.ts:226:23)
[2026-06-16T01:31:33.982Z] at callback (/home/ubuntu/6b_podcasts_hub/node_modules/.pnpm/@babel+parser@7.28.4/node_modules/@babel/parser/src/parser/expression.ts:217:39)
[2026-06-16T01:31:33.982Z] at allowInAnd (/home/ubuntu/6b_podcasts_hub/node_modules/.pnpm/@babel+parser@7.28.4/node_modules/@babel/parser/src/parser/expression.ts:3187:16)
[2026-06-16T01:31:33.983Z] at parseExpression (/home/ubuntu/6b_podcasts_hub/node_modules/.pnpm/@babel+parser@7.28.4/node_modules/@babel/parser/src/parser/expression.ts:217:17)
[2026-06-16T01:31:33.983Z] at parseReturnStatement (/home/ubuntu/6b_podcasts_hub/node_modules/.pnpm/@babel+parser@7.28.4/node_modules/@babel/parser/src/parser/statement.ts:1110:28)
[2026-06-16T01:31:33.983Z] at parseStatementContent (/home/ubuntu/6b_podcasts_hub/node_modules/.pnpm/@babel+parser@7.28.4/node_modules/@babel/parser/src/parser/statement.ts:538:21)
[2026-06-16T01:31:33.984Z] at parseStatementContent (/home/ubuntu/6b_podcasts_hub/node_modules/.pnpm/@babel+parser@7.28.4/node_modules/@babel/parser/src/plugins/typescript/index.ts:3185:20)
[2026-06-16T01:31:33.984Z] at parseStatementLike (/home/ubuntu/6b_podcasts_hub/node_modules/.pnpm/@babel+parser@7.28.4/node_modules/@babel/parser/src/parser/statement.ts:477:17)
[2026-06-16T01:31:33.985Z] at parseStatementListItem (/home/ubuntu/6b_podcasts_hub/node_modules/.pnpm/@babel+parser@7.28.4/node_modules/@babel/parser/src/parser/statement.ts:426:17)
[2026-06-16T01:31:33.985Z] at parseBlockOrModuleBlockBody (/home/ubuntu/6b_podcasts_hub/node_modules/.pnpm/@babel+parser@7.28.4/node_modules/@babel/parser/src/parser/statement.ts:1439:16)
[2026-06-16T01:31:33.986Z] at parseBlockBody (/home/ubuntu/6b_podcasts_hub/node_modules/.pnpm/@babel+parser@7.28.4/node_modules/@babel/parser/src/parser/statement.ts:1412:10)
[2026-06-16T01:31:33.986Z] at parseBlock (/home/ubuntu/6b_podcasts_hub/node_modules/.pnpm/@babel+parser@7.28.4/node_modules/@babel/parser/src/parser/statement.ts:1380:10)
[2026-06-16T01:31:33.986Z] at parseFunctionBody (/home/ubuntu/6b_podcasts_hub/node_modules/.pnpm/@babel+parser@7.28.4/node_modules/@babel/parser/src/parser/expression.ts:2616:24)
[2026-06-16T01:31:33.987Z] at parseFunctionBodyAndFinish (/home/ubuntu/6b_podcasts_hub/node_modules/.pnpm/@babel+parser@7.28.4/node_modules/@babel/parser/src/parser/expression.ts:2585:10)
[2026-06-16T01:31:33.987Z] at parseFunctionBodyAndFinish (/home/ubuntu/6b_podcasts_hub/node_modules/.pnpm/@babel+parser@7.28.4/node_modules/@babel/parser/src/plugins/typescript/index.ts:2646:20)
[2026-06-16T01:31:33.988Z] at callback (/home/ubuntu/6b_podcasts_hub/node_modules/.pnpm/@babel+parser@7.28.4/node_modules/@babel/parser/src/parser/statement.ts:1690:12)
[2026-06-16T01:31:33.988Z] at withSmartMixTopicForbiddingContext (/home/ubuntu/6b_podcasts_hub/node_modules/.pnpm/@babel+parser@7.28.4/node_modules/@babel/parser/src/parser/expression.ts:3166:14)
[2026-06-16T01:31:35.426Z] 9:31:35 PM [vite] Internal server error: /home/ubuntu/6b_podcasts_hub/client/src/pages/mystic/MysticHome.tsx: Expected corresponding JSX closing tag for <section>. (584:10)
[2026-06-16T01:31:35.427Z] 
[2026-06-16T01:31:35.428Z] 582 |           </div>
[2026-06-16T01:31:35.428Z] 583 |         </div>
[2026-06-16T01:31:35.428Z] > 584 |           </div>
[2026-06-16T01:31:35.429Z] |           ^
[2026-06-16T01:31:35.429Z] 585 |         </div>
[2026-06-16T01:31:35.430Z] 586 |       </section>
[2026-06-16T01:31:35.430Z] 587 |
[2026-06-16T01:31:35.431Z] Plugin: vite:react-babel
[2026-06-16T01:31:35.431Z] File: /home/ubuntu/6b_podcasts_hub/client/src/pages/mystic/MysticHome.tsx:584:10
[2026-06-16T01:31:35.431Z] 582 |            </div>
[2026-06-16T01:31:35.432Z] 583 |          </div>
[2026-06-16T01:31:35.432Z] 584 |            </div>
[2026-06-16T01:31:35.432Z] |            ^
[2026-06-16T01:31:35.432Z] 585 |          </div>
[2026-06-16T01:31:35.433Z] 586 |        </section>
[2026-06-16T01:31:35.433Z] at toParseError (/home/ubuntu/6b_podcasts_hub/node_modules/.pnpm/@babel+parser@7.28.4/node_modules/@babel/parser/src/parse-error.ts:95:45)
[2026-06-16T01:31:35.433Z] at raise (/home/ubuntu/6b_podcasts_hub/node_modules/.pnpm/@babel+parser@7.28.4/node_modules/@babel/parser/src/tokenizer/index.ts:1503:19)
[2026-06-16T01:31:35.434Z] at jsxParseElementAt (/home/ubuntu/6b_podcasts_hub/node_modules/.pnpm/@babel+parser@7.28.4/node_modules/@babel/parser/src/plugins/jsx/index.ts:527:18)
[2026-06-16T01:31:35.434Z] at jsxParseElementAt (/home/ubuntu/6b_podcasts_hub/node_modules/.pnpm/@babel+parser@7.28.4/node_modules/@babel/parser/src/plugins/jsx/index.ts:483:34)
[2026-06-16T01:31:35.435Z] at jsxParseElement (/home/ubuntu/6b_podcasts_hub/node_modules/.pnpm/@babel+parser@7.28.4/node_modules/@babel/parser/src/plugins/jsx/index.ts:559:19)
[2026-06-16T01:31:35.435Z] at parseExprAtom (/home/ubuntu/6b_podcasts_hub/node_modules/.pnpm/@babel+parser@7.28.4/node_modules/@babel/parser/src/plugins/jsx/index.ts:573:21)
[2026-06-16T01:31:35.436Z] at parseExprSubscripts (/home/ubuntu/6b_podcasts_hub/node_modules/.pnpm/@babel+parser@7.28.4/node_modules/@babel/parser/src/parser/expression.ts:734:23)
[2026-06-16T01:31:35.436Z] at parseUpdate (/home/ubuntu/6b_podcasts_hub/node_modules/.pnpm/@babel+parser@7.28.4/node_modules/@babel/parser/src/parser/expression.ts:713:21)
[2026-06-16T01:31:35.437Z] at parseMaybeUnary (/home/ubuntu/6b_podcasts_hub/node_modules/.pnpm/@babel+parser@7.28.4/node_modules/@babel/parser/src/parser/expression.ts:675:23)
[2026-06-16T01:31:35.437Z] at parseMaybeUnary (/home/ubuntu/6b_podcasts_hub/node_modules/.pnpm/@babel+parser@7.28.4/node_modules/@babel/parser/src/plugins/typescript/index.ts:3855:20)
[2026-06-16T01:31:35.437Z] at parseMaybeUnaryOrPrivate (/home/ubuntu/6b_podcasts_hub/node_modules/.pnpm/@babel+parser@7.28.4/node_modules/@babel/parser/src/parser/expression.ts:409:14)
[2026-06-16T01:31:35.438Z] at parseExprOps (/home/ubuntu/6b_podcasts_hub/node_modules/.pnpm/@babel+parser@7.28.4/node_modules/@babel/parser/src/parser/expression.ts:421:23)
[2026-06-16T01:31:35.438Z] at parseMaybeConditional (/home/ubuntu/6b_podcasts_hub/node_modules/.pnpm/@babel+parser@7.28.4/node_modules/@babel/parser/src/parser/expression.ts:376:23)
[2026-06-16T01:31:35.439Z] at parseMaybeAssign (/home/ubuntu/6b_podcasts_hub/node_modules/.pnpm/@babel+parser@7.28.4/node_modules/@babel/parser/src/parser/expression.ts:301:21)
[2026-06-16T01:31:35.439Z] at fn (/home/ubuntu/6b_podcasts_hub/node_modules/.pnpm/@babel+parser@7.28.4/node_modules/@babel/parser/src/plugins/typescript/index.ts:3708:23)
[2026-06-16T01:31:35.440Z] at tryParse (/home/ubuntu/6b_podcasts_hub/node_modules/.pnpm/@babel+parser@7.28.4/node_modules/@babel/parser/src/parser/util.ts:174:20)
[2026-06-16T01:31:35.440Z] at parseMaybeAssign (/home/ubuntu/6b_podcasts_hub/node_modules/.pnpm/@babel+parser@7.28.4/node_modules/@babel/parser/src/plugins/typescript/index.ts:3707:20)
[2026-06-16T01:31:35.440Z] at callback (/home/ubuntu/6b_podcasts_hub/node_modules/.pnpm/@babel+parser@7.28.4/node_modules/@babel/parser/src/parser/expression.ts:257:12)
[2026-06-16T01:31:35.441Z] at allowInAnd (/home/ubuntu/6b_podcasts_hub/node_modules/.pnpm/@babel+parser@7.28.4/node_modules/@babel/parser/src/parser/expression.ts:3192:12)
[2026-06-16T01:31:35.441Z] at parseMaybeAssignAllowIn (/home/ubuntu/6b_podcasts_hub/node_modules/.pnpm/@babel+parser@7.28.4/node_modules/@babel/parser/src/parser/expression.ts:256:17)
[2026-06-16T01:31:35.442Z] at parseMaybeAssignAllowInOrVoidPattern (/home/ubuntu/6b_podcasts_hub/node_modules/.pnpm/@babel+parser@7.28.4/node_modules/@babel/parser/src/parser/expression.ts:3306:17)
[2026-06-16T01:31:35.442Z] at parseParenAndDistinguishExpression (/home/ubuntu/6b_podcasts_hub/node_modules/.pnpm/@babel+parser@7.28.4/node_modules/@babel/parser/src/parser/expression.ts:1813:16)
[2026-06-16T01:31:35.442Z] at parseExprAtom (/home/ubuntu/6b_podcasts_hub/node_modules/.pnpm/@babel+parser@7.28.4/node_modules/@babel/parser/src/parser/expression.ts:1162:21)
[2026-06-16T01:31:35.443Z] at parseExprAtom (/home/ubuntu/6b_podcasts_hub/node_modules/.pnpm/@babel+parser@7.28.4/node_modules/@babel/parser/src/plugins/jsx/index.ts:583:22)
[2026-06-16T01:31:35.443Z] at parseExprSubscripts (/home/ubuntu/6b_podcasts_hub/node_modules/.pnpm/@babel+parser@7.28.4/node_modules/@babel/parser/src/parser/expression.ts:734:23)
[2026-06-16T01:31:35.443Z] at parseUpdate (/home/ubuntu/6b_podcasts_hub/node_modules/.pnpm/@babel+parser@7.28.4/node_modules/@babel/parser/src/parser/expression.ts:713:21)
[2026-06-16T01:31:35.444Z] at parseMaybeUnary (/home/ubuntu/6b_podcasts_hub/node_modules/.pnpm/@babel+parser@7.28.4/node_modules/@babel/parser/src/parser/expression.ts:675:23)
[2026-06-16T01:31:35.444Z] at parseMaybeUnary (/home/ubuntu/6b_podcasts_hub/node_modules/.pnpm/@babel+parser@7.28.4/node_modules/@babel/parser/src/plugins/typescript/index.ts:3855:20)
[2026-06-16T01:31:35.444Z] at parseMaybeUnaryOrPrivate (/home/ubuntu/6b_podcasts_hub/node_modules/.pnpm/@babel+parser@7.28.4/node_modules/@babel/parser/src/parser/expression.ts:409:14)
[2026-06-16T01:31:35.445Z] at parseExprOps (/home/ubuntu/6b_podcasts_hub/node_modules/.pnpm/@babel+parser@7.28.4/node_modules/@babel/parser/src/parser/expression.ts:421:23)
[2026-06-16T01:31:35.445Z] at parseMaybeConditional (/home/ubuntu/6b_podcasts_hub/node_modules/.pnpm/@babel+parser@7.28.4/node_modules/@babel/parser/src/parser/expression.ts:376:23)
[2026-06-16T01:31:35.445Z] at parseMaybeAssign (/home/ubuntu/6b_podcasts_hub/node_modules/.pnpm/@babel+parser@7.28.4/node_modules/@babel/parser/src/parser/expression.ts:301:21)
[2026-06-16T01:31:35.446Z] at parseMaybeAssign (/home/ubuntu/6b_podcasts_hub/node_modules/.pnpm/@babel+parser@7.28.4/node_modules/@babel/parser/src/plugins/typescript/index.ts:3727:22)
[2026-06-16T01:31:35.446Z] at parseExpressionBase (/home/ubuntu/6b_podcasts_hub/node_modules/.pnpm/@babel+parser@7.28.4/node_modules/@babel/parser/src/parser/expression.ts:226:23)
[2026-06-16T01:31:35.446Z] at callback (/home/ubuntu/6b_podcasts_hub/node_modules/.pnpm/@babel+parser@7.28.4/node_modules/@babel/parser/src/parser/expression.ts:217:39)
[2026-06-16T01:31:35.447Z] at allowInAnd (/home/ubuntu/6b_podcasts_hub/node_modules/.pnpm/@babel+parser@7.28.4/node_modules/@babel/parser/src/parser/expression.ts:3187:16)
[2026-06-16T01:31:35.447Z] at parseExpression (/home/ubuntu/6b_podcasts_hub/node_modules/.pnpm/@babel+parser@7.28.4/node_modules/@babel/parser/src/parser/expression.ts:217:17)
[2026-06-16T01:31:35.447Z] at parseReturnStatement (/home/ubuntu/6b_podcasts_hub/node_modules/.pnpm/@babel+parser@7.28.4/node_modules/@babel/parser/src/parser/statement.ts:1110:28)
[2026-06-16T01:31:35.448Z] at parseStatementContent (/home/ubuntu/6b_podcasts_hub/node_modules/.pnpm/@babel+parser@7.28.4/node_modules/@babel/parser/src/parser/statement.ts:538:21)
[2026-06-16T01:31:35.448Z] at parseStatementContent (/home/ubuntu/6b_podcasts_hub/node_modules/.pnpm/@babel+parser@7.28.4/node_modules/@babel/parser/src/plugins/typescript/index.ts:3185:20)
[2026-06-16T01:31:35.448Z] at parseStatementLike (/home/ubuntu/6b_podcasts_hub/node_modules/.pnpm/@babel+parser@7.28.4/node_modules/@babel/parser/src/parser/statement.ts:477:17)
[2026-06-16T01:31:35.449Z] at parseStatementListItem (/home/ubuntu/6b_podcasts_hub/node_modules/.pnpm/@babel+parser@7.28.4/node_modules/@babel/parser/src/parser/statement.ts:426:17)
[2026-06-16T01:31:35.449Z] at parseBlockOrModuleBlockBody (/home/ubuntu/6b_podcasts_hub/node_modules/.pnpm/@babel+parser@7.28.4/node_modules/@babel/parser/src/parser/statement.ts:1439:16)
[2026-06-16T01:31:35.449Z] at parseBlockBody (/home/ubuntu/6b_podcasts_hub/node_modules/.pnpm/@babel+parser@7.28.4/node_modules/@babel/parser/src/parser/statement.ts:1412:10)
[2026-06-16T01:31:35.450Z] at parseBlock (/home/ubuntu/6b_podcasts_hub/node_modules/.pnpm/@babel+parser@7.28.4/node_modules/@babel/parser/src/parser/statement.ts:1380:10)
[2026-06-16T01:31:35.450Z] at parseFunctionBody (/home/ubuntu/6b_podcasts_hub/node_modules/.pnpm/@babel+parser@7.28.4/node_modules/@babel/parser/src/parser/expression.ts:2616:24)
[2026-06-16T01:31:35.451Z] at parseFunctionBodyAndFinish (/home/ubuntu/6b_podcasts_hub/node_modules/.pnpm/@babel+parser@7.28.4/node_modules/@babel/parser/src/parser/expression.ts:2585:10)
[2026-06-16T01:31:35.451Z] at parseFunctionBodyAndFinish (/home/ubuntu/6b_podcasts_hub/node_modules/.pnpm/@babel+parser@7.28.4/node_modules/@babel/parser/src/plugins/typescript/index.ts:2646:20)
[2026-06-16T01:31:35.451Z] at callback (/home/ubuntu/6b_podcasts_hub/node_modules/.pnpm/@babel+parser@7.28.4/node_modules/@babel/parser/src/parser/statement.ts:1690:12)
[2026-06-16T01:31:35.452Z] at withSmartMixTopicForbiddingContext (/home/ubuntu/6b_podcasts_hub/node_modules/.pnpm/@babel+parser@7.28.4/node_modules/@babel/parser/src/parser/expression.ts:3166:14)
[2026-06-16T01:31:47.724Z] 9:31:47 PM [vite] (client) hmr update /src/pages/mystic/MysticHome.tsx, /src/index.css
[2026-06-16T01:32:28.633Z] 9:32:28 PM [vite] (client) hmr update /src/pages/mystic/MysticHome.tsx, /src/index.css
[2026-06-16T01:32:45.354Z] 9:32:45 PM [vite] (client) hmr update /src/pages/Partnership.tsx, /src/index.css
[2026-06-16T01:33:07.346Z] Dev server process group stopped
[2026-06-16T01:33:07.349Z] ELIFECYCLE  Command failed.
[2026-06-16T01:33:07.395Z] Dev server exited with code -15
[2026-06-16T01:33:10.404Z] Starting dev server with command: pnpm run dev
[2026-06-16T01:33:11.281Z] 
[2026-06-16T01:33:11.283Z] > 6b_podcasts_hub@1.0.0 dev /home/ubuntu/6b_podcasts_hub
[2026-06-16T01:33:11.283Z] > NODE_ENV=development tsx watch server/_core/index.ts
[2026-06-16T01:33:11.284Z] 
[2026-06-16T01:33:13.223Z] [OAuth] Initialized with baseURL: https://api.manus.im
[2026-06-16T01:33:13.600Z] Server running on http://localhost:3000/
[2026-06-16T01:33:14.872Z] [baseline-browser-mapping] The data in this module is over two months old.  To ensure accurate Baseline data, please update: `npm i baseline-browser-mapping@latest -D`
[2026-06-16T02:02:00.083Z] 10:02:00 PM [vite] (client) hmr update /src/pages/Home.tsx, /src/index.css
[2026-06-16T02:03:04.633Z] 10:03:04 PM [vite] (client) hmr update /src/pages/mystic/MysticHome.tsx, /src/index.css
[2026-06-16T02:06:28.618Z] 10:06:28 PM [vite] (client) hmr update /src/pages/mystic/MysticHome.tsx, /src/index.css
[2026-06-16T02:28:48.279Z] 10:28:48 PM [vite] (client) hmr update /src/index.css
[2026-06-16T02:28:57.117Z] 10:28:57 PM [vite] (client) page reload index.html
[2026-06-16T02:35:03.512Z] 10:35:03 PM [vite] (client) hmr update /src/pages/Home.tsx, /src/index.css
[2026-06-16T06:29:55.469Z] 2:29:55 AM [vite] (client) page reload index.html
[2026-07-09T00:33:52.857Z] 8:33:52 PM [vite] (client) page reload index.html
[2026-07-09T00:34:44.997Z] 8:34:44 PM [vite] (client) hmr update /src/App.tsx, /src/index.css
[2026-07-09T00:35:14.589Z] 8:35:14 PM [tsx] change in ./server/_core/index.ts Restarting...
[2026-07-09T00:35:16.313Z] c[OAuth] Initialized with baseURL: https://api.manus.im
[2026-07-09T00:35:16.600Z] Server running on http://localhost:3000/
[2026-07-09T00:35:36.542Z] 8:35:36 PM [tsx] change in ./server/_core/index.ts Restarting...
[2026-07-09T00:35:38.175Z] c[OAuth] Initialized with baseURL: https://api.manus.im
[2026-07-09T00:35:38.503Z] Server running on http://localhost:3000/
[2026-07-09T00:38:21.845Z] 8:38:21 PM [vite] (client) page reload index.html
[2026-07-09T00:42:56.578Z] [baseline-browser-mapping] The data in this module is over two months old.  To ensure accurate Baseline data, please update: `npm i baseline-browser-mapping@latest -D`
[2026-07-09T09:15:23.131Z] [Auth] Missing session cookie
[2026-07-11T06:37:24.340Z] 2:37:24 AM [vite] (client) hmr update /src/index.css
[2026-07-11T06:38:23.769Z] 2:38:23 AM [vite] (client) page reload index.html
[2026-07-11T06:40:42.338Z] 2:40:42 AM [vite] (client) hmr update /src/pages/Home.tsx, /src/index.css
[2026-07-11T06:48:57.016Z] 2:48:57 AM [vite] (client) hmr update /src/components/Navbar.tsx, /src/index.css
[2026-07-11T06:49:18.087Z] 2:49:18 AM [vite] (client) hmr update /src/components/Footer.tsx, /src/index.css
[2026-07-11T06:50:11.163Z] 2:50:11 AM [vite] (client) hmr update /src/pages/Portal.tsx, /src/index.css
[2026-07-11T06:51:07.789Z] 2:51:07 AM [vite] (client) hmr update /src/index.css
[2026-07-11T06:51:07.794Z] 2:51:07 AM [vite] (client) hmr update /src/index.css
[2026-07-11T06:51:07.794Z] 2:51:07 AM [vite] (client) hmr update /src/index.css
[2026-07-11T06:51:07.797Z] 2:51:07 AM [vite] (client) hmr update /src/index.css
[2026-07-11T06:51:07.797Z] 2:51:07 AM [vite] (client) hmr update /src/index.css
[2026-07-11T06:51:07.799Z] 2:51:07 AM [vite] (client) hmr update /src/index.css
[2026-07-11T06:51:07.802Z] 2:51:07 AM [vite] (client) hmr update /src/index.css
[2026-07-11T06:51:07.805Z] 2:51:07 AM [vite] (client) hmr update /src/index.css
[2026-07-11T06:51:07.808Z] 2:51:07 AM [vite] (client) hmr update /src/index.css
[2026-07-11T06:51:07.810Z] 2:51:07 AM [vite] (client) hmr update /src/index.css
[2026-07-11T06:51:07.812Z] 2:51:07 AM [vite] (client) hmr update /src/index.css
[2026-07-11T06:51:07.813Z] 2:51:07 AM [vite] (client) hmr update /src/index.css
[2026-07-11T06:51:07.817Z] 2:51:07 AM [vite] (client) hmr update /src/index.css
[2026-07-11T06:51:07.822Z] 2:51:07 AM [vite] (client) hmr update /src/index.css
[2026-07-11T06:51:07.823Z] 2:51:07 AM [vite] (client) hmr update /src/index.css
[2026-07-11T06:51:07.826Z] 2:51:07 AM [vite] (client) hmr update /src/index.css
[2026-07-11T06:51:07.827Z] 2:51:07 AM [vite] (client) hmr update /src/index.css
[2026-07-11T06:51:07.831Z] 2:51:07 AM [vite] (client) hmr update /src/index.css
[2026-07-11T06:51:07.832Z] 2:51:07 AM [vite] (client) hmr update /src/index.css
[2026-07-11T06:51:07.834Z] 2:51:07 AM [vite] (client) hmr update /src/index.css
[2026-07-11T06:51:07.835Z] 2:51:07 AM [vite] (client) hmr update /src/index.css
[2026-07-11T06:51:07.835Z] 2:51:07 AM [vite] (client) hmr update /src/index.css
[2026-07-11T06:51:07.836Z] 2:51:07 AM [vite] (client) hmr update /src/index.css
[2026-07-11T06:51:07.838Z] 2:51:07 AM [vite] (client) hmr update /src/index.css
[2026-07-11T06:51:07.840Z] 2:51:07 AM [vite] (client) hmr update /src/index.css
[2026-07-11T06:51:07.840Z] 2:51:07 AM [vite] (client) hmr update /src/index.css
[2026-07-11T06:51:07.842Z] 2:51:07 AM [vite] (client) hmr update /src/index.css
[2026-07-11T06:51:07.842Z] 2:51:07 AM [vite] (client) hmr update /src/index.css
[2026-07-11T06:51:07.844Z] 2:51:07 AM [vite] (client) hmr update /src/index.css
[2026-07-11T06:51:07.846Z] 2:51:07 AM [vite] (client) hmr update /src/index.css
[2026-07-11T06:51:07.847Z] 2:51:07 AM [vite] (client) hmr update /src/index.css
[2026-07-11T06:51:07.847Z] 2:51:07 AM [vite] (client) hmr update /src/index.css
[2026-07-11T06:51:45.957Z] 2:51:45 AM [vite] (client) hmr update /src/index.css
[2026-07-11T06:51:45.960Z] 2:51:45 AM [vite] (client) hmr update /src/index.css
[2026-07-11T06:51:45.960Z] 2:51:45 AM [vite] (client) hmr update /src/index.css
[2026-07-11T06:51:45.961Z] 2:51:45 AM [vite] (client) hmr update /src/index.css
[2026-07-11T06:51:45.961Z] 2:51:45 AM [vite] (client) hmr update /src/index.css
[2026-07-11T06:51:45.961Z] 2:51:45 AM [vite] (client) hmr update /src/index.css
[2026-07-11T06:51:45.962Z] 2:51:45 AM [vite] (client) hmr update /src/index.css
[2026-07-11T06:51:45.962Z] 2:51:45 AM [vite] (client) hmr update /src/index.css
[2026-07-11T06:51:45.964Z] 2:51:45 AM [vite] (client) hmr update /src/index.css
[2026-07-11T06:51:45.965Z] 2:51:45 AM [vite] (client) hmr update /src/index.css
[2026-07-11T06:51:45.966Z] 2:51:45 AM [vite] (client) hmr update /src/index.css
[2026-07-11T06:51:45.966Z] 2:51:45 AM [vite] (client) hmr update /src/index.css
[2026-07-11T06:51:45.967Z] 2:51:45 AM [vite] (client) hmr update /src/index.css
[2026-07-11T06:51:45.967Z] 2:51:45 AM [vite] (client) hmr update /src/index.css
[2026-07-11T06:51:45.968Z] 2:51:45 AM [vite] (client) hmr update /src/index.css
[2026-07-11T06:51:45.970Z] 2:51:45 AM [vite] (client) hmr update /src/index.css
[2026-07-11T06:51:45.970Z] 2:51:45 AM [vite] (client) hmr update /src/index.css
[2026-07-11T06:51:45.971Z] 2:51:45 AM [vite] (client) hmr update /src/index.css
[2026-07-11T06:51:45.971Z] 2:51:45 AM [vite] (client) hmr update /src/index.css
[2026-07-11T06:51:45.971Z] 2:51:45 AM [vite] (client) hmr update /src/index.css
[2026-07-11T06:51:45.972Z] 2:51:45 AM [vite] (client) hmr update /src/index.css
[2026-07-11T06:51:45.972Z] 2:51:45 AM [vite] (client) hmr update /src/index.css
[2026-07-11T06:51:45.972Z] 2:51:45 AM [vite] (client) hmr update /src/index.css
[2026-07-11T06:51:45.973Z] 2:51:45 AM [vite] (client) hmr update /src/index.css
[2026-07-11T06:51:45.974Z] 2:51:45 AM [vite] (client) hmr update /src/index.css
[2026-07-11T06:51:45.974Z] 2:51:45 AM [vite] (client) hmr update /src/index.css
[2026-07-11T06:51:45.974Z] 2:51:45 AM [vite] (client) hmr update /src/index.css
[2026-07-11T06:51:45.977Z] 2:51:45 AM [vite] (client) hmr update /src/index.css
[2026-07-11T06:51:45.978Z] 2:51:45 AM [vite] (client) hmr update /src/index.css
[2026-07-11T06:51:45.978Z] 2:51:45 AM [vite] (client) hmr update /src/index.css
[2026-07-11T06:51:45.979Z] 2:51:45 AM [vite] (client) hmr update /src/index.css
[2026-07-11T06:51:45.979Z] 2:51:45 AM [vite] (client) hmr update /src/index.css
[2026-07-11T06:52:13.861Z] 2:52:13 AM [vite] (client) hmr update /src/index.css
[2026-07-11T06:52:13.862Z] 2:52:13 AM [vite] (client) hmr update /src/index.css
[2026-07-11T06:52:13.863Z] 2:52:13 AM [vite] (client) hmr update /src/index.css
[2026-07-11T06:52:13.863Z] 2:52:13 AM [vite] (client) hmr update /src/index.css
[2026-07-11T06:52:13.864Z] 2:52:13 AM [vite] (client) hmr update /src/index.css
[2026-07-11T06:52:13.864Z] 2:52:13 AM [vite] (client) hmr update /src/index.css
[2026-07-11T06:52:13.864Z] 2:52:13 AM [vite] (client) hmr update /src/index.css
[2026-07-11T06:52:13.865Z] 2:52:13 AM [vite] (client) hmr update /src/index.css
[2026-07-11T06:52:13.865Z] 2:52:13 AM [vite] (client) hmr update /src/index.css
[2026-07-11T06:52:13.865Z] 2:52:13 AM [vite] (client) hmr update /src/index.css
[2026-07-11T06:52:13.865Z] 2:52:13 AM [vite] (client) hmr update /src/index.css
[2026-07-11T06:52:13.866Z] 2:52:13 AM [vite] (client) hmr update /src/index.css
[2026-07-11T06:52:13.866Z] 2:52:13 AM [vite] (client) hmr update /src/index.css
[2026-07-11T06:52:13.866Z] 2:52:13 AM [vite] (client) hmr update /src/index.css
[2026-07-11T06:52:13.867Z] 2:52:13 AM [vite] (client) hmr update /src/index.css
[2026-07-11T06:52:13.867Z] 2:52:13 AM [vite] (client) hmr update /src/index.css
[2026-07-11T06:52:13.867Z] 2:52:13 AM [vite] (client) hmr update /src/index.css
[2026-07-11T06:52:13.868Z] 2:52:13 AM [vite] (client) hmr update /src/index.css
[2026-07-11T06:52:13.868Z] 2:52:13 AM [vite] (client) hmr update /src/index.css
[2026-07-11T06:52:13.868Z] 2:52:13 AM [vite] (client) hmr update /src/index.css
[2026-07-11T06:52:13.869Z] 2:52:13 AM [vite] (client) hmr update /src/index.css
[2026-07-11T06:52:13.869Z] 2:52:13 AM [vite] (client) hmr update /src/index.css
[2026-07-11T06:52:13.869Z] 2:52:13 AM [vite] (client) hmr update /src/index.css
[2026-07-11T06:52:13.870Z] 2:52:13 AM [vite] (client) hmr update /src/index.css
[2026-07-11T06:52:13.870Z] 2:52:13 AM [vite] (client) hmr update /src/index.css
[2026-07-11T06:52:13.870Z] 2:52:13 AM [vite] (client) hmr update /src/index.css
[2026-07-11T06:52:13.870Z] 2:52:13 AM [vite] (client) hmr update /src/index.css
[2026-07-11T06:52:13.871Z] 2:52:13 AM [vite] (client) hmr update /src/index.css
[2026-07-11T06:52:13.871Z] 2:52:13 AM [vite] (client) hmr update /src/index.css
[2026-07-11T06:52:13.871Z] 2:52:13 AM [vite] (client) hmr update /src/index.css
[2026-07-11T06:52:13.872Z] 2:52:13 AM [vite] (client) hmr update /src/index.css
[2026-07-11T06:52:13.872Z] 2:52:13 AM [vite] (client) hmr update /src/index.css
[2026-07-11T06:52:13.873Z] 2:52:13 AM [vite] (client) hmr update /src/index.css
[2026-07-11T06:52:13.873Z] 2:52:13 AM [vite] (client) hmr update /src/index.css
[2026-07-11T06:52:13.873Z] 2:52:13 AM [vite] (client) hmr update /src/index.css
[2026-07-11T06:52:13.874Z] 2:52:13 AM [vite] (client) hmr update /src/index.css
[2026-07-11T06:52:13.874Z] 2:52:13 AM [vite] (client) hmr update /src/index.css
[2026-07-11T06:52:13.874Z] 2:52:13 AM [vite] (client) hmr update /src/index.css
[2026-07-11T06:52:13.874Z] 2:52:13 AM [vite] (client) hmr update /src/index.css
[2026-07-11T06:52:13.875Z] 2:52:13 AM [vite] (client) hmr update /src/index.css
[2026-07-11T06:52:13.875Z] 2:52:13 AM [vite] (client) hmr update /src/index.css
[2026-07-11T06:52:13.875Z] 2:52:13 AM [vite] (client) hmr update /src/index.css
[2026-07-11T06:52:13.876Z] 2:52:13 AM [vite] (client) hmr update /src/index.css
[2026-07-11T06:52:13.876Z] 2:52:13 AM [vite] (client) hmr update /src/index.css
[2026-07-11T06:52:13.876Z] 2:52:13 AM [vite] (client) hmr update /src/index.css
[2026-07-11T06:52:13.877Z] 2:52:13 AM [vite] (client) hmr update /src/index.css
[2026-07-11T06:52:13.877Z] 2:52:13 AM [vite] (client) hmr update /src/index.css
[2026-07-11T06:52:13.877Z] 2:52:13 AM [vite] (client) hmr update /src/index.css
[2026-07-11T07:02:53.917Z] 3:02:53 AM [vite] (client) hmr update /src/pages/Portal.tsx, /src/index.css
[2026-07-11T07:03:04.806Z] 3:03:04 AM [vite] (client) hmr update /src/pages/Portal.tsx, /src/index.css
[2026-07-11T07:03:23.218Z] 3:03:23 AM [vite] (client) hmr update /src/components/Navbar.tsx, /src/index.css
[2026-07-11T07:04:07.535Z] 3:04:07 AM [vite] (client) hmr update /src/pages/Home.tsx, /src/index.css
[2026-07-11T07:04:07.537Z] 3:04:07 AM [vite] (client) hmr update /src/pages/Portal.tsx, /src/index.css
[2026-07-11T11:06:15.920Z] 7:06:15 AM [vite] (client) hmr update /src/pages/Portal.tsx, /src/index.css
[2026-07-11T11:06:22.714Z] 7:06:22 AM [vite] (client) hmr update /src/pages/Portal.tsx, /src/index.css
[2026-07-11T11:07:03.422Z] 7:07:03 AM [vite] (client) hmr update /src/index.css
[2026-07-11T11:07:16.064Z] 7:07:16 AM [vite] (client) hmr update /src/components/Footer.tsx, /src/index.css
[2026-07-11T11:08:08.442Z] 7:08:08 AM [vite] (client) hmr update /src/index.css
[2026-07-11T11:08:22.710Z] 7:08:22 AM [vite] (client) hmr update /src/index.css
[2026-07-11T11:08:48.595Z] 7:08:48 AM [vite] (client) hmr update /src/index.css
[2026-07-11T11:08:54.114Z] 7:08:54 AM [vite] (client) hmr update /src/index.css
[2026-07-11T14:17:18.354Z] 10:17:18 AM [vite] (client) hmr update /src/pages/Home.tsx, /src/index.css
[2026-07-11T14:18:31.597Z] 10:18:31 AM [vite] (client) hmr update /src/index.css
[2026-07-11T14:18:44.938Z] 10:18:44 AM [vite] (client) hmr update /src/index.css
[2026-07-11T14:20:08.865Z] 10:20:08 AM [vite] (client) hmr update /src/index.css
[2026-07-11T14:20:52.691Z] 10:20:52 AM [vite] (client) hmr update /src/index.css
[2026-07-11T14:21:06.522Z] 10:21:06 AM [vite] (client) hmr update /src/index.css
[2026-07-11T14:22:42.781Z] 10:22:42 AM [vite] (client) hmr update /src/index.css
[2026-07-11T14:23:12.838Z] 10:23:12 AM [vite] (client) hmr update /src/index.css
[2026-07-11T14:24:03.563Z] 10:24:03 AM [vite] (client) hmr update /src/index.css
[2026-07-11T14:24:27.627Z] 10:24:27 AM [vite] (client) hmr update /src/index.css
[2026-07-11T14:25:14.731Z] 10:25:14 AM [vite] (client) hmr update /src/index.css
[2026-07-11T14:25:42.753Z] 10:25:42 AM [vite] (client) hmr update /src/index.css
[2026-07-11T14:35:25.029Z] 10:35:25 AM [vite] (client) hmr update /src/pages/Home.tsx, /src/index.css
[2026-07-11T14:35:37.433Z] 10:35:37 AM [vite] (client) hmr update /src/pages/Home.tsx, /src/index.css
[2026-07-11T14:35:56.964Z] 10:35:56 AM [vite] (client) hmr update /src/pages/Home.tsx, /src/index.css
[2026-07-13T03:15:36.108Z] 11:15:36 PM [vite] changed tsconfig file detected: /home/ubuntu/6b_podcasts_hub/tsconfig.json - Clearing cache and forcing full-reload to ensure TypeScript is compiled with updated config values.
[2026-07-13T03:15:36.173Z] 11:15:36 PM [vite] (client) page reload index.html
[2026-07-13T03:15:36.174Z] 11:15:36 PM [vite] (client) page reload public/.gitkeep
[2026-07-13T03:15:36.176Z] 11:15:36 PM [vite] (client) page reload public/__manus__/debug-collector.js
[2026-07-13T03:15:36.176Z] 11:15:36 PM [vite] (client) page reload public/google091b0365e885cee9.html
[2026-07-13T03:15:36.176Z] 11:15:36 PM [vite] (client) page reload public/robots.txt
[2026-07-13T03:15:36.177Z] 11:15:36 PM [vite] (client) page reload public/sw.js
[2026-07-13T03:15:36.177Z] 11:15:36 PM [vite] (client) page reload src/App.tsx
[2026-07-13T03:15:36.178Z] 11:15:36 PM [vite] (client) page reload src/_core/hooks/useAuth.ts
[2026-07-13T03:15:36.179Z] 11:15:36 PM [vite] (client) page reload src/components/AIChatBox.tsx
[2026-07-13T03:15:36.180Z] 11:15:36 PM [vite] (client) page reload src/components/AdSense.tsx
[2026-07-13T03:15:36.181Z] 11:15:36 PM [vite] (client) page reload src/components/ChatBot.tsx
[2026-07-13T03:15:36.181Z] 11:15:36 PM [vite] (client) page reload src/components/Comments.tsx
[2026-07-13T03:15:36.182Z] 11:15:36 PM [vite] (client) page reload src/components/DashboardLayout.tsx
[2026-07-13T03:15:36.183Z] 11:15:36 PM [vite] (client) page reload src/components/DashboardLayoutSkeleton.tsx
[2026-07-13T03:15:36.183Z] 11:15:36 PM [vite] (client) page reload src/components/ErrorBoundary.tsx
[2026-07-13T03:15:36.184Z] 11:15:36 PM [vite] (client) page reload src/components/Footer.tsx
[2026-07-13T03:15:36.184Z] 11:15:36 PM [vite] (client) page reload src/components/IgFeedEmbed.tsx
[2026-07-13T03:15:36.185Z] 11:15:36 PM [vite] (client) page reload src/components/ImageUploader.tsx
[2026-07-13T03:15:36.185Z] 11:15:36 PM [vite] (client) page reload src/components/JsonLd.tsx
[2026-07-13T03:15:36.186Z] 11:15:36 PM [vite] (client) page reload src/components/Lightbox.tsx
[2026-07-13T03:15:36.186Z] 11:15:36 PM [vite] (client) page reload src/components/ManusDialog.tsx
[2026-07-13T03:15:36.186Z] 11:15:36 PM [vite] (client) page reload src/components/Map.tsx
[2026-07-13T03:15:36.187Z] 11:15:36 PM [vite] (client) page reload src/components/MysticNavbar.tsx
[2026-07-13T03:15:36.187Z] 11:15:36 PM [vite] (client) page reload src/components/Navbar.tsx
[2026-07-13T03:15:36.187Z] 11:15:36 PM [vite] (client) page reload src/components/PushNotificationManager.tsx
[2026-07-13T03:15:36.188Z] 11:15:36 PM [vite] (client) page reload src/components/ReaderSubmissions.tsx
[2026-07-13T03:15:36.188Z] 11:15:36 PM [vite] (client) page reload src/components/ShareButtons.tsx
[2026-07-13T03:15:36.188Z] 11:15:36 PM [vite] (client) page reload src/components/SubscribeBox.tsx
[2026-07-13T03:15:36.189Z] 11:15:36 PM [vite] (client) page reload src/components/ui/accordion.tsx
[2026-07-13T03:15:36.189Z] 11:15:36 PM [vite] (client) page reload src/components/ui/alert-dialog.tsx
[2026-07-13T03:15:36.190Z] 11:15:36 PM [vite] (client) page reload src/components/ui/alert.tsx
[2026-07-13T03:15:36.190Z] 11:15:36 PM [vite] (client) page reload src/components/ui/aspect-ratio.tsx
[2026-07-13T03:15:36.191Z] 11:15:36 PM [vite] (client) page reload src/components/ui/avatar.tsx
[2026-07-13T03:15:36.191Z] 11:15:36 PM [vite] (client) page reload src/components/ui/badge.tsx
[2026-07-13T03:15:36.191Z] 11:15:36 PM [vite] (client) page reload src/components/ui/breadcrumb.tsx
[2026-07-13T03:15:36.192Z] 11:15:36 PM [vite] (client) page reload src/components/ui/button-group.tsx
[2026-07-13T03:15:36.192Z] 11:15:36 PM [vite] (client) page reload src/components/ui/button.tsx
[2026-07-13T03:15:36.192Z] 11:15:36 PM [vite] (client) page reload src/components/ui/calendar.tsx
[2026-07-13T03:15:36.193Z] 11:15:36 PM [vite] (client) page reload src/components/ui/card.tsx
[2026-07-13T03:15:36.193Z] 11:15:36 PM [vite] (client) page reload src/components/ui/carousel.tsx
[2026-07-13T03:15:36.194Z] 11:15:36 PM [vite] (client) page reload src/components/ui/chart.tsx
[2026-07-13T03:15:36.194Z] 11:15:36 PM [vite] (client) page reload src/components/ui/checkbox.tsx
[2026-07-13T03:15:36.194Z] 11:15:36 PM [vite] (client) page reload src/components/ui/collapsible.tsx
[2026-07-13T03:15:36.195Z] 11:15:36 PM [vite] (client) page reload src/components/ui/command.tsx
[2026-07-13T03:15:36.195Z] 11:15:36 PM [vite] (client) page reload src/components/ui/context-menu.tsx
[2026-07-13T03:15:36.195Z] 11:15:36 PM [vite] (client) page reload src/components/ui/dialog.tsx
[2026-07-13T03:15:36.195Z] 11:15:36 PM [vite] (client) page reload src/components/ui/drawer.tsx
[2026-07-13T03:15:36.196Z] 11:15:36 PM [vite] (client) page reload src/components/ui/dropdown-menu.tsx
[2026-07-13T03:15:36.196Z] 11:15:36 PM [vite] (client) page reload src/components/ui/empty.tsx
[2026-07-13T03:15:36.196Z] 11:15:36 PM [vite] (client) page reload src/components/ui/field.tsx
[2026-07-13T03:15:36.197Z] 11:15:36 PM [vite] (client) page reload src/components/ui/form.tsx
[2026-07-13T03:15:36.197Z] 11:15:36 PM [vite] (client) page reload src/components/ui/hover-card.tsx
[2026-07-13T03:15:36.198Z] 11:15:36 PM [vite] (client) page reload src/components/ui/input-group.tsx
[2026-07-13T03:15:36.198Z] 11:15:36 PM [vite] (client) page reload src/components/ui/input-otp.tsx
[2026-07-13T03:15:36.198Z] 11:15:36 PM [vite] (client) page reload src/components/ui/input.tsx
[2026-07-13T03:15:36.199Z] 11:15:36 PM [vite] (client) page reload src/components/ui/item.tsx
[2026-07-13T03:15:36.199Z] 11:15:36 PM [vite] (client) page reload src/components/ui/kbd.tsx
[2026-07-13T03:15:36.199Z] 11:15:36 PM [vite] (client) page reload src/components/ui/label.tsx
[2026-07-13T03:15:36.200Z] 11:15:36 PM [vite] (client) page reload src/components/ui/menubar.tsx
[2026-07-13T03:15:36.200Z] 11:15:36 PM [vite] (client) page reload src/components/ui/navigation-menu.tsx
[2026-07-13T03:15:36.200Z] 11:15:36 PM [vite] (client) page reload src/components/ui/pagination.tsx
[2026-07-13T03:15:36.200Z] 11:15:36 PM [vite] (client) page reload src/components/ui/popover.tsx
[2026-07-13T03:15:36.201Z] 11:15:36 PM [vite] (client) page reload src/components/ui/progress.tsx
[2026-07-13T03:15:36.201Z] 11:15:36 PM [vite] (client) page reload src/components/ui/radio-group.tsx
[2026-07-13T03:15:36.201Z] 11:15:36 PM [vite] (client) page reload src/components/ui/resizable.tsx
[2026-07-13T03:15:36.202Z] 11:15:36 PM [vite] (client) page reload src/components/ui/scroll-area.tsx
[2026-07-13T03:15:36.202Z] 11:15:36 PM [vite] (client) page reload src/components/ui/select.tsx
[2026-07-13T03:15:36.202Z] 11:15:36 PM [vite] (client) page reload src/components/ui/separator.tsx
[2026-07-13T03:15:36.203Z] 11:15:36 PM [vite] (client) page reload src/components/ui/sheet.tsx
[2026-07-13T03:15:36.203Z] 11:15:36 PM [vite] (client) page reload src/components/ui/sidebar.tsx
[2026-07-13T03:15:36.203Z] 11:15:36 PM [vite] (client) page reload src/components/ui/skeleton.tsx
[2026-07-13T03:15:36.204Z] 11:15:36 PM [vite] (client) page reload src/components/ui/slider.tsx
[2026-07-13T03:15:36.204Z] 11:15:36 PM [vite] (client) page reload src/components/ui/sonner.tsx
[2026-07-13T03:15:36.204Z] 11:15:36 PM [vite] (client) page reload src/components/ui/spinner.tsx
[2026-07-13T03:15:36.204Z] 11:15:36 PM [vite] (client) page reload src/components/ui/switch.tsx
[2026-07-13T03:15:36.205Z] 11:15:36 PM [vite] (client) page reload src/components/ui/table.tsx
[2026-07-13T03:15:36.205Z] 11:15:36 PM [vite] (client) page reload src/components/ui/tabs.tsx
[2026-07-13T03:15:36.205Z] 11:15:36 PM [vite] (client) page reload src/components/ui/textarea.tsx
[2026-07-13T03:15:36.206Z] 11:15:36 PM [vite] (client) page reload src/components/ui/toggle-group.tsx
[2026-07-13T03:15:36.206Z] 11:15:36 PM [vite] (client) page reload src/components/ui/toggle.tsx
[2026-07-13T03:15:36.206Z] 11:15:36 PM [vite] (client) page reload src/components/ui/tooltip.tsx
[2026-07-13T03:15:36.207Z] 11:15:36 PM [vite] (client) page reload src/const.ts
[2026-07-13T03:15:36.207Z] 11:15:36 PM [vite] (client) page reload src/contexts/ThemeContext.tsx
[2026-07-13T03:15:36.207Z] 11:15:36 PM [vite] (client) page reload src/data/mysticData.ts
[2026-07-13T03:15:36.208Z] 11:15:36 PM [vite] (client) page reload src/hooks/useComposition.ts
[2026-07-13T03:15:36.208Z] 11:15:36 PM [vite] (client) page reload src/hooks/useMobile.tsx
[2026-07-13T03:15:36.208Z] 11:15:36 PM [vite] (client) page reload src/hooks/usePersistFn.ts
[2026-07-13T03:15:36.209Z] 11:15:36 PM [vite] (client) page reload src/hooks/useSEO.ts
[2026-07-13T03:15:36.209Z] 11:15:36 PM [vite] (client) hmr update /src/index.css
[2026-07-13T03:15:36.209Z] 11:15:36 PM [vite] (client) page reload src/main.tsx
[2026-07-13T03:15:36.210Z] 11:15:36 PM [vite] (client) page reload src/lib/trpc.ts
[2026-07-13T03:15:36.210Z] 11:15:36 PM [vite] (client) page reload src/lib/utils.ts
[2026-07-13T03:15:36.210Z] 11:15:36 PM [vite] (client) page reload src/pages/About.tsx
[2026-07-13T03:15:36.211Z] 11:15:36 PM [vite] (client) page reload src/pages/Admin.tsx
[2026-07-13T03:15:36.211Z] 11:15:36 PM [vite] (client) page reload src/pages/Blog.tsx
[2026-07-13T03:15:36.211Z] 11:15:36 PM [vite] (client) page reload src/pages/BlogPost.tsx
[2026-07-13T03:15:36.212Z] 11:15:36 PM [vite] (client) page reload src/pages/BlogSubmit.tsx
[2026-07-13T03:15:36.212Z] 11:15:36 PM [vite] (client) page reload src/pages/Booking.tsx
[2026-07-13T03:15:36.212Z] 11:15:36 PM [vite] (client) page reload src/pages/ComponentShowcase.tsx
[2026-07-13T03:15:36.212Z] 11:15:36 PM [vite] (client) page reload src/pages/Contact.tsx
[2026-07-13T03:15:36.213Z] 11:15:36 PM [vite] (client) page reload src/pages/Episodes.tsx
[2026-07-13T03:15:36.213Z] 11:15:36 PM [vite] (client) page reload src/pages/Home.tsx
[2026-07-13T03:15:36.213Z] 11:15:36 PM [vite] (client) page reload src/pages/HostRecruitment.tsx
[2026-07-13T03:15:36.214Z] 11:15:36 PM [vite] (client) page reload src/pages/Investors.tsx
[2026-07-13T03:15:36.214Z] 11:15:36 PM [vite] (client) page reload src/pages/NotFound.tsx
[2026-07-13T03:15:36.214Z] 11:15:36 PM [vite] (client) page reload src/pages/Partnership.tsx
[2026-07-13T03:15:36.215Z] 11:15:36 PM [vite] (client) page reload src/pages/PodcastsPage.tsx
[2026-07-13T03:15:36.215Z] 11:15:36 PM [vite] (client) page reload src/pages/Portal.tsx
[2026-07-13T03:15:36.215Z] 11:15:36 PM [vite] (client) page reload src/pages/Services.tsx
[2026-07-13T03:15:36.215Z] 11:15:36 PM [vite] (client) page reload src/pages/Welcome.tsx
[2026-07-13T03:15:36.216Z] 11:15:36 PM [vite] (client) page reload src/pages/admin/HostApplicationsAdmin.tsx
[2026-07-13T03:15:36.216Z] 11:15:36 PM [vite] (client) page reload src/pages/mystic/MysticAnalysis.tsx
[2026-07-13T03:15:36.216Z] 11:15:36 PM [vite] (client) page reload src/pages/mystic/MysticArticles.tsx
[2026-07-13T03:15:36.217Z] 11:15:36 PM [vite] (client) page reload src/pages/mystic/MysticBazi.tsx
[2026-07-13T03:15:36.218Z] 11:15:36 PM [vite] (client) page reload src/pages/mystic/MysticFunnel.tsx
[2026-07-13T03:15:36.219Z] 11:15:36 PM [vite] (client) page reload src/pages/mystic/MysticHome.tsx
[2026-07-13T03:15:36.219Z] 11:15:36 PM [vite] (client) page reload src/pages/mystic/MysticMasterDetail.tsx
[2026-07-13T03:15:36.220Z] 11:15:36 PM [vite] (client) page reload src/pages/mystic/MysticMasters.tsx
[2026-07-13T03:15:36.221Z] 11:15:36 PM [vite] (client) page reload src/pages/mystic/MysticPricing.tsx
[2026-07-13T03:15:36.221Z] 11:15:36 PM [vite] (client) page reload src/pages/mystic/MysticServices.tsx
[2026-07-13T03:15:36.221Z] 11:15:36 PM [vite] (client) page reload src/pages/mystic/MysticVideos.tsx
[2026-07-13T03:15:36.222Z] 11:15:36 PM [vite] (client) page reload /home/ubuntu/6b_podcasts_hub/shared/const.ts
[2026-07-13T03:15:36.283Z] 11:15:36 PM [tsx] unlink in ./shared/const.ts Restarting...
[2026-07-13T03:15:36.624Z] c
[2026-07-13T03:15:36.625Z] node:internal/modules/run_main:122
[2026-07-13T03:15:36.625Z] triggerUncaughtException(
[2026-07-13T03:15:36.626Z] ^
[2026-07-13T03:15:36.626Z] Error [ERR_MODULE_NOT_FOUND]: Cannot find module '/home/ubuntu/6b_podcasts_hub/server/_core/index.ts' imported from /home/ubuntu/6b_podcasts_hub/
[2026-07-13T03:15:36.626Z] at finalizeResolution (node:internal/modules/esm/resolve:275:11)
[2026-07-13T03:15:36.627Z] at moduleResolve (node:internal/modules/esm/resolve:932:10)
[2026-07-13T03:15:36.627Z] at defaultResolve (node:internal/modules/esm/resolve:1056:11)
[2026-07-13T03:15:36.629Z] at nextResolve (node:internal/modules/esm/hooks:748:28)
[2026-07-13T03:15:36.629Z] at resolveBase (file:///home/ubuntu/6b_podcasts_hub/node_modules/.pnpm/tsx@4.20.6/node_modules/tsx/dist/esm/index.mjs?1783912536508:2:3744)
[2026-07-13T03:15:36.630Z] at async resolveDirectory (file:///home/ubuntu/6b_podcasts_hub/node_modules/.pnpm/tsx@4.20.6/node_modules/tsx/dist/esm/index.mjs?1783912536508:2:4237)
[2026-07-13T03:15:36.630Z] at async resolve (file:///home/ubuntu/6b_podcasts_hub/node_modules/.pnpm/tsx@4.20.6/node_modules/tsx/dist/esm/index.mjs?1783912536508:2:5355)
[2026-07-13T03:15:36.631Z] at async nextResolve (node:internal/modules/esm/hooks:748:22)
[2026-07-13T03:15:36.631Z] at async Hooks.resolve (node:internal/modules/esm/hooks:240:24)
[2026-07-13T03:15:36.632Z] at async handleMessage (node:internal/modules/esm/worker:199:18) {
[2026-07-13T03:15:36.632Z] code: 'ERR_MODULE_NOT_FOUND',
[2026-07-13T03:15:36.632Z] url: 'file:///home/ubuntu/6b_podcasts_hub/server/_core/index.ts'
[2026-07-13T03:15:36.633Z] }
[2026-07-13T03:15:36.633Z] 
[2026-07-13T03:15:36.634Z] Node.js v22.13.0
